0.0863688, 0.00857811, 0.0119507, -0.0131281, -0.0108788, -0.00514735, -0.0157555, -0.0187169, -0.0054823, -0.0107365, -0.0127926, -0.00993481, -0.012171, -0.010755, -0.00930163, -0.00898013, -0.00821454, -0.00880054, -0.00667505, -0.00591546, -0.00526966, -0.00391386, -0.00354807, -0.00358417, -0.00212647, 0.0849309
0.171259, -0.00829189, -0.000515284, 0.0058779, -0.0194608, -0.00721535, -0.0151595, -0.0138229, -0.0145363, -0.0125885, -0.0121966, -0.0140888, -0.014551, -0.012523, -0.0124636, -0.00985213, -0.00568654, -0.00663654, -0.00717305, -0.00500746, -0.00495166, -0.00509386, -0.00299607, -0.00298617, -0.00227847, 0.0329389
0.162049, 0.00434011, -0.0320353, -0.0207981, 0.00830515, -0.0125994, -0.00632746, -0.0109369, -0.0091843, -0.00148451, -0.00902661, -0.0107728, -0.00557502, -0.010893, -0.00859563, -0.00784213, -0.00615454, -0.00870054, -0.00602305, -0.00567346, -0.00318166, -0.00437586, -0.00265807, -0.00250017, -0.00355447, 0.0141989
0.140689, -0.0499619, 0.0289887, 0.0086759, -0.00900285, -0.00895135, 0.00522854, 0.00291512, -0.0084543, -0.00944451, -0.0131406, -0.00782681, -0.00976502, -0.00960702, -0.00966763, -0.00818813, -0.00700654, -0.00765454, -0.00719705, -0.00677546, -0.00483966, -0.00433186, -0.00531807, -0.00368817, -0.00240847, 0.00673287
0.129281, 0.0159301, -0.0235933, 0.0089539, -0.0203228, -0.00930335, -0.0165555, -0.00401688, 0.0031657, -0.00808451, -0.00463461, -0.00784281, -0.00467102, -0.00697902, -0.00679963, -0.00865613, -0.00676854, -0.00462854, -0.00520505, -0.00524146, -0.00379366, -0.00342586, -0.00304007, -0.00361817, -0.00247447, 0.00232487
0.0894828, 0.0435741, -0.0405573, 0.0196099, 0.00227315, 0.000740646, -0.0194895, -0.00554888, -0.0012583, -0.00877451, -0.00777861, -0.00897881, -0.00728902, -0.00476102, -0.00797963, -0.00571813, -0.00781454, -0.00764454, -0.00513905, -0.00429146, -0.00437366, -0.00323986, -0.00402607, -0.00199017, -0.00304647, 0.00401887
0.0617988, -0.0396939, 0.0574487, -0.0300541, 0.0344072, 0.00533465, -0.00505546, -0.00604088, -0.0068843, -0.0111345, -0.00213861, -0.00563481, -0.00627102, -0.00603502, -0.00507563, -0.00907013, -0.00412454, 0.000109458, -0.00269305, -0.00400546, -0.00354966, -0.00426386, -0.00330807, -0.00168817, -0.00220047, -0.000177128
0.0627408, 0.0380201, 0.00216872, -0.0093241, -0.0122508, -0.00145935, -0.00709146, -0.00881488, -0.0010783, 0.00488149, -0.00709461, -0.00757081, -0.000773016, -0.00802702, -0.00658963, -0.00564413, -0.00541054, -0.00414854, -0.00610505, -0.00304546, -0.00438366, -0.00346186, -0.00244407, -0.00361217, -0.000442474, 0.000960872
0.0184708, 0.0635681, -0.0228913, -0.0115361, -0.0142048, -0.000597354, 0.0277865, -0.00488288, 0.000103696, -0.0123225, 0.00279139, -0.00377081, 0.000576984, 0.000608984, -0.00761163, -7.21347e-05, -0.00607854, -0.00599054, -0.00616105, -0.00449946, -0.00365566, -0.00368986, -0.00335807, -0.00119017, -0.00245847, 0.00106487
0.0842188, -0.0498339, 0.0156567, -0.0157801, 0.00593315, -0.00339135, 0.0178145, -0.00483688, -0.0084263, -0.00682051, -0.00432461, 0.00934919, -0.00335302, -0.00310502, -0.00510563, -0.00296213, -0.00470454, -0.00504654, -0.00153705, -0.00262546, -0.00229166, -0.000991864, -0.00318607, -0.00299617, -0.00160047, -5.31284e-05
0.0443328, 0.0132821, -0.0241713, 0.0344479, 0.00421715, -0.00118135, -0.0182495, -0.00794488, -0.0034623, -0.00684251, 0.00519739, -0.00787281, -0.00980702, -0.00629702, 0.000690374, -0.00155013, 0.00195146, -0.00420054, -0.00221505, -0.000561457, -0.00361166, -0.00210986, -0.000884067, -0.00224817, -0.000890474, -1.91284e-05
0.0178568, 0.0489181, 0.0164087, -0.0166881, 0.00521915, -0.00611135, -0.0196295, -0.00519288, -0.0041623, 0.00234949, -0.000778609, -0.0125828, -0.00620102, -0.000515016, -0.00481363, 0.00450187, 0.000497458, -0.00401454, -0.00567305, 3.0543e-05, -5.66045e-06, -0.00201986, -0.00371607, -0.00276017, -0.00101847, 0.000100872
0.0515568, -0.00618389, -0.0388673, 0.0134499, -0.00218085, -0.0102934, 0.00157054, 0.0160531, -0.0108003, -0.00703851, 0.00248539, 0.00708119, -0.00910702, 0.00208498, 0.00583037, -0.00144013, -0.00139454, -0.00541054, 0.00351895, -0.00111346, -0.00400366, -0.00288186, 0.000259933, -0.00176417, -0.00172247, 0.000310872
0.0502128, 0.0277461, 0.0315207, -0.0277361, -0.00599085, -0.0145474, -0.0109495, 0.00214112, 0.000617696, -0.00591051, -0.00506661, -0.00127281, -0.00731302, -0.00302702, -0.0112576, -0.00204213, -0.00513054, -0.00521054, -0.00312305, 0.00217654, -0.00289766, 0.00323814, -0.00333407, -0.000686169, -0.00203247, -0.000125128
0.0199288, -0.0412079, 0.0289507, 0.0093119, 0.0187092, -0.00234135, 0.00712654, -0.0111229, -0.0073763, 0.0183815, -0.0118866, 0.00145319, -0.000861016, 0.00197698, -0.00198363, -0.00258213, -0.00543054, -0.00488654, -0.00252505, -0.00383346, -0.00166166, -0.000489864, -0.00263407, -0.00103017, -0.00210047, -0.00188513
-0.00553521, 0.0115441, 0.0204987, -0.0217181, -0.00130485, 0.0250446, -0.00853546, -0.00203888, -0.0069623, 0.00801749, 0.00866739, 0.00103119, -0.00394502, -0.00700502, -0.00297563, 0.00131587, -0.00164254, -0.00445054, -0.00172105, -0.00154546, 0.00034834, -0.000403864, -0.00344007, -0.00318217, -0.000948474, 0.000886872
0.0304488, -0.0306259, -0.0209893, 0.0296439, -0.0105848, 0.00568265, -0.00379746, 0.00594912, -0.0071703, -0.00625851, -0.00374661, 0.0100332, -0.00107102, 0.00579898, 0.00639637, 0.00431787, -0.00323054, -4.54153e-06, -0.00217105, -0.00435146, 0.00090034, -0.00280386, -0.000366067, -0.00159417, -0.000750474, 0.000344872
0.0474768, 0.0462821, -0.0328113, -0.0135841, -0.0100928, -0.00575335, 0.00604454, -0.00297488, 0.0136477, 0.00173149, -0.0122546, -0.00492481, -0.00472902, -0.00320102, -0.00186763, -0.00585013, -0.00275454, 0.00243746, -0.00703905, -0.000755457, -0.00380766, 0.00106414, -0.00325807, -0.00266017, -0.000500474, 0.000134872
0.00571279, -0.0117599, 0.00924272, -0.0037321, -0.0107668, 0.00667465, 0.000628544, 0.0155931, -0.0092263, 0.0167615, -0.00520461, -0.00451481, 0.011917, -0.00766502, -0.00222563, -0.00190213, -0.00420454, -0.00115254, 0.0101669, -0.00356346, -0.00272766, -0.00269186, -0.00136807, -0.00240017, -0.000336474, -0.00125513
0.0338348, -0.0368479, 0.0165707, 0.0144419, 0.00610515, -0.0181614, 0.00386254, 0.00032512, 0.0034697, -0.00359651, -0.00781661, -0.00661681, 0.000776984, 0.00181098, 0.000482374, 0.00144587, -0.00505254, -0.00373454, 0.00039095, 0.00133854, -0.00091966, 0.000212136, 0.00206593, -0.00394417, -0.000906474, 0.000462872
-0.00382321, -0.0555399, 0.0369147, 0.0074019, 0.000489155, 0.0228926, 0.0203325, -0.00614288, -0.0112603, -0.000818507, -0.00672661, -0.00532681, -0.00479502, 0.00331698, -0.00322763, 0.00170387, -0.00432254, 0.00116546, 0.00600895, -0.00108546, 0.00018434, -0.00227186, 0.00206193, 0.00210583, -0.000910474, 0.00167287
0.0308488, 0.00253811, -0.00814328, -0.0169001, 0.0179852, 0.00371265, -0.00652146, -0.0150269, -0.0077803, -0.000532507, 0.00285539, -0.00173881, -0.00128702, 0.00456298, 0.00263637, -0.00556613, 0.00568346, 0.00295946, -0.00383305, 0.00171654, -8.96604e-05, -0.00163586, -0.00188007, -0.00233417, -0.00196447, -0.000265128
0.00130479, -0.00344389, -0.0137093, 0.0234779, -0.0224228, 0.0317486, -0.00881946, 0.0154971, -0.0020963, -0.00545651, -0.000614609, 0.00150519, -0.00316702, -0.00811302, -0.00616763, 0.00495387, 0.00325146, -0.00444254, 0.00151295, -0.000953457, -0.00224766, 0.00139214, -0.00235207, 0.000943831, -0.00216847, 0.000586872
-0.00336721, 0.0265661, -0.0170053, 0.0054119, -0.00701885, -0.00183335, 0.0109745, -0.00429688, -0.0019683, -0.000988507, 0.000757391, -0.00226081, -0.00637302, 0.00675898, -0.00439363, -0.00141013, -0.00289654, 0.00167346, 0.00537695, 0.000560543, -0.00129966, 9.41361e-05, -0.00119407, 0.000253831, -0.00155647, -0.000565128
0.000474787, -0.0203659, 0.0340887, 0.0085219, 0.00816715, -0.0100134, 0.00420654, 0.00145712, 0.0064377, -0.00599051, 0.00587539, -0.00395481, 0.00621498, -0.00778502, -0.00453963, -0.00668013, 0.00203546, -0.00268254, -0.00110105, -0.00371546, -0.00389566, -0.000211864, -0.00212607, -0.00226017, -0.00288447, 0.000726872
0.0181788, 0.0265981, -0.0139713, 0.0022759, -0.00378485, -0.0176714, -0.0136835, 0.0241691, -0.0054363, -0.00988251, 0.00305739, 0.0117412, -0.00148102, -5.70157e-05, -0.00479763, -0.00125813, 0.000529458, -0.00141454, -0.00149505, -0.00357546, -0.00224366, -0.000695864, -0.000694067, -0.00262617, -0.000740474, -0.00104113
-0.0158612, 0.0283261, -0.00804928, 0.0095699, 0.00374115, 0.000250646, -0.00900546, -0.0114369, 0.0097937, -0.00501851, -0.00166061, 0.0225072, -0.000623016, -0.00837102, -0.00318563, -0.00302613, -0.00538254, 0.00239546, -0.00034505, -0.000181457, -0.00279566, 0.000480136, 0.000879933, -0.00147217, -0.00152047, -9.12843e-06
0.0107308, -0.0348099, 0.0260147, -0.0205361, 0.0325752, 0.0120606, -0.00587146, -0.00698088, 0.000917696, 0.00588749, 0.00432939, -0.00428081, -0.000239016, -0.00237902, -0.00598163, -0.000694135, 0.00236746, -0.000422542, -0.00285505, -0.000811457, -0.00126366, -0.00411586, -0.00107207, -0.00103217, -0.00124247, -0.000295128
-0.0167692, 0.0201361, -0.00134728, 0.0083319, -0.00261285, -0.00845535, 0.00571054, -0.00880488, 0.0127237, 0.00284749, -0.00206461, -0.000138812, 0.00436298, -0.00383902, -0.00145963, -0.00252013, -7.85415e-05, -0.000854542, 0.00138895, -0.00117346, -0.00236966, -0.00189786, 0.00371993, -0.00110417, -0.00324247, -0.000489128
0.0150548, -0.0111639, 0.0340407, -0.0127041, 0.00212515, -0.00880935, 0.00431254, -0.00362688, 0.0096077, 0.00372549, -0.00759061, -0.0122208, -0.00732102, 0.000484984, -0.000565626, -0.00522813, 0.00227546, -0.00382454, -0.00228705, 8.2543e-05, 0.00090634, -0.00234186, 0.00724793, 4.3831e-05, -0.00173047, -0.000493128
0.0429948, -0.0149559, -0.0236673, -0.000738099, -0.00210285, 0.0116946, -0.000339456, -0.0157969, -0.0084283, -0.00121651, 0.0237994, 0.00787719, -0.00608102, 0.00136498, 0.00221237, -0.00720413, -0.00402654, 0.00224346, -0.00142305, -0.00236946, -0.00209766, -0.00131186, -0.00175407, -0.00103617, 0.00114153, 0.00122087
0.0117208, -0.0137279, 0.0124927, -0.0156441, -0.00210685, -0.00835135, -0.00746546, 0.0211031, -0.0110023, 0.00465949, -0.000810609, 0.00484719, 0.00278498, 0.00220298, 0.000728374, -0.00202213, 0.000961458, -0.000108542, -0.00426305, -0.00162546, 0.00135034, -0.00349586, 0.00245793, 0.00192783, 0.00249953, 0.000886872
-0.0249672, 0.0288421, -0.0445153, 0.0334679, -0.00768685, 0.000232646, -0.00365746, 0.00189312, -0.000568304, -0.00762051, 0.00288739, -0.000734812, -0.000191016, 0.016181, -0.00119363, 0.00359987, -0.00141254, 0.00506546, -0.00089905, -0.000101457, 0.00157434, -0.00176386, 0.000733933, 0.000147831, 0.000985526, -0.000299128
0.0373448, -0.00432789, -0.00569128, -0.0295301, -0.0178748, -0.00179335, -0.00430946, 0.00929312, -0.0076783, -0.00236451, 0.00712739, -0.00714681, -0.00146302, 0.00280298, 0.00456837, 0.0144839, -0.000510542, 0.00315146, -0.00195305, 4.54299e-06, -0.00080966, 0.00414414, -0.00129207, 0.000599831, 0.00262753, 0.000596872
0.0163028, 0.0473361, -0.0413213, -0.0272501, 0.00420315, -0.00445535, 0.0133245, -0.00797888, -0.0125903, -0.00378651, -0.00491261, -0.00539881, 0.014247, -0.00248902, 0.0111584, 0.000101865, -0.00147054, 0.00371346, -0.00038305, 0.000636543, 0.00638434, -0.00186586, -0.000914067, 2.9831e-05, -0.00164047, -0.000981128
-0.00853921, -0.0107699, -0.000639284, -0.0146461, 0.0163072, -0.0107694, -0.00215746, 0.00815112, 0.0163497, 0.00227749, 0.00928939, 0.00608519, -0.00316702, -0.00812302, -0.00136763, -0.00512213, 0.000697458, -0.00157854, 0.00354295, 0.00269054, 0.00143234, -0.00237786, 0.00297993, 0.000985831, -0.00147847, -5.31284e-05
-0.0436152, -0.0195339, 0.0551007, -0.0055841, -0.0135928, 0.0273686, 0.00498454, 0.00135912, 0.0029857, 0.00318949, -0.00574661, 0.00351919, 0.000384984, -0.00645302, 0.000538374, 0.00180787, -0.000154542, -0.00365454, 0.00087295, -0.00175146, -0.00538566, 0.00285014, -0.00302007, 0.00279383, -0.000652474, 0.00138887
0.00803279, 0.00506411, 0.000934716, -0.0105081, 0.00467715, 0.00657665, -0.00758546, -0.0106509, -0.0096863, 0.00120749, -0.00111661, -0.0107388, 0.00598498, -0.000665016, -0.00386163, 0.00101187, 0.0140595, 0.000423458, -0.00228305, -0.00106146, 0.00348634, -0.000583864, 0.000967933, 0.00395383, 0.00239753, -3.71284e-05
-0.0302592, -0.00694589, 0.0505927, 0.000301901, 0.00972115, -0.00554535, -0.00150946, -0.0139289, -0.0060363, -0.00292851, -0.000314609, 0.00819319, -0.00283302, 0.000974984, 0.00486037, -0.00440413, 0.00412746, -0.00341654, -0.00116705, -0.00279746, 0.00286634, 3.01361e-05, 0.00124593, -0.000958169, -0.000344474, 0.000474872
-0.0171652, -0.0225279, 0.0227907, 0.0198859, 0.00866915, -0.00236135, 0.000794544, -0.00647288, -0.0050443, 0.00284349, -0.000942609, -0.00627481, 0.00133098, 0.00749898, -0.00727163, 0.000637865, -0.00257854, 0.00107346, 0.00758895, -0.00178746, 0.00088034, 0.00202414, -0.00295007, 0.000687831, -0.000550474, -0.000779128
0.0460628, -0.0477459, 0.00807272, -0.0070561, -0.0153308, -0.0144994, 0.00490854, 0.0144031, 0.0025397, 0.00301949, 0.00322339, -0.00201681, -0.00353702, -0.00739302, 0.00626237, -0.00540813, 0.00994546, 0.00250346, 0.00314495, -0.000513457, -0.00146366, -0.000245864, 0.000161933, 0.000389831, 0.000319526, 0.000252872
-0.00484921, 0.0184761, 0.00659872, -0.0050381, -0.00338485, -0.0170774, -0.00300346, 0.00532712, -0.0114943, 0.0138495, 0.00141939, -0.00822681, -0.00630102, 0.010563, -0.00133763, -0.00184613, 0.000273458, 0.000671458, -0.00144505, 0.00331854, 0.00443634, 0.00112614, 0.000251933, -0.000738169, -0.00130047, -0.000269128
-0.0225912, 0.0227501, -0.0111633, -0.0141781, 0.00505715, 0.0587226, -0.00515546, -0.00130088, -0.0070023, -0.00500051, -0.00710461, 3.51877e-05, 0.00271298, -0.00142502, -0.00273563, -0.00255813, -0.00181054, -0.00207454, -0.00026305, -0.00395746, -0.00265366, -0.000133864, 0.00165993, 9.5831e-05, 0.000935526, -0.000861128
0.0162568, -0.00943589, -0.00916728, 0.0203179, 0.0113892, -0.00703535, -0.00520146, -0.00428088, 0.0053417, 0.00918749, -0.00862861, 0.00646119, -0.00759902, -0.00300702, -0.00476563, -0.000172135, 0.00225146, -0.00537454, -0.00145505, -0.00291346, 0.00154834, 0.000780136, -0.000958067, -0.00312017, -0.00130047, 0.000880872
0.00639479, -0.0241439, -0.0100053, -0.0097041, -0.000866845, 0.0314366, 0.00380254, -0.00813088, -0.0049423, 0.000379493, -0.00467861, 0.00539319, 0.00778098, 0.00268498, -0.00151563, -0.00104813, 0.00420746, 0.00684546, -0.00183505, -0.00145946, 0.00181434, -0.000461864, -0.000822067, 3.9831e-05, -0.00106847, -9.71284e-05
-0.0162072, 0.0273441, -0.00327328, -0.0023741, 0.000745155, -0.00904935, -0.0138775, -0.00066688, 0.0089277, -0.000894507, 0.0136794, -0.00249881, -0.00818502, -0.00316902, 0.00424637, 0.00593587, -0.00174054, 0.00436946, -0.00407905, 0.00152254, -0.00086766, -0.000107864, -0.00238807, 0.00388583, -0.00187047, 0.000592872
-0.00780721, -0.0538799, 0.0222807, 0.0181939, 0.00213715, 0.00520265, 0.00343054, 0.00077112, -0.0128403, 0.000993493, 0.000507391, 0.00836119, 0.00373298, 0.00297098, 0.00487237, -0.00139613, 0.000819458, 0.000953458, -0.00084505, -0.00277746, 0.00327634, 0.00378214, -0.00230407, -6.6169e-05, -0.000242474, -0.000127128
-0.00710721, 0.00294011, -0.0165193, 0.0219159, 0.000103155, -0.00405135, -0.000369456, -0.00444288, -0.0110543, -0.00582051, 0.000381391, 0.0108672, -0.00365702, -0.00434102, 0.00320237, 0.00665587, 0.00369746, 0.00947946, 7.69499e-05, 0.00122054, 0.00091634, -0.000385864, -0.00101007, -0.00168417, -0.000376474, -0.000637128
0.0253848, -0.0141599, 0.00488072, -0.0028041, 0.0100672, -0.00974135, -0.00326346, -0.00817688, -0.000986304, 0.00762549, -0.00132261, 0.00282319, 0.00138298, -0.00451702, 0.000666374, 0.00523587, -0.00596454, -0.00435654, -0.00171505, -0.00123746, 0.00206434, -8.98639e-05, -0.00197007, -0.000480169, 0.000227526, 0.000426872
0.00334479, 0.0108921, 0.0306407, -0.0031361, -0.00742485, -0.0131794, -0.00281946, -0.0131809, 0.000913696, -0.00304851, 0.00257739, -0.00297081, -0.00170102, 0.00388698, -0.00479363, -0.00722213, -0.00526054, 0.00995346, -0.00099505, -0.00183746, -0.00182166, 0.00308614, -6.60673e-05, 0.00168383, 0.00313353, -0.000655128
-0.0145932, 0.0149481, -0.00815528, -0.0138881, 0.00151715, 0.00962865, -0.00690746, -0.00176488, -0.0014983, 0.00563149, 0.00573739, 0.00775319, -0.00631902, 0.014943, -0.00448963, -0.00544613, -0.00406054, 0.00654546, 0.00140895, -0.000201457, 0.00064834, -0.000251864, -0.00152207, 0.000517831, 1.95258e-05, -0.000201128
0.00768279, 0.0196841, -0.00927128, -0.0139521, 0.0132052, -0.0206194, 0.00380054, 0.00303912, 0.0039857, -0.00380051, -0.0120526, -0.00288881, -5.30157e-05, 0.000706984, 0.00484237, 0.00165987, -0.00592054, 0.00572546, -0.00390305, -0.00102946, 0.00373834, 0.00258814, 0.00373393, -0.00191617, 0.00130153, -0.000287128
0.0103808, -0.0230379, 0.0210847, -0.0227581, -0.00575885, 0.0260486, -0.0173755, 0.00032112, 0.0018597, 0.000271493, 0.00792739, -7.68123e-05, 0.00691698, 0.00131698, -0.00120963, -0.00183613, 1.54585e-05, -0.00173654, 0.00261895, -0.00182546, -0.00129166, -0.000659864, -0.000254067, -0.000842169, 0.000617526, -0.000717128
0.0157008, -0.0406839, 0.00532072, 0.0270099, -0.00533885, 0.0141586, -0.000727456, -0.00146688, 0.0122677, 0.00203749, -0.00487261, -0.00465881, -0.00905502, -0.00436302, 0.00326037, -0.00298013, -0.00170454, 0.00117546, -0.00037705, 0.00296654, -0.00124566, -0.00258586, 0.000135933, -0.00392617, -0.000950474, 0.000902872
0.0666608, 0.00421211, -0.0481613, -0.000436099, 0.00272915, -0.00748535, 0.0124585, 0.0110991, 0.0032237, -0.00328451, -0.0126526, -0.00367681, 0.00215098, -0.00676702, -0.00646363, -0.00553013, 0.000243458, -0.00549454, 0.00303895, -0.00108946, -0.00440566, 0.00241814, -0.00326007, -0.000158169, 0.000525526, 0.000104872
-0.00426921, 0.0374241, -0.0232593, 0.0115219, -0.0171468, 0.00623265, -0.0121675, -0.00702688, -0.0046603, 0.0120575, 0.00658739, 0.000181188, 3.29843e-05, -0.00474102, -0.00505363, 0.00620987, 0.000835458, 0.00322146, -0.00029305, -0.00332546, -0.00189766, -0.00264586, 0.000767933, 0.00101383, 0.000105526, 0.000294872
-0.0103752, 0.0364181, -0.00812328, 0.0112519, -0.00131285, -0.0134334, -0.0117375, -0.00397888, 0.0021777, -0.00762451, -0.00296461, 0.00685919, -0.00294902, 0.00325098, 0.000632374, 0.000563865, 0.00193746, -0.00266254, 0.00157295, -0.00248746, 0.00137834, 0.00114814, 0.00238593, -0.00155217, -0.00112447, 0.000748872
0.0410908, -0.0424959, 0.0110607, -0.0018401, 0.00803115, -0.0192454, -0.00762346, 0.00326112, 0.0163817, -0.00689851, -0.00168861, -0.00682881, 0.00732098, -0.012155, 0.00194637, 0.00219387, 0.00209546, 0.000807458, 0.00119895, 0.00176454, 0.00142234, 0.000114136, 0.00121993, -0.00129617, 0.000859526, -0.000697128
-0.0254232, 0.00762611, -0.0139653, 0.0070739, -0.0177988, -0.00556735, 0.00865254, 0.00890312, -0.000770304, 0.00745949, -0.00308261, 0.00247319, 0.011837, -0.00103702, 0.00279837, 0.000159865, -0.00170454, 0.00609546, 0.00413495, -0.00294546, -0.00037966, 0.00181414, 0.00246393, -0.000348169, 0.00176153, -0.000231128
0.0150248, -0.0444499, -0.0170373, -0.0196861, 0.0207892, 0.0245746, 0.0123485, 0.0244471, 0.0014637, 0.000503493, -0.000334609, -0.00729281, 0.00458698, -0.00502502, 0.00103037, -0.00626813, -0.00338454, -0.000994542, -0.00046105, 0.00159654, 0.00013434, -0.00561386, 0.00328993, -0.000712169, 0.000559526, 0.000910872
1.07867e-05, 0.0322921, -0.0254393, 0.0072739, 0.0118252, -0.00844535, -0.0188595, 0.0134511, 0.0073557, -0.00652051, -0.00576861, 0.00458319, -0.00585702, -0.012197, -0.000515626, 0.00681387, -0.00287454, -0.00482254, 0.00182295, 0.00156254, 0.00063434, -0.000263864, 0.00286793, -0.00114217, 0.000775526, 0.00143687
0.0210788, 0.00936811, -0.0224333, 0.0083359, 0.00114515, 0.000858646, 0.0156765, -0.00163688, 0.0012097, -0.00464251, -0.00687261, -0.00579081, 0.013155, -0.00140702, -0.00790363, -0.00225413, -0.00553454, -0.00252654, -0.00177905, -0.00192746, -0.00233566, -0.00303986, 0.000311933, 0.000731831, -0.000936474, -0.000851128
0.0539728, -0.0121659, 0.00102072, -0.0105521, -0.00664685, -0.0115474, -0.00655746, -0.00672888, 0.0087257, -0.00627051, 0.00924539, -0.000222812, 0.00407898, -0.010441, 0.000920374, 0.00211387, -0.000554542, -0.00213654, -0.00197305, -0.00159146, -0.00243566, -0.000137864, -0.00132807, 0.00179783, -2.24742e-05, -0.000563128
0.0557828, -0.0412719, -0.0165333, -0.000766099, 0.00132315, 0.00407665, 0.00261054, -0.00345288, 0.0030797, -0.0121445, -0.000222609, -0.000300812, -0.00564702, 0.018573, 0.00214037, -0.00115213, -0.00129454, -0.00225854, -7.70501e-05, 0.00372654, 0.00084234, -0.00217186, -0.00136607, -0.000902169, -0.00254847, -4.51284e-05
-0.0514592, 0.00509611, -0.00176528, 0.000835901, -0.00807485, 0.0181286, 0.00539854, -0.00036888, 0.0080017, 0.00433549, 0.0140974, -9.88123e-05, 0.00246898, 0.00881298, -0.00600763, 0.00238987, 0.00372346, 0.00315546, -0.00064905, -0.00469146, -0.00245366, -0.00220986, -0.000662067, 0.00132183, -0.000414474, 0.00108887
-0.000645213, 0.00164011, 0.0114027, 0.0160139, -0.0136228, 0.00873265, -0.00437546, -0.00027488, 0.0045397, -0.00593851, -0.00367461, -0.00433081, 0.000910984, 0.00346698, -0.00566963, 0.000767865, -0.00105454, 0.00186746, -0.00340705, -0.00123346, -0.00115366, -0.000677864, 0.000485933, -0.000678169, -0.00262247, -0.000469128
-0.0190832, 0.0328901, -0.0203213, -0.0159821, 0.00608315, -0.00476535, 0.00564054, -0.00355488, -0.0013543, 0.00682949, -0.000486609, 0.0111952, 0.00109098, 0.00622098, 0.00435637, -0.00563213, -7.85415e-05, -0.000540542, -0.00219105, 0.000758543, -0.00271766, 0.00348014, -0.000974067, -3.2169e-05, -0.000260474, -0.000571128
0.0121208, 0.00735611, 0.0192307, -0.0022881, -0.0126628, 0.00351065, -0.00743746, -0.0105089, -0.000360304, 0.00162749, -0.00275661, -0.0111308, -0.00485102, 0.00465498, -0.000973626, 0.00115587, -0.00145254, 0.00469746, -0.00089505, 0.000908543, -0.00154566, -0.000607864, 0.000187933, -0.00106017, 0.00223553, 0.000844872
0.0248828, -0.00212189, -0.0341553, -0.0048221, 0.00381915, -0.00560935, 0.000990544, 0.0104511, 0.0015317, -0.00348051, 0.00856139, -0.0114148, 0.00559498, 0.00298298, 0.00544237, -0.00290613, 0.00287346, -0.00438054, 0.00063495, 2.4543e-05, 0.00057834, 0.000436136, -0.000222067, -0.000430169, 0.000439526, 0.000298872
0.0188568, -0.0260879, 0.0233387, 0.0025819, 0.00817715, 0.0188426, -0.00202146, -0.00667088, -0.0042203, -0.00408651, -0.00736261, 0.00602119, -0.00270502, -0.00674102, -0.00538763, -0.00286413, 0.000959458, -0.00515654, -0.00119505, -0.00392346, -0.00095966, 0.00170014, -0.00292007, 7.3831e-05, 0.000629526, 0.00112087
0.0443868, 0.0168481, 0.0195527, -0.0105141, -0.0188308, -0.0183374, 0.00432054, -0.00099888, 0.000687696, -0.00584251, -0.00933861, -0.00964281, -0.00199902, 0.000908984, -0.00555363, -0.00333013, -0.00220254, 0.00131746, 0.00516095, -0.00433746, 0.00031434, -0.00289386, 0.000147933, 0.000775831, -0.00149447, 0.000894872
-0.000777213, 0.00336011, 0.0107847, -0.0224441, -0.00649085, -0.0126914, 0.0182265, -0.0162689, 0.0012777, 6.34929e-05, 0.0135574, -0.00886681, -0.00371302, 0.00811498, 0.00794837, -0.00441413, -0.000206542, 0.000171458, -0.00189905, 0.00482454, 0.00119834, 0.00624214, -0.000110067, 0.000719831, 0.000825526, 0.000566872
-0.0444912, 0.0241941, 0.0233587, -0.0134161, 0.0188332, 0.00774665, 0.00114854, -0.0113949, -0.0050463, -0.0101845, -0.00302261, 0.00829919, -0.000427016, 0.011511, -0.00448763, 0.00150787, -0.00471254, -0.00286654, 0.00021495, -2.3457e-05, 0.00626434, -0.000659864, -0.000440067, -0.000272169, -0.00138047, -0.000253128
-0.00820721, 0.00372411, 0.0450207, -0.0060001, 0.00162915, 0.0128286, -0.0173095, -0.00398088, -0.0103563, -0.000898507, -0.000838609, -0.00698081, 0.000590984, -0.00539102, 0.000680374, 0.000435865, -0.000714542, -0.000208542, -0.00211505, -0.00514346, 0.00119034, -0.000643864, -0.000378067, 0.000769831, 0.00141753, 0.000878872
0.00453279, -0.0316299, 0.00466672, 0.0179099, -0.00117285, -0.00588135, 0.0101285, 0.00231712, 0.0074757, -0.00650451, -0.000204609, -0.00735681, 0.00938298, -0.00232302, -0.00109963, 0.00623587, 0.00168546, 0.00177946, -0.00150705, -0.00525946, -0.00463366, 0.00286014, -0.00124607, 0.00210583, -0.00131447, -0.000947128
-0.0200232, -0.00806189, -0.0263533, 0.000557901, 0.00193915, -0.00265135, -0.0131275, 0.00748912, 0.0036677, 0.00475949, 0.0171654, 0.0242592, -0.00165102, 0.00274698, -0.00251163, -0.00139413, -0.00292054, 0.000197458, -0.00034505, 0.00798054, 0.00789834, -0.00221386, -0.00108207, 0.00285583, 0.00175753, -0.000939128
0.0305248, -0.0257039, -0.0305953, 0.0023139, -0.0121288, 0.00126865, -0.00951946, 0.00505512, -0.0020783, 0.0267735, -0.00350461, 0.00562719, 0.00785098, -5.50157e-05, 0.000802374, -2.01347e-05, 0.000647458, 0.00264146, 0.00219695, -0.000785457, 0.00103434, -0.00305786, -0.00253007, 0.00206983, 0.00176953, -0.000597128
0.0181288, 0.0183321, -0.0131013, -0.0193681, -0.00655285, 0.00162665, 0.000358544, -0.0142589, -0.0050283, 0.00794749, -0.00142261, 0.00278319, 0.00697098, -0.00789702, 0.00293837, -0.00569213, 0.00363346, 0.00165946, -0.00362505, 0.00303854, 0.00177634, 0.00270614, 0.00106593, 0.000851831, 0.00381953, -0.000691128
0.0452448, -0.00131989, -0.00179328, -0.0217821, 0.00419715, -0.00658735, -0.00872346, -0.00045088, 0.0049917, -0.00626251, -0.00594061, 0.00513719, -0.00573702, -0.00619902, -0.000839626, 0.00241387, 0.00664146, 0.00126146, -0.00084505, -0.00272346, -0.00338366, -0.000443864, 0.000347933, 0.00190383, -0.000400474, 0.00129287
-0.0465092, 0.0431841, 0.00587672, -0.0119661, 0.0117412, -0.0172594, -0.0126195, 0.0222011, 0.0087917, 0.000665493, -0.00684461, -0.00427281, -0.00781302, 0.00746298, 0.00409237, 0.00461387, -0.00625054, -0.000674542, 0.00374895, -0.000677457, 0.00025034, 0.00327014, -0.00311007, 0.00308983, -0.00233047, 0.00133887
0.0116468, -0.0155259, -0.0303953, 0.0343779, 0.0177732, 0.00296265, -0.0202135, 0.00362312, -0.0119143, 0.00304549, 0.00227739, 0.00234719, 0.000288984, 0.00742498, -0.00275363, -0.00292413, 0.00691946, -0.00396854, -0.00495305, 0.00160854, 4.03396e-05, -0.00320386, 0.00105393, -3.0169e-05, 0.000911526, -0.000419128
-0.0138712, -0.0170239, 0.000422716, -0.0097461, -0.00395885, -9.13538e-05, -0.00454346, 0.0224731, 0.0076697, -0.000216507, -0.00623461, 0.0119092, 0.00236298, 0.00147898, 0.00949037, -0.00334013, -0.00355254, -0.000282542, 0.00497095, 0.00261054, -0.00056166, -0.000967864, -0.000826067, -0.00116017, 0.00247553, 0.000512872
-0.0105932, 0.00959411, 0.0101927, 0.0255839, -0.0192508, -0.0102674, 0.0207665, -0.00985088, -0.0087083, -0.00620251, 0.00883739, -0.00338481, 0.00524098, 0.00297898, -0.00637363, -0.00162813, -0.00101054, -0.000218542, 0.00064695, -0.00270746, -0.00353966, -0.00122986, 0.00140193, -0.00118817, 8.55258e-05, 0.000824872
-0.0313112, 0.0575401, -0.00653928, -0.0062821, 0.0164752, -0.00648535, -0.00635146, 0.00221712, -0.0079083, -0.00150851, 0.0158274, -0.00438081, -0.00505502, -0.00561702, -0.00327163, -0.00417813, 0.00186546, -0.00328454, -0.00250105, 0.00188454, -0.00056966, -1.78639e-05, -0.000126067, 0.000799831, -0.00230847, 0.00108687
-0.000401213, 0.0377481, -0.00152328, -0.0089461, -0.00795685, -0.00997735, -0.0126295, -0.00198288, -0.0021003, 0.00320349, -0.00797861, 0.0111372, -0.00242502, 0.021005, -0.000867626, -0.00354613, 0.000401458, -0.00490054, 0.00049695, 5.2543e-05, -0.00447966, -0.00272786, 0.000859933, -0.00219017, -2.44742e-05, -0.000247128
0.0324348, -0.0197799, -0.0115633, 0.0230759, -0.0171228, -0.00591735, 1.45445e-05, -0.00596288, -0.000780304, 0.00683149, -0.00406461, -0.000122812, 0.00150298, 0.000428984, -0.00480563, -0.00105613, 0.000667458, -0.00122254, 0.00501495, -0.000545457, 0.00217234, -0.000787864, 0.00165793, -1.69045e-07, -9.24742e-05, 2.28716e-05
-0.00408121, 0.00757211, 0.0231527, -0.0118881, -0.0181728, 0.00228465, -0.00206546, -0.00872888, -0.0036623, -0.00205451, -0.000750609, 0.000133188, 0.012963, 0.000442984, -0.00553163, 0.00468787, -0.00172254, -0.00335054, -0.00208105, 0.00162654, 0.00678434, 0.00583414, -0.000526067, -0.000950169, 0.000833526, -0.000749128
0.00846479, -0.0269219, 0.0115847, 0.0090499, 0.00750915, 0.0206066, -0.0113835, -0.0190049, -0.0017023, -0.00323451, -0.00604461, -0.00357481, -0.00247302, 0.00331498, -0.00391163, 0.00408787, 0.00278946, 0.00774346, -0.00029305, 0.00223054, 0.00321834, -0.00157186, 0.00162193, 0.000603831, -0.00193247, -0.000777128
-0.0100172, 0.0149561, 0.00162272, -1.60988e-05, -0.00615685, -0.0121994, 0.00887454, 0.0128571, 0.0055857, 0.0115155, -0.00524861, -0.00833881, 0.00314298, -0.00991502, -0.00468763, -0.00195413, -2.05415e-05, -0.00153654, -0.00141305, 0.00247854, 0.00011234, 0.00381614, -0.00279807, -0.000368169, 0.000153526, -0.000445128
0.0381248, -0.0211779, -0.00701528, -0.000270099, 0.0113632, -0.000657354, -0.00188946, -0.00568888, -0.000298304, 0.00597349, -0.00248061, -0.00338281, -0.00348102, -0.00577902, 0.000404374, 0.00487987, -0.00307054, -0.000380542, 0.00229095, -0.00489746, 0.00034634, -0.00371786, 0.000553933, 0.000861831, -0.000898474, 0.000286872
0.0288668, -0.00764789, 0.0109847, -0.000192099, -0.0177368, 0.00155665, -0.0108175, -0.00397488, 0.0056417, -0.00752051, -0.00970061, 0.00167919, 0.00740498, -0.00586102, 0.0138344, -0.000216135, 0.00341946, 0.00218946, -0.00440505, 0.000552543, -0.00449366, -0.00325186, 0.00146993, -0.000862169, -0.00132647, 0.000406872
-0.0271092, -0.0184879, 0.00671872, -0.0290261, 0.0187072, 0.0270926, 0.00252654, 0.0184051, -0.0107543, -0.00172051, -0.00190661, 0.00386719, 0.000548984, -0.00274702, 0.000400374, -0.00386813, 0.00691746, 0.00194146, -0.00258505, 0.00162054, 0.00611834, 0.00318214, 0.000663933, -0.000782169, 0.000157526, 0.000118872
0.0360768, -0.0322799, -0.0114813, -0.0127321, -0.00640485, 0.0124386, -0.0124395, 0.00265312, 0.0122717, 0.00487949, -0.00273261, -0.00650881, -0.00173102, -0.000199016, -0.00505363, 0.00159787, 0.0132375, 0.00965946, -0.00066305, -0.000797457, -8.96604e-05, 0.00296014, -0.00300207, -0.00144017, 0.00188953, -0.000109128
-0.0245392, -0.00478789, 0.00279472, 0.0140919, -0.00137685, -0.00181335, -0.00463546, 0.00100112, 0.0076117, 0.00380549, 0.00247539, 0.00899719, -0.00842902, -0.00404302, 0.0104484, -0.00233213, -0.000630542, -0.00110654, 0.00161695, 0.00125854, -0.00133966, 0.000710136, 0.000371933, -2.2169e-05, -0.000236474, 0.000108872
0.00478079, 0.0125041, 0.0206647, 0.0077959, -0.00891885, -0.00825135, -0.0117115, -0.00433688, -0.0060363, -0.00886051, 0.000369391, -0.00115881, -0.00544902, -0.000155016, 0.0118984, 0.00935987, 0.00448946, -0.00630454, -0.00021905, -0.00305746, -0.00283566, -0.00299786, 0.000331933, -0.00227017, 0.000159526, 0.000208872
0.0421708, 0.00177211, -0.0220653, -0.0104621, -0.00573085, -0.0139234, 0.00987454, -0.00394488, 0.0116037, 0.00622149, 8.93911e-05, -0.00679881, 0.00827898, -0.00806502, -0.00482963, -0.000738135, -0.000408542, -0.000434542, 0.00157695, -0.000899457, -0.00069966, -0.00205186, -0.000248067, -0.000970169, 0.000645526, 3.68716e-05
-0.000721213, -0.00846389, 0.0122747, -0.0052341, -0.00314685, 0.00968865, 0.00717454, 0.00524712, -0.0081203, -0.00860251, -0.00364861, 0.00219919, -0.00183902, -0.00229502, -0.00208363, -0.00299613, 0.00270346, -0.000696542, 0.00391095, 0.000304543, 0.00211834, 0.000198136, 0.00162793, -0.000344169, 0.00145753, -0.000713128
0.000866787, -0.0309979, 0.0107427, -0.0010981, 0.0180552, 0.00455865, -0.0138595, -0.0114369, 0.0076877, 0.00839749, 0.000193391, 0.00722719, 0.00400498, -0.00219702, -0.00379963, 0.00197987, 0.00319546, -0.00169854, 0.00111695, -0.00270746, -0.00249566, 0.00363614, -0.00196207, 0.000811831, 0.000639526, -0.000861128
-0.0375632, -0.0196319, 0.0413867, 0.0134779, -0.00872085, -0.00249535, -0.00334546, -0.00310288, 0.0012397, 0.0120755, -0.00198061, -0.00651881, 0.012115, 0.00649698, -0.00286163, 0.00362387, -0.00503454, -0.000178542, -4.10501e-05, -0.00256146, 0.00116434, 0.000970136, -0.000190067, -0.00131817, 0.00271353, 0.000280872
0.0243608, -0.0501819, -0.0150333, 0.0117779, 0.00381915, -0.00594335, 0.00435854, 0.0179171, 0.0115797, 0.00662949, -0.0104466, 0.000579188, -0.00249502, -0.00488102, 0.000490374, -0.00190013, -0.00263854, 0.00291946, 0.00699695, 0.00197454, -0.00060966, 0.00221814, -0.00231207, -0.00101417, 0.00123953, 0.000594872
0.0165928, 0.0358881, -0.0345413, 0.0354779, 0.0106512, -0.0133534, -0.00515346, -0.0141089, -0.0083963, -0.00692451, -0.0121266, -0.000176812, 0.00450898, -0.00765502, -0.00148363, -0.000126135, 0.00117546, -0.00280654, -0.00216305, -0.00297146, -0.00070166, 0.00401014, 0.00202593, -0.000672169, 0.00235953, 0.000670872
0.0308228, -0.0380139, 0.0217527, 0.0012539, 0.00670115, -0.00154335, -0.0135735, -0.00963488, 0.0021637, 0.00108949, 0.00102539, -0.00343681, 0.00383898, 0.00917298, -0.00667763, 0.00517387, -0.00504054, 0.00350746, -0.00178505, -0.000579457, -0.00283366, -0.00225786, 0.000235933, -0.00139817, -8.44742e-05, 0.000120872
0.0107368, -0.0108499, -0.00690728, 0.0017399, 0.0217452, -0.00357935, -0.00113946, 0.00099512, 0.0016337, 0.00141349, -0.00368061, 0.00326719, -0.00804702, -0.00357102, 0.00170437, 0.00340587, -0.00199254, -0.00342454, 0.00280095, -0.00290546, -0.00016966, -8.18639e-05, -0.000114067, -0.00228417, -0.00103647, 0.000340872
0.0137048, -0.00443989, -0.00217728, -0.0032841, 0.00321515, 0.00141265, 0.000100544, 0.00282512, -0.0026983, -0.000438507, -0.00533861, -0.000632812, 0.000172984, -0.00845502, 0.0106484, -0.00545213, -0.00376854, 0.000277458, 0.00193495, -0.00180146, -0.00308566, 0.00153614, 0.00236593, 0.00145983, 0.00243753, -0.000519128
-0.0192832, 0.00611811, 0.00632072, -0.0112301, 0.0229892, 0.00348465, 0.00320454, -0.00348088, -0.0098683, 0.00916149, 0.00390139, -0.00365281, -0.00625302, -0.00297102, 0.00418637, -0.00327813, 0.00318946, 0.00320346, -0.00317305, -0.00270946, 0.00137634, -0.000465864, -0.00158607, 0.000437831, 0.000797526, -0.000419128
-0.0464312, 0.0421721, -0.0181653, -0.0147741, -0.000424845, 0.000540646, 0.0372505, 0.00552112, 0.000393696, 0.000311493, 0.00248739, 0.00441919, -0.010169, -0.00304502, -0.00387763, 0.00137987, 0.00522146, -0.00177654, -0.00224705, -0.000821457, 0.00408434, -0.00223186, 0.000235933, -0.00124017, 0.000671526, 0.000514872
-0.00628121, 0.0110221, 0.00383672, -0.0070681, -0.00650285, -0.00166535, -0.00562746, 0.0207751, 0.0078377, -0.00766851, 0.00388339, -0.00147681, -0.00390302, 0.00217498, -0.00677963, 0.000161865, -0.00429654, 0.000349458, 0.00058695, 0.00415654, -0.00166166, 0.00405414, -0.00258607, -0.000858169, -0.00117647, -0.00128713
-0.0146452, -0.0155199, -0.0178013, -0.0090901, 0.0209432, -0.00926535, 0.0299565, 0.00904512, -0.0070083, -0.00186451, -0.00624661, 0.0145032, -0.00142302, -0.00347502, -0.00167163, 0.00541987, -0.00173054, 0.000659458, -0.00138505, 0.000428543, 0.00073634, 0.00127814, 0.000651933, 0.00310383, 0.00363953, 0.000760872
0.0501768, -0.00225789, -0.0208493, -0.0057161, 0.0122872, -0.00486535, 0.000100544, -0.00543088, -0.0031023, -0.00240451, 0.00135139, -0.00343081, -0.00632102, 0.00502298, -0.00425163, -0.00565013, 0.00402746, -0.00203654, -0.00107705, -0.000869457, -0.00011166, -0.000717864, -0.00142207, 0.000209831, -0.000640474, -0.00202113
-0.0162972, -0.000389892, 0.00738872, 0.0152119, 0.00627515, -0.00110335, -0.00325946, 0.00337112, -0.0054423, 0.00772349, -0.00476461, -0.00554881, 0.00651498, 0.00310498, -0.00947963, 0.00427787, -0.00510654, 0.00103346, -0.00227305, 0.00295654, -0.00225166, -0.00184786, 2.19327e-05, -0.00115617, 0.000741526, 0.000298872
0.0290048, 0.0284401, -0.0191653, -0.0149921, 0.00453715, -0.00675135, -0.0159555, 0.00272712, -0.000860304, -0.00771451, -0.00425861, -0.00456281, 0.00565498, 0.00933098, 0.00270037, -0.00290413, -0.00308054, 0.00150546, -0.00168305, -0.00342346, 0.00019234, 0.00358614, -0.00376207, 0.00165183, 9.55258e-05, -0.000313128
0.0274828, 0.0178541, -0.0340373, -0.0149841, -0.000808845, -0.00434135, 0.00400054, 0.00531312, -0.0017203, -0.00217451, -0.00285461, -0.00254281, -0.000723016, 0.00426498, 0.000188374, 0.000225865, 0.000989458, -0.00138654, 0.00206095, 0.00323454, 0.00257634, 0.00104214, -0.00182207, -0.00124617, 0.000177526, -0.000769128
0.0136928, 0.0404561, -0.0141053, 0.0332559, -0.00443685, 0.000560646, -0.0186935, -0.00325688, -0.0059923, -0.00835451, -0.00806261, -0.00364481, -0.000527016, -0.00402102, -0.00161363, -0.00642213, -0.00360254, -0.00512654, -0.00209705, 0.000206543, 0.00071034, -0.00126786, 0.00245593, -0.000310169, 0.000707526, -0.000511128
-0.00606321, 0.0113261, 0.0145427, 0.0158079, -0.00955685, -0.000583354, -0.0153195, -0.00832688, 0.0073877, -0.000652507, 0.00159139, 0.0128352, -0.00110902, -0.00727702, -0.00436563, -0.00434013, 0.00121346, -0.00273454, -0.00479105, 0.000158543, 0.00048034, 0.000966136, -0.00292007, 0.00159183, 0.000137526, 8.7157e-07
0.000388787, -0.0358939, -0.0396713, 0.0072979, 0.00967915, 0.00174265, 0.00565454, 0.00179512, 0.0126077, -0.00182851, 0.00145339, 0.00131519, 0.013609, 0.00200098, 0.00419637, 0.00728187, 0.00605746, 0.00697946, -0.00309705, -0.00155146, 0.00142034, 0.000480136, 0.000411933, -0.000702169, -0.000974474, -0.000653128
-0.0334092, 0.0678841, -0.00258528, -0.0092901, -0.00958685, -0.00438335, 0.00212454, -0.00326488, 0.000171696, -0.00272651, -0.00390061, -0.00353481, 0.00230698, -0.00273902, 0.00177037, 0.000101865, 0.00704746, 0.00221346, -0.00353305, 0.00425654, -0.00380566, -0.00122786, -0.00160807, -0.00247417, 0.000333526, -0.000141128
0.0142808, -0.0275899, -0.0316793, 0.0338119, 0.0105092, -0.0143354, 0.00386454, -0.00770488, 0.0132517, -0.00207451, -0.00136261, 0.000333188, 0.00133298, -0.00230902, 0.00376837, -0.00464013, -0.00118254, 0.00176746, 0.00327695, 0.000886543, -0.00106166, 0.00224614, 0.00362593, 0.00192983, -0.00110047, 0.000154872
0.0341028, -0.0188399, -0.0169593, -0.0140321, 0.00530915, -0.0160214, 0.0175245, -0.00402288, -0.0110303, 0.00121349, 0.00536139, -0.00656681, 0.00821098, 0.026887, -0.00168763, -0.00151613, 0.000521458, -0.00209854, -0.00173105, -0.00345746, -0.00100766, -0.00111386, -0.000878067, 0.00196783, 0.000783526, -0.000919128
0.0374088, 0.0265981, 0.00707672, -0.0153961, -0.00855685, -0.00584735, -0.00969546, -0.00515888, 0.000247696, -0.00881651, -0.00914461, 0.00389919, -0.00333502, 0.000884984, -0.00440363, -0.00266213, 0.00228946, 0.00104946, 0.00025495, -0.000863457, 0.00055434, -0.00192786, -0.00314607, -0.00139617, -0.000150474, 0.000236872
0.00659679, 0.00697011, -0.0311573, 0.0150439, -0.00805285, -0.0144014, 0.0239305, 0.00080312, 0.0087437, -0.00491651, -0.00431661, -0.00498081, 0.00441898, -0.00489702, 0.00722637, -0.00100213, -0.00434854, 0.00164746, 0.00023095, -0.000137457, 0.00154234, 0.00309414, -0.00100007, 0.000415831, 0.000337526, -0.00179113
0.0430688, 0.00971011, -0.0220453, -0.000384099, 0.00232515, -0.0165614, 0.000670544, -0.00865088, 6.36963e-05, 0.00502949, -0.00945061, 0.00587519, 0.000242984, -0.00672702, -0.00376763, 0.00310987, -0.00399054, 0.00438346, -0.00036505, 4.54299e-06, -0.00415166, -0.000303864, -0.00207407, 0.00183983, 0.00204953, 9.88716e-05
0.0369948, -0.0407099, -0.00972328, 0.0244539, -0.00676685, -0.00422535, 0.00264654, -0.00588688, 0.0012757, 0.00379349, 0.000665391, 7.51877e-05, -0.00405902, -0.00202502, -0.00223363, -0.00419813, 0.000557458, 0.000395458, 0.00532095, 0.000372543, 0.00022034, -0.000241864, 0.00235993, 0.000985831, -4.44742e-05, -3.12843e-06
0.0316888, -0.00329589, -0.0126313, -0.0174301, -0.0154428, -0.00706935, -0.0123695, 0.00479312, 0.0076897, -0.00511851, -0.000464609, 0.00391719, 0.00513498, 0.00236898, 0.00597637, 0.00437587, 0.00216346, -0.00119854, -0.00067705, 0.00487854, -0.00110166, 0.00302214, 0.000523933, -0.000916169, 0.00194953, -0.000767128
0.0128008, 0.00848011, -0.0231473, 0.000301901, 0.0112972, -0.0102934, 0.00510254, 0.00025112, 0.0022217, 0.00751349, -0.00755061, -0.00936481, -0.00350502, -0.00323102, -0.000209626, -0.00443213, 0.00467946, 0.00380746, 0.00132295, 0.00615454, -0.00039766, -0.00192186, -0.000114067, 0.00175983, -0.000332474, -0.00119313
-0.0233832, -0.00481989, 0.0402807, -0.0072381, -0.00439085, 0.00640065, -0.000687456, 0.00447112, 0.0039077, -0.00614051, -0.00363861, -0.00371881, -0.00636902, 0.00769098, 0.00517637, -0.00287613, -0.000848542, -0.000782542, -0.00075905, 5.2543e-05, 0.00154234, -0.000675864, -0.00341407, 0.000137831, -0.00138847, 0.00147087
0.0384948, -0.000253892, -0.0108913, 0.0155819, -0.00862485, -0.0118254, -0.00636346, -0.00018488, -0.0064383, 0.00151949, -0.00480661, 0.00428119, -0.00814702, -0.00226702, 0.000464374, -6.41347e-05, 0.00402146, -0.00113454, -0.00034305, 0.000268543, -0.00270966, 0.00183414, -0.00147207, -0.00301217, 0.00205153, 2.08716e-05
-0.00443921, -0.0207279, 0.0199627, -0.000194099, -0.0140288, 0.00946665, 0.0107625, 0.00391912, 0.000209696, -0.00627651, -0.00610261, 0.00191919, -0.00596102, 0.00807098, 0.00309037, 0.00240787, 0.00238746, -0.00305454, 0.00364095, -0.00102746, -0.00215366, -0.00253186, 0.000265933, -0.000542169, -0.000358474, 0.00129487
0.0329808, -0.0179579, -0.0120433, -0.0092561, 0.0130512, -0.00144335, 0.0149445, -0.00800688, -0.0101823, 0.00992549, 0.00113939, 0.00226919, 0.00241498, -0.00242702, -0.000785626, -0.00360613, -0.00124854, 0.00182546, -0.00324905, -0.00246946, -0.00118766, -0.00240386, 0.00139793, -0.000754169, -0.00160847, -0.00131913
-0.0299032, 0.0215621, -0.0130633, -0.0264541, 0.00280115, 0.00159265, 0.0402145, -0.00894888, -0.0069863, 0.000661493, 0.0138154, 0.00113519, 3.09843e-05, -0.00245702, -0.00309163, -0.00517213, 0.0111075, 0.00164346, 0.00066295, -0.00192746, 0.00200234, 0.000526136, 0.00285393, -0.00140417, -0.00108047, -0.000121128
-0.0254452, -0.0206719, 0.0139587, -0.0197761, 0.0325652, 0.0116286, -0.00810146, 0.0102071, 0.0029317, -0.00566651, 0.00602139, -0.00306281, 0.00565498, -0.000793016, -0.00105763, -0.00395413, 0.00447746, 0.00125146, -0.00542905, 0.00687254, -0.00090766, 0.00348414, -0.00114607, -0.00196017, -0.00178847, 0.000706872
-0.00724121, -0.0146459, -0.00511328, -0.0088001, -0.00592485, 0.0142546, 0.00496854, 0.0108371, 0.0134177, 0.00680149, 0.00117739, 0.00428119, -0.00203502, -0.00113502, -0.00436563, -0.00747613, -0.00359654, 0.00513346, 0.00083095, 0.00207054, -0.00121766, -0.000911864, -0.00193207, -0.000620169, 0.000811526, 0.000430872
-0.0141932, 0.0329661, 0.0107367, -0.0036301, 0.00205115, 0.0129866, -0.0135595, -0.00593688, 0.0025157, -0.0119425, -0.00365261, 0.00361519, -0.00159702, -0.00480702, 0.00458437, 0.000717865, 0.000487458, -0.00268654, 0.00050295, -0.000405457, -0.00357766, -0.00373386, -0.00168607, -0.00128617, 0.000721526, 0.000808872
-0.0151972, 0.0495341, -0.0133373, -0.0024341, -0.000748845, -0.0162034, 0.00482254, -0.00223888, -0.000422304, 0.00423149, 0.000287391, 0.00113519, -0.00875702, -0.00626502, -0.00158763, 0.0104079, -0.00159854, -0.00514254, -0.00181105, 0.00745854, -0.00246566, 0.00168614, 0.000371933, -0.00166817, -0.000446474, 0.000388872
-0.00159521, 0.00475811, -0.0227613, -0.0139401, 0.0234272, 0.0109426, 0.0212225, 0.00170112, -0.0034303, -0.00828651, -0.00308861, 0.00557319, -0.00104902, -0.00460302, 0.00121837, 0.00104787, -0.00518254, 0.000931458, -0.00066705, -0.00169146, -0.00495166, -0.00149986, 0.000193933, 0.00213383, -0.000478474, 7.48716e-05
0.0179868, -0.00406189, -0.0161113, -0.0196281, -0.00155285, -0.000413354, -0.000533456, -0.00456688, 0.0088997, -0.00525451, 0.0155494, 0.000811188, 0.00135098, 0.00679298, -0.00159763, 0.00456387, -0.00502454, 0.00566546, -0.00335505, -0.00178146, -0.00169566, 0.00185414, 0.00223193, -4.6169e-05, 0.000421526, -0.000505128
-0.00692121, 0.00472611, 0.0298087, -0.0110341, -0.00193485, -0.0133714, 6.54446e-06, 0.00684312, 0.0061677, -0.00985651, -0.00356861, -0.00319681, 0.00689698, 0.00493898, 0.00146037, -0.00569213, -0.00405054, -0.00303054, -0.00229705, 0.000418543, -0.00106766, 0.00309614, -0.00131607, 0.00162183, 0.00150153, -0.000149128
-0.00567721, 0.0299821, -0.00589728, 0.0054999, -0.000946845, 0.0108706, -0.0143635, 0.0103771, -0.0057723, 0.00483349, -0.00543061, -0.00610281, -0.00494502, -0.00231902, 0.00104437, 0.000417865, -0.00327654, -0.00118654, -0.00088705, -0.000969457, -0.00326366, -0.00194586, -0.00114207, -0.00107417, 0.00159953, 0.000574872
0.00400879, 0.0174461, -0.000397284, -0.0174041, 0.0135612, -0.0102054, 0.00164854, -0.00665688, 2.56963e-05, -0.00867651, 0.00480939, 0.0111632, 0.00270498, 0.00348498, -0.00417163, -0.00965213, -0.00779254, 0.00120146, 0.00463695, -0.000995457, -0.00109966, 0.000338136, 0.00145993, -7.6169e-05, 0.00122753, -0.000589128
-0.00434921, -0.00299589, -0.00996728, -0.0058681, 0.0184212, 0.00539065, -0.00788346, -0.00472088, -0.0012363, 0.00685749, -0.00681261, 0.00659119, -0.00495502, -0.00188502, 0.00626837, -0.00294813, -0.000764542, -0.00355454, 0.00582295, 0.00828454, -4.76604e-05, 0.000568136, -0.00172807, -0.000474169, 0.00161553, 0.000370872
-0.00630521, -0.0288039, -0.0221973, 0.0108619, 0.000687155, 0.0291806, 0.0195145, 0.00304112, 0.0021517, 0.00233749, -0.00599461, -0.000768812, -0.00493102, 0.00863298, -0.00285963, 0.00600387, -0.00703054, -0.00435454, -0.00146105, 0.00147654, 0.00153234, -0.000993864, 0.00123793, -0.000294169, -0.000364474, -0.000299128
0.00916079, 0.0140221, -0.0240793, 2.99012e-05, -0.0137368, 0.000520646, 0.0162265, 0.00018112, 0.0131057, -0.00372051, 0.00374339, -0.00786481, -0.00207102, -0.00298502, 0.00118237, -0.00412613, 0.00148546, -0.000890542, 0.00358495, -0.000495457, -0.00045566, -4.98639e-05, 0.000175933, -0.00135217, -0.00179447, 0.000202872
-0.0105112, 0.0270341, 0.0103807, 0.0118899, 0.0113532, 0.00213665, -0.0174855, -0.00777488, -0.000104304, -0.00652051, 0.000355391, -0.00565281, -0.00102102, -0.000809016, -0.00549363, 0.00446987, -0.00380854, -0.00611454, -0.00035905, 0.000952543, -0.00379766, -0.000555864, 0.000991933, -0.00125617, 0.00102353, 0.000676872
-0.0135552, 0.00626411, 0.00677672, 0.0146679, 0.000461155, -0.0207354, 0.00852854, 0.0133971, 0.0053437, -0.00313051, -0.00964061, -0.00475681, -0.00242702, -0.00592102, 0.00863237, -0.000826135, -0.00802654, -0.000514542, 0.00231895, 0.00227854, -0.00037166, 0.00332014, -0.00291607, -5.2169e-05, 0.000157526, 0.000726872
-0.0276392, 0.0220801, -0.0250753, -0.0072401, -6.88452e-05, -0.0112574, -0.00392346, 0.0318011, -0.0041783, 0.00537949, 0.00946539, 0.00343719, -0.00154102, -0.00928302, 0.00643437, 0.00816387, 0.00220746, -0.00179654, 0.00250095, 0.00337854, -0.00157166, 0.000338136, -0.000994067, 0.00150183, -0.00105047, -0.00106913
-0.0424952, 0.0142641, -0.00396928, -0.0185921, 0.0140572, 0.0286526, -0.0126735, -0.00112688, 0.0010757, 0.00408149, 0.00463939, 0.0132732, 0.00235898, -0.00294102, 0.00241837, 0.000227865, -0.000852542, -0.00210854, 0.00048495, -0.00241146, -0.00116166, 0.00133414, -0.00188407, 0.00201383, 0.000119526, 0.00121487
0.000744787, -0.0118539, 0.0291647, -0.0194121, -0.0120608, -0.00343135, 0.00805054, 0.00721312, 0.0014837, 0.00452549, 0.00328539, 0.00210119, -0.00496302, -0.00356702, -0.00306563, -0.00654213, 0.00352146, 0.00357146, 9.49499e-05, -0.00348146, 0.00116834, 0.00187814, -0.000194067, -0.000292169, 0.00104753, 0.00101287
-0.00917721, -0.000999892, 0.0213147, -0.0011641, -0.0115848, 0.0173046, -0.00324546, -0.0118509, -0.0016103, 0.00971749, -0.00412061, -0.00248881, 0.00153698, -0.00259502, 0.0112464, -0.00425613, 0.000783458, -0.00133454, -0.00378705, -0.00228946, -0.00239566, 0.000144136, 0.00198393, -0.00163617, -0.000290474, 0.000794872
0.0172708, -0.00443789, 0.0195367, -0.0172321, 0.00278715, -0.00721135, 0.0139605, 0.00718712, -0.0055783, 0.00465149, -0.0144326, -0.00351881, -0.00361102, 0.00526898, -0.00904163, -0.00695413, 0.00352146, 0.00153546, -0.00521105, -0.00106946, -0.00051966, 7.21361e-05, 0.000759933, -6.4169e-05, 0.00198153, 0.000348872
-0.0384132, 0.0696361, -0.0295213, 0.000145901, -0.0127348, 0.00112265, 0.00397654, 0.00888112, -0.0042643, 0.00230749, -0.00349461, -0.00164881, 0.014841, -0.00361102, -0.00100563, -0.00531213, 0.00110546, 0.000691458, 0.00339495, 9.6543e-05, -0.00221166, -6.38639e-05, -0.00175607, -0.00215417, -0.000178474, 0.000170872
0.0180428, -0.0473919, -0.00203328, 0.0462559, -0.0180108, 0.00355665, 0.0137045, -0.00960888, 0.0073517, -0.00108251, 0.00249539, -0.00947081, -0.00504102, -0.00344702, 0.00323037, -0.00248813, -0.000954542, 8.74585e-05, 0.00108895, 0.000560543, -0.00397966, 0.00597614, 0.000841933, -0.00182417, 0.00246753, -0.000327128
0.0214508, -0.0212619, 0.00170072, -0.0015241, 0.00418915, -0.00874535, -0.00802346, 0.0157751, 0.0035537, -0.00666051, 0.000953391, 0.00240119, -0.000923016, 0.00326098, -0.00232563, -0.00112813, -0.00328254, -0.00298454, 0.00192695, -3.45701e-06, -0.00140766, 0.00159614, 0.000227933, -0.000832169, 0.00136953, 0.000696872
0.00930679, -0.0210599, 0.00142272, 0.0059679, 0.00822715, 0.0266706, -0.00403546, -0.0144129, -0.000162304, -0.00775851, -0.00353061, -0.00330881, 0.012769, 0.00159298, 0.00428237, -0.00618813, 0.00141546, -0.00299454, -0.00424305, -0.00339746, 0.00470034, -0.000517864, -0.00361607, -0.000894169, -0.000910474, 0.000674872
0.0335688, -0.0339659, 0.0178187, -0.0161301, 0.00125515, 0.000870646, 0.00518854, -0.00110288, 0.0045897, 0.00286349, 0.00244539, -0.0100048, 0.00411698, -0.00373902, 0.00783837, 5.38653e-05, -0.00568854, -0.00321254, 0.00039495, -1.7457e-05, -0.00250366, -0.000203864, -0.00120407, -0.000848169, -0.00157647, -0.000807128
0.0178688, -0.00177789, 0.00427072, -0.0083701, -0.00324685, -0.00865535, -0.00566746, -0.00887488, 0.000215696, -0.00142451, -0.00409061, -0.000234812, 0.00630698, 0.00571298, 0.00989237, 0.00437587, 0.000419458, -0.000160542, -0.00376305, 0.00173254, 0.00038234, -0.00185986, -0.00185607, -0.000292169, -0.00105047, 0.000146872
0.00237679, -0.0152219, -0.00439128, -0.0133681, -0.00249285, -0.00694735, 0.0151485, -0.00185488, 0.0028497, 0.00766349, -0.000380609, 0.00407319, 0.00314498, 0.00493098, -0.000127626, -0.00201413, 0.000857458, 0.000755458, -0.00051105, 0.000380543, 0.00047634, 0.00338414, -0.000494067, -0.00212217, 0.00407753, -0.000193128
-0.00537921, -0.00499989, -0.0260213, -0.0087361, 0.0230052, 0.0194166, -0.00114146, -0.00730288, -0.0064363, -0.00554851, 0.00288139, -0.00325881, -0.00343702, 0.00714098, 0.00540237, 0.00303187, 0.00413146, 0.000693458, 0.0103129, -0.000373457, 0.00127034, -0.000653864, -0.00301207, 9.83095e-06, -0.00137647, 0.000380872
0.0144448, 0.0249701, -0.0245533, -0.0118381, 0.00781315, -0.0105694, 0.00247854, 0.0144591, 0.0057777, -0.00440851, -0.00315461, -0.00364881, -0.00626702, 0.00285498, -0.000483626, -0.00422413, -0.00467454, -0.00115454, 0.00330295, -0.000963457, -0.00105566, 0.00307614, -0.000200067, 4.5831e-05, -0.000736474, -0.00129113
-0.0200852, -0.0278799, -0.0181173, 0.0313059, -0.00445285, 4.64618e-06, 0.0129625, 0.0180891, -0.0011083, 0.0149995, 0.00554539, 0.00523519, -0.00383302, -0.00558302, -0.00421763, -0.00382013, 0.00184546, -0.000742542, 0.00258495, -0.00134946, -0.00242766, -0.000627864, 0.00148193, 0.000917831, 0.000785526, -0.00151313
0.0136308, -0.0104079, 0.00871072, 0.0062779, 0.00387915, -0.0142594, 0.00253054, -0.00500688, -0.0054923, 0.00377549, 0.00539739, -0.000664812, -0.00707902, -0.000771016, -0.00183963, 0.00602187, -0.000110542, 0.00194946, -0.00167305, -0.00223746, -0.00060166, 0.00366814, -0.00135007, -0.00229617, -0.000842474, -0.00120913
0.00676079, -0.0349259, 0.0143247, 0.0139879, -0.0134148, -0.00388135, 0.0225305, 0.00395512, -0.000910304, -0.0109185, 0.000609391, -0.00565081, -0.00302502, 0.017255, -0.000533626, -0.00157813, -0.00220854, -0.00217654, 0.00071095, 0.000278543, 0.00223634, -0.00104586, -0.00309007, -0.000998169, 0.00258153, -0.000873128
0.00374279, 0.0511321, -0.0367133, -0.0203781, 0.0156752, -0.0206094, 0.00495454, 0.00828912, -0.000436304, -0.00823851, 0.00342339, -0.00478481, 0.010089, 0.00227498, -0.00569563, -0.000336135, -1.45415e-05, 0.00232146, -0.00095905, 6.54299e-06, -0.00180766, -0.00130186, -0.00168207, 0.00130983, 9.75258e-05, -0.000359128
-0.0217072, -0.00470789, -0.0152113, 0.0423839, -0.0217808, -0.000183354, 0.00685654, -0.00522688, -0.0030683, -0.00153851, 0.00228939, -0.00803281, 0.00337698, 0.00993098, 0.00498637, 0.00191387, 0.00294346, 0.000419458, 6.49499e-05, 0.000590543, 0.00052834, 0.00106014, -0.000588067, 0.00103783, 0.00313353, 0.000528872
-0.00623321, 0.0150461, -0.0207413, 0.0165039, 0.00225515, 0.0179226, -0.00270946, -0.00851688, 0.0014077, 0.00889349, -0.00183461, -0.00353081, -0.00571902, 0.000456984, -0.00466163, 0.000125865, 0.00385546, -0.00300454, -0.00283705, -0.000829457, -0.00464366, 0.00143014, -0.00280607, 0.000365831, -0.000806474, 0.000610872
0.0334828, 0.0259881, -0.0280853, -0.0202061, -0.0144688, 0.0124646, -0.00180546, 0.00679512, 8.76963e-05, -0.00339451, 0.00342739, -0.000842812, -0.00571102, -0.00628502, -0.00632563, 0.00802987, -0.000164542, -0.000280542, -0.00213505, -0.000941457, -0.00013966, -0.00332986, 0.00349593, 0.000485831, 0.000195526, -0.000337128
-0.0372132, 0.0375201, 0.00489272, -0.0235921, -0.00425885, -0.00305135, 0.00244054, 0.0157831, -0.0069583, -0.00319051, -0.000800609, 0.0123412, 0.00313098, -0.00130902, -0.00284363, 0.00291387, 0.00393746, 0.000903458, -0.00083905, 0.00244054, 0.00155434, -0.000483864, 0.000409933, -0.000870169, -0.00198247, -0.000875128
0.00591279, -0.0143199, 0.00329272, 0.0024459, -0.0164588, -0.00758535, 0.0391025, 0.0134531, -0.0043623, -0.00992651, -0.00122661, -0.0100488, -0.00166502, 0.00735898, -0.00295563, -0.000724135, 0.000691458, 0.00337546, -0.00041505, -0.00321746, -0.00242366, -0.000327864, -0.000834067, -0.00196817, 0.00296153, -0.000135128
0.0568408, -0.0150959, -0.0209233, -0.0238341, 0.0126832, -0.00118535, 0.0143765, -0.00516888, -0.0015823, -0.00398651, -0.00157261, 0.00115119, -0.00559302, -0.00681902, -0.00362963, 0.00277187, -0.00376654, 0.00588146, -0.00049905, 0.000600543, -0.00112566, 0.00192014, -0.00116607, 0.000841831, -0.00133847, 0.000218872
0.0124388, 0.0236821, -0.0179733, -0.0184121, -0.00318485, 0.00380665, 0.00682654, -0.00731288, -0.0065083, 0.00275949, 0.0140954, -0.00129881, 0.00227698, -0.000337016, -0.00836563, -0.00513613, -0.00439254, 0.0125415, -0.00102305, 0.00149854, -0.00022766, -0.00288386, -0.00100607, -0.000392169, -0.00194647, 0.000474872
-0.0370172, 0.0134001, 0.00952072, 0.0058219, -0.0126288, -0.0105014, 0.0212345, 0.00228512, 0.000125696, -0.00246851, -0.00216261, 0.00484119, -0.000941016, 0.00719298, 0.0100684, -0.00349213, 0.000427458, -0.00558854, 0.00027295, -0.000737457, 0.00267234, -0.000965864, -0.000288067, -0.000532169, -0.000484474, -5.51284e-05
0.0345408, 0.0266461, -0.0280553, -0.0070441, -0.00260285, -0.0119634, 0.00859454, 0.00679912, -0.0026723, -0.0102245, 0.00162939, -0.00287881, -0.00457502, -0.00113302, -0.00520163, -0.00295013, -0.00264054, 0.00115546, 0.00024495, -0.00100946, 0.00071034, 0.000832136, -0.00191807, 0.00163583, 0.00119753, 0.000882872
0.0140708, -0.0428919, -0.000775284, 0.0072919, 0.00642515, 0.0140826, -0.00164546, -0.00745488, -0.0059383, 0.000311493, 0.00949139, -0.00134281, 0.00952498, 0.00196298, -0.00357563, -0.00487413, 0.00403146, -0.000278542, -0.00406305, 0.00857054, -0.00120366, 0.00251214, -0.00165407, -0.00160217, -0.000666474, -0.000309128
0.0493408, -0.0264559, 0.00232672, 0.0065439, -0.0106008, 0.00500665, -0.0104235, -0.00390088, -0.0054883, -0.0123985, -0.00246061, 0.0102012, -0.00531902, -0.00291902, 0.0109744, 0.00114787, -0.00404254, 0.00159946, -0.00084105, -0.00203946, 0.00313034, -0.00136386, -0.00106407, -0.00141617, 0.000613526, -0.000151128
0.0257628, 0.0127401, -0.0148973, -0.0216681, -0.0162748, -0.00245135, 0.0132045, -0.00421688, -0.000980304, 0.00436149, 0.00109939, 0.000603188, -0.00199702, 0.000730984, -0.00502563, 0.00425987, -0.000538542, 0.00279546, -0.00293905, -0.00175146, 0.00229834, 0.00464614, 0.00149193, -0.00208417, 0.000739526, 9.08716e-05
0.0225288, -0.00381789, 0.00260872, -0.0026621, 0.00504715, -0.00716935, -0.00300146, -0.0117969, 0.0010417, -0.00259251, -0.00416461, -0.00423481, -0.00259902, -0.00280302, 0.00391837, 0.00213187, -0.00273654, 0.00208746, 0.00068695, 0.00880254, 0.00022034, -0.00170586, -0.00127807, -0.000366169, 0.000143526, 0.00171087
0.0263428, -0.0127339, 0.0139347, -0.0172641, 0.00845515, 0.00587665, -0.0147655, 0.0155531, -0.0034523, -0.00804851, -0.00953261, -0.00235881, 0.00763898, 0.00279298, -0.00598563, -0.00621813, 9.94585e-05, -0.00213254, 0.00292295, 0.00244654, 0.00074234, -0.00421186, 0.00281593, -0.00216817, -0.000490474, -0.000259128
-0.00257521, 0.0315741, -0.00326528, -7.20988e-05, -0.00272285, -0.00221335, -0.0129435, -0.0136909, 0.0012477, 0.00156549, -0.00334261, -0.00380081, 0.00472498, -0.00234502, 0.00615037, 0.00312987, -0.000798542, -0.00467054, -0.00138905, 0.00205654, -0.00130566, 0.000908136, -0.000298067, 0.00329583, 0.000817526, -3.71284e-05
-0.00611321, 0.0146761, 0.00583072, -0.0200281, 0.0152212, 0.0132586, 0.0109105, -0.0207809, 0.0058697, -0.000680507, -0.00566461, 0.00103319, -0.00672102, 0.00209698, -0.00177563, 0.00282187, -0.00567654, 0.00264146, 0.00199295, -0.00310746, -0.00436566, 0.000948136, -0.00112607, 0.000431831, -0.00173447, 4.08716e-05
-0.00254321, 0.00941011, 0.00363872, -0.0075381, 0.0151732, -0.00247935, -0.00106946, 0.00198912, -0.0027463, -0.00328651, -0.00329861, -0.00224281, -0.00639702, -0.00537102, 0.0106004, -0.00130213, -0.000738542, 0.00657746, -0.00075705, -0.00190946, 4.43396e-05, -0.00249786, -0.00132407, -0.00273417, -0.000278474, 0.00108087
0.0444748, -0.0352659, -0.0370393, 0.0106119, 0.0116872, -0.0126594, 0.0102105, -0.00930688, -0.0063483, 0.00470149, -0.00136061, 0.0239872, -0.00574902, 0.00392698, -0.000895626, 0.00142787, 0.00359946, -0.00253654, 0.00315295, -0.00259746, 0.00023034, -0.00372986, 0.000265933, -0.000574169, -0.000824474, 0.000610872
0.00348479, -0.0193699, -0.0147833, -0.0087941, 0.0231612, 0.00456865, 0.0191205, 0.00559112, -0.0120183, 0.00755949, 0.000683391, -0.00310681, -0.000843016, 0.00202098, 0.00575437, -0.00493213, -0.00195454, -0.00488654, 0.00020695, -0.000791457, 0.00121234, -0.00206786, -0.000202067, 0.000851831, -4.24742e-05, -0.000423128
0.0285668, 0.0191081, 0.0175027, -0.0321761, 0.00175915, -0.000671354, -0.0125035, 0.00095912, -0.0041943, 0.000895493, 0.00136539, 0.00237119, -0.00559302, 0.00590498, -0.00972563, -0.00702013, -0.000166542, -0.000738542, -0.00068905, -0.00194346, -0.00063966, 0.00102014, -0.000808067, -0.00173217, -5.24742e-05, -0.000799128
0.0482728, -0.0432499, -0.0183213, 0.0029419, -0.0125188, -0.00113135, 0.00615254, 0.00779912, -0.0066183, -0.00366851, 0.00416339, 0.00729319, -0.000229016, 0.012005, 0.00801837, -0.00266013, -0.00606054, -0.00436454, 0.00213095, 0.00293254, -0.00069766, -0.000155864, 0.000153933, -0.00248817, -0.000588474, 0.000888872
0.0310748, -0.0106699, -0.0144573, -0.0012121, -0.00863085, -0.0103834, 0.00839254, -0.00757488, 0.0045077, -0.00352651, 0.00760739, -0.00661881, 0.00857298, 0.00137098, 0.00459437, -0.00354013, -0.00417254, 0.00461146, 0.00462895, 0.000294543, -0.00421166, -0.00224386, 0.000927933, 0.000735831, -0.000214474, 0.000136872
-0.00128721, 0.0198581, 0.0103947, -6.20988e-05, 0.0138132, -0.00382135, -0.00919346, -0.0129269, 0.0046317, -0.00643851, -0.00603861, 0.00525319, -0.000921016, -0.00136702, -0.00987963, -0.00270413, -0.00239254, 0.00282146, 0.00130295, -0.00274346, 0.00107434, 0.000276136, -0.00246007, 0.00301183, -0.000220474, 1.88716e-05
0.00205679, 0.0425381, -0.0288413, 0.0024339, -0.0140628, -0.00690735, -0.00786946, -0.00202088, 0.0060657, 0.00506349, -0.00168461, -0.00561681, -0.00204502, 0.010623, -0.00158963, 0.000305865, 0.000559458, 0.000623458, -0.00212905, 0.00484054, 0.00010434, 0.00175614, -0.00253407, -0.000650169, -0.00101847, -1.12843e-06
-0.0112292, 0.00672411, -0.00111728, 0.000663901, -0.00869085, -0.000913354, -0.00661546, -0.00843488, 0.0056757, -0.00352651, -0.00978661, 0.0151252, 0.00946298, 0.00252898, 0.00573637, -0.00188413, 0.00128546, -0.000144542, -0.00050505, -0.00229546, 0.00094834, 0.00497414, -0.000536067, 0.00271383, 0.000597526, -0.000757128
0.0250988, 0.0200601, -0.0186113, 0.0137999, -0.0184088, -0.00190535, -0.0163735, 0.00066312, 0.0017417, 0.00128749, 0.000815391, -0.00375081, -0.00671902, -0.00133902, 0.00158037, 0.00461587, 0.00304546, -0.000320542, 0.00115695, -0.00230746, -0.00129166, 0.000124136, -0.00321007, 0.000727831, -0.000184474, -0.000295128
-0.0384352, -0.0148359, 0.00769272, 0.0371079, -0.000216845, -0.00131335, -0.00623546, 0.00801312, -0.0058603, -0.00377851, 0.00467739, 0.0127852, -0.00523702, 0.00322498, -0.00114363, 0.00186387, 0.000293458, -0.00506254, 0.00143095, 0.00666054, 0.00101634, 0.00527014, -0.00248407, -0.00257417, -0.00252447, -0.000335128
-0.0327772, 0.0574181, -0.000103284, -0.0189741, -0.0133648, 0.0152286, 0.000602544, 0.0114011, 0.0042857, -0.00969051, -0.00381061, -0.00488881, -0.00222702, 0.00261298, 0.00329037, -0.00247813, -0.00153854, -0.00477454, -0.00267705, 0.00130854, -0.00311166, 0.000900136, -9.00673e-05, 0.00277783, 0.000955526, -0.000275128
0.0417548, -0.0508179, -0.0251813, 0.0037499, 2.91548e-05, -0.00336335, 0.0153045, -0.00207088, 0.0122777, -0.0102485, -0.00246261, -0.00199881, 0.00630298, 0.016115, 0.00710837, -0.00924213, 0.000565458, 0.00470546, -0.00099105, -0.00133146, -0.00174766, -0.000781864, -0.000610067, 0.00293983, 0.000405526, -0.000411128
0.0117548, 0.0115421, -0.00979528, -0.0075301, -0.0231108, -0.0159234, -0.0112615, 0.0332731, 0.0022777, -0.00657651, 0.00272939, 0.0112732, -0.00397902, 0.014359, -0.00294363, -0.00214213, -0.00106454, -0.000730542, -0.00468105, 0.00215654, -0.00078566, -0.000369864, 0.000551933, 0.000339831, -0.000416474, 0.00105287
-0.0287652, -0.0101059, -0.00468928, 0.0285639, 4.91548e-05, 0.00279665, 0.00908854, -0.00202688, 0.0029017, 0.00258549, -0.00728861, -0.00367081, 0.00366298, -0.000977016, -0.00229963, 0.00762787, -0.00169054, -0.00400854, 0.0103209, 0.00117054, 0.00150634, -0.00150386, -2.40673e-05, -0.00146017, -0.000156474, -0.00160713
0.0306748, -0.0103619, -0.00965728, 0.0179699, -0.0158508, -0.00468535, 0.00691454, 0.00215512, -0.0075123, -0.000644507, -0.00429061, -0.00550081, -0.00855102, -0.00251902, 0.00509637, 0.00152587, 0.00237946, -0.000570542, 0.00044295, 9.4543e-05, 0.00024034, -4.98639e-05, 0.00331993, 0.000339831, -0.00120647, 0.000246872
-0.00516721, 0.00940811, 0.00370872, -0.0120021, 0.00472715, -0.00264135, 0.0142345, 0.00087912, 0.0013517, -0.00253051, -0.00922261, -0.00309481, -0.000605016, -0.00463102, -0.00625363, 0.00434987, -0.00294654, 0.00133746, 0.00115695, -7.5457e-05, 0.00354434, 0.00244814, 0.00309793, -0.00143617, 0.000195526, 0.000166872
-0.0210292, -0.0348559, -0.000803284, -3.00988e-05, 0.0207812, -0.00143935, 0.00599654, -0.0104469, 0.0071277, -0.00379051, 0.0129134, 0.00587919, 0.00879298, -0.00259302, 0.00257837, 0.00457987, -0.00507654, 0.00309346, 0.00523295, 0.000200543, 0.00294634, 0.000726136, -0.00151607, -0.000418169, 0.00122753, -7.71284e-05
-0.0147852, 0.0540641, -0.0126393, -0.0128561, -0.00740485, -0.000879354, 0.00742654, -0.00189088, -0.0013823, -0.00648451, 0.00778139, 0.00458519, 0.00155498, -0.00109502, -0.00423563, 0.000769865, 0.000793458, -0.00432254, -0.00252305, 4.2543e-05, -0.00191166, -0.000737864, -0.00161607, 0.000675831, -0.00300047, 7.08716e-05
0.0162328, 0.00179611, -0.0230133, -0.000530099, -0.00821085, 0.0264306, -0.00746946, 0.00661512, -0.0102003, -0.00909851, -0.00472661, 0.00157519, 0.014381, -0.00288902, 0.00227237, 0.00142787, -0.00198254, 0.000349458, 0.00345295, -0.00160146, -1.56604e-05, -0.000225864, -0.00103207, -0.00134617, -0.00222847, 3.68716e-05
-0.0275092, -0.0222919, -0.0105613, 0.0259499, -4.48452e-05, 0.00203465, -0.0122535, 0.00653312, -0.000600304, 0.00679749, 0.00486139, 0.00707119, 0.00722098, -0.00267302, 0.00556837, -0.00170813, 0.00299746, 0.00317146, 0.00465295, -0.000403457, -0.00467966, 0.00350814, 0.00159593, 0.000153831, 0.000603526, 4.87157e-06
0.0274508, 0.0325621, -0.0232573, -0.0132461, -0.00386485, 0.0195126, -0.0168815, -0.0126329, -0.0075743, 0.00150149, 0.0107074, -0.0104708, 0.000286984, 0.00187498, -0.00392763, 0.000253865, -0.00437254, 0.00173946, -0.00048905, 0.00632054, -0.00237966, -0.00102986, 0.000793933, -0.00188017, -0.000878474, -0.000119128
0.0413388, 0.00658611, -0.0307053, -0.0016981, -0.00664285, -0.00279135, 0.0139345, -0.00621088, -0.0085403, -0.000362507, 0.00302539, 0.00453119, -0.010687, -0.00947902, 0.00982637, 0.000189865, -0.00264454, -0.000404542, -0.00427905, 0.00176054, 0.00150434, 0.00109614, -0.00169007, 0.00126783, 0.000769526, 0.000304872
-0.00723721, -0.0276239, -0.0159053, 0.0054599, 0.0144312, 0.00919065, 0.0157725, -0.00626888, 0.000385696, 0.000545493, 0.00790939, -0.00306281, -0.000695016, -0.00689702, 0.0168584, -0.00532413, -0.00184054, -0.00358854, -0.00075305, 0.00677454, 0.00119634, -0.000915864, 0.00145793, -0.000122169, 0.000437526, -0.000185128
0.00430879, 0.00898211, -0.0134613, 0.0174239, -0.00673285, -0.00997135, -0.0177715, -0.00105288, -0.0100103, 0.00698149, 0.00227139, -0.00240681, 0.014139, 0.000912984, 0.0100344, 0.000345865, 0.00380746, -0.00265854, -0.00174505, 0.00191654, 0.00025034, -0.000383864, -0.00192607, -0.00174017, -0.000386474, -0.00112713
-0.0342412, -0.000145892, -0.0222733, 0.0253399, 0.00642115, -0.00330535, 0.0371205, -0.00018688, 0.0020997, -0.00504251, -0.00146461, -0.00121881, -0.00276902, -0.00290702, -0.00375563, 0.00366987, -0.00525054, 0.00665146, -0.00193105, 0.000816543, -0.00208766, 0.00229814, 0.000387933, 0.000411831, 0.00108953, 0.000272872
-0.0119432, -0.0132979, 0.0111887, -0.0072001, 0.0100452, 0.00350065, -0.00782346, -0.00373488, 0.0010557, 0.0182755, -0.00692861, 0.00584919, -0.00132102, -0.00289102, 0.00881837, -0.00191613, -0.00312454, -0.00112654, 0.00534295, -0.00250146, -0.00071166, -0.00171986, -3.80673e-05, 0.000187831, 0.00133153, 0.000682872
0.0325348, -0.0384859, -0.0204893, 0.0354979, 0.00980915, -0.00338935, -0.0107735, -0.00512288, -0.0036563, 0.00234549, -0.00249861, 0.00134719, 0.011721, 0.000284984, -0.00621363, -0.00545813, 0.00317546, 0.000999458, 0.00018695, 0.00414854, -0.00084366, -0.000851864, -0.000830067, -0.00207617, -0.00256047, 0.00119887
0.0362028, -0.00396389, -0.0358213, -0.0098901, -0.0142188, 0.0340926, 0.00528454, -0.0125289, 0.0010557, -0.00552051, 0.0148414, -0.00842681, 0.00415698, -0.000331016, 0.00449437, -0.00404213, -0.00399854, -0.00556654, -0.00170305, 0.00112254, 0.00490034, 0.000610136, -0.00110007, 0.000129831, -0.000482474, 0.000702872
0.00412279, -0.0278499, -0.0222553, 0.0364419, -0.0153228, -0.0172734, 0.0168745, -0.00245688, 0.0049377, 0.00811749, -0.00635261, 0.000371188, 0.00816498, 0.00517898, 0.00170237, 0.00879387, -0.00398054, -0.00532254, 0.00037295, 0.000478543, 0.00219234, 0.00296214, -0.00218207, -0.000160169, 0.00231353, 0.000130872
0.0279768, -0.0309179, 0.00482672, 0.0041499, 0.00616115, -0.00632135, -0.00230146, 8.91204e-05, 0.0027377, -0.00670651, 0.00280939, -0.00711681, -0.00426702, 0.00327298, 0.00593037, 0.00207987, -0.00120054, 0.00118146, 0.00507295, -0.00237546, -0.00346166, -8.38639e-05, -0.00125007, -0.000992169, 0.000655526, 5.08716e-05
-0.00477521, -0.00905789, -0.00655128, -0.0067341, -0.00657285, -0.0137494, 0.00268654, 0.0210451, 0.0114277, 0.00134549, 0.00586339, 0.00437319, -3.01573e-06, -0.00102902, -0.00319363, 0.000601865, -0.00279254, 0.00154946, -0.00116305, -7.45701e-06, -0.00030966, -0.00251986, 0.00687993, 0.00205783, 3.5258e-06, 0.000624872
0.0853108, -0.0486879, -0.0278573, 0.0076699, 6.51548e-05, -0.0154934, 0.00534054, -0.00280688, -0.0070523, -0.000950507, 0.00369939, -0.00419681, 0.00817698, -0.00884702, 0.00183637, 0.000813865, -0.00417054, 0.00441946, 0.00280495, -0.00208946, 0.00259434, 0.00283014, -0.000556067, -0.00236417, -0.000536474, 4.68716e-05
-0.00119321, -0.00424989, 0.00749672, -0.0086061, 0.0313012, -0.0120134, -0.00917346, 0.00372712, -0.000162304, -0.00692251, -0.00177861, 0.00175919, 0.00199298, 0.00206498, -0.00550163, 0.00634987, 0.00134946, 0.00223946, -0.00371305, -0.00420946, 0.00041034, -9.78639e-05, -0.00124007, -0.00139817, 0.00150353, 6.48716e-05
0.0206568, -0.0119079, -0.0172953, 0.0127699, -0.00360085, -0.000699354, -0.00624346, -0.00827088, 0.0060497, -0.000634507, -0.00766861, -0.00468881, 0.013833, 0.013229, -8.76261e-05, -0.00433013, 0.00751546, 0.00125946, -0.00226305, -0.00187146, -0.00290766, -0.00249786, 0.000983933, -0.00310617, 0.00136953, 0.000406872
-0.0504892, -0.00805189, 0.0340187, 0.0029119, 0.0157112, 0.00813065, -0.0106375, -0.00172288, -0.0043443, 0.00264749, -0.00424461, 0.00885519, -0.00465502, 0.00618498, 0.0126184, -0.00130013, -0.000764542, -0.00289854, -0.00046705, 0.00108654, 0.00044634, 0.000918136, -0.00145407, -0.000480169, -0.000980474, -0.00103913
0.0639148, -0.0314259, 0.00246472, -0.0059501, -0.0103768, -0.0168574, -0.0123335, 0.00380912, -0.0044463, -0.00474651, -0.00928661, 0.0103592, 0.00402098, -0.00489902, 0.0101124, 0.0104259, -0.00124454, -0.00328054, -0.00353505, -0.000203457, 0.00339634, -0.00108186, -0.000306067, 0.00331383, -0.00161447, -0.000229128
-0.0153412, 0.0215161, -0.00514328, -0.0028601, -0.00601285, 0.000262646, 0.00232654, -0.0117129, 0.0217937, -0.00164851, -0.00218861, -0.00674681, -0.00240302, -0.00194902, 0.00533237, -0.00236013, 0.00614746, 0.00284346, 6.09499e-05, -0.00383946, 0.00464034, -0.00290786, -8.20673e-05, -0.00132617, 0.00108953, 0.000508872
0.0224148, 0.0116121, -0.0163793, 0.0254319, 6.91548e-05, -0.00500935, -0.0124875, 0.00555112, -0.0048183, -0.0110605, -0.000698609, 0.00585119, -0.00647302, -0.00711902, -0.00482363, -0.00276213, 0.00411946, 0.000493458, 0.00177295, -0.00211346, -0.00381766, 0.000262136, 0.000871933, 0.000993831, -0.00229647, 0.000414872
-0.0176492, 0.0311801, -0.00125928, -0.0053481, 0.00436315, 0.0140726, -0.0119415, 0.00735312, -0.0042683, 0.00191749, -0.0118926, -0.00212081, 0.00125298, 0.012249, -0.00438163, -0.00603213, -0.00164054, -0.00246054, 0.00132495, -0.00320746, 9.23396e-05, 0.000834136, -0.00126007, 0.000589831, -0.00220847, 0.000440872
0.0149628, -0.00511389, 0.0175407, -0.0102681, -0.00798485, 0.0237766, 0.00136854, 0.00235712, -0.0112503, -0.00546251, -0.00225861, -0.00288281, -0.00581902, 0.00441098, -0.000497626, -0.00438413, 0.00455346, -0.00417854, -0.00158305, -0.00210546, -0.00451566, -0.00105586, -0.000814067, 0.00175983, -0.000364474, -0.000191128
0.00324679, -0.00673389, -0.00921128, 0.0048839, -0.00558485, -0.000121354, -0.00483946, 0.00709512, 0.0010617, 0.00310949, 0.00286339, -0.00308081, 0.000528984, 0.00438498, -0.00452963, -0.00335413, 0.00764546, 0.00150946, -0.00035505, 0.00355454, -0.00189566, 0.00197814, -0.000134067, -0.00119217, -0.00119247, 0.000362872
0.000642787, -0.0263039, 0.0381027, -0.0152501, 0.00207515, -0.00618135, 0.00321454, -0.00204288, 0.0195797, -0.00419251, -0.00367861, -0.000828812, 0.00533098, 0.000702984, -0.00396163, 0.00346187, -0.00508654, 0.00158746, -0.00282505, -0.00312746, 0.00094434, -0.00209986, 0.000681933, -0.000328169, -0.000486474, 6.88716e-05
-0.0287972, 0.0295801, 0.0139127, 0.0091499, 0.0189292, -0.00720935, 0.00335854, 0.00091912, -0.0046343, -0.00716451, -0.00292861, 0.00102519, -0.00511702, -0.00641902, -0.00398563, 0.00448787, -0.00465054, -0.000314542, -0.00177105, -0.000589457, -0.00349366, -0.00418586, -0.000124067, 0.000451831, -0.000304474, -0.000125128
0.000916787, 0.00568211, -0.000553284, 0.0067919, -0.0124148, -0.00105335, -0.00285546, -0.00074688, 0.000221696, -0.00482451, 0.00504339, -0.00910881, -0.00274902, 0.00584898, 0.00470437, 0.00608387, 0.00470146, -0.000586542, 0.00270695, -0.00265146, -0.00141966, -0.00193986, -0.000192067, -0.000866169, -0.00108647, 0.000346872
-0.00622721, 0.00111411, 0.0412267, -0.0303961, -0.0193628, -0.00585735, 0.0146745, -0.0123209, 6.16963e-05, -0.00116251, 0.0104234, -0.00361481, -0.00454702, 0.011049, -0.00377163, 0.00499187, 0.00295746, 0.00178146, -0.00115905, 0.00391454, -0.00348766, -0.00193986, -0.00162807, 0.00348183, 0.000769526, -0.000971128
0.0173308, 0.0197061, -0.0275313, 3.99012e-05, -0.0202988, -0.00603735, -0.00706546, 0.00986512, -0.0122363, 0.00465549, 0.0170514, 0.00211719, -0.00327502, 0.00496298, 0.00580437, -0.00193013, 0.000395458, 0.00249346, -0.00114105, -0.00220546, -0.00187966, -0.00204386, 1.79327e-05, 0.000971831, -0.000390474, 0.000622872
0.0240008, -0.00372989, -0.00850128, -0.0114081, -0.00185085, 0.0112186, 0.00672054, -0.00916688, 0.000439696, 0.0114715, 0.000975391, -0.00335081, -0.00611502, -0.00537302, 0.000724374, -0.00375013, -0.00159054, 0.000381458, -0.00182305, -0.000345457, -0.00129766, 0.000244136, 0.00420393, -0.000546169, -0.00206647, 0.000534872
0.0171948, 0.00844011, 0.00210272, -0.0146461, -0.0113708, 0.00408265, -0.00683546, -0.00187888, 0.0072237, 0.00275149, 0.00286739, -0.00622881, -0.00660702, -0.00545902, 0.00409837, -0.00405013, 0.000519458, 0.00340746, 0.00588895, 0.000318543, 0.00043034, -0.00154986, -0.00119407, 0.00176583, -0.00165647, 0.000384872
-0.0193632, -0.00564389, 0.0369767, -0.0037101, 0.000105155, -0.00302535, 0.0159505, -0.00198888, -0.0030643, -0.000762507, -0.00738061, -0.00275681, 0.00241098, -0.00538102, 0.00759437, -0.00611613, -0.00149854, 0.00240546, -0.00122905, -0.00168546, -0.00095966, -0.000247864, -0.00153207, 0.000353831, 7.55258e-05, 0.000472872
-0.0434532, 0.0189101, 0.0226487, -0.0177021, -0.00754085, 0.0109946, -0.00988146, 0.00605312, 0.0048857, -0.00496651, 0.0160114, -0.00430281, 0.00357098, 0.00627898, -0.00355163, -0.00139413, 0.00261946, 0.000311458, -0.00092105, -0.00132746, 0.00151834, -0.000757864, -0.000538067, 0.00141583, 0.000851526, 0.000266872
-0.0259892, 0.0176981, 0.0319627, 0.0255079, -0.00438085, -0.0130674, -0.0135175, -0.0107929, -0.0032423, 0.0106475, -0.00491261, 0.00203719, -0.00185702, -0.00541502, 0.00802837, -0.00982213, 0.000761458, -0.00516454, 0.00096295, 0.000738543, 0.00129034, 0.00142614, -3.40673e-05, -0.00183417, -0.000608474, -0.000423128
-0.0128512, -0.00946189, 0.0131847, -0.0065041, -0.00491485, -0.00700535, 0.0108705, 0.0100651, 0.0054617, -0.00949451, 0.00751539, -0.00367281, 0.00387498, 0.00434898, 0.00874437, -0.00337413, -0.00231454, 0.00265546, -0.00143105, 8.4543e-05, 0.00133034, -6.58639e-05, -0.00257807, -0.00121617, -0.00173847, -0.00151313
0.0284308, 0.00703011, -0.000371284, 0.0033979, 0.00667715, -0.0105514, -0.0105575, -0.00745288, 0.0029117, -0.00481451, -0.00579461, 0.00160719, -0.00790702, -0.00191902, 0.00212037, -0.00212213, 0.00112746, 0.00341146, 0.00328495, -0.00383746, -0.00250966, -0.000553864, -0.000736067, 0.000449831, -0.00129247, -2.91284e-05
-0.00856921, -0.0223079, 0.0149207, 0.0329719, 0.0182072, 0.00617665, -0.0200995, -0.00197888, -0.0070923, -0.00806251, 0.00327539, 0.00279719, -0.00614702, 0.00476898, -0.00159963, -0.00307213, -0.000878542, -0.00550454, 0.00063095, 0.000942543, -0.00339966, 0.00236214, -8.60673e-05, 0.00123183, 0.000505526, 6.87157e-06
-0.0133432, 0.0477601, 0.0375367, -0.0066661, -0.0125748, 0.000446646, -0.0200515, -0.0141369, -0.000976304, -0.00731451, -1.26089e-05, -0.00598481, 0.00764698, 0.00328698, -0.00577563, -0.00501213, -0.000506542, -0.00147254, -0.00047905, 0.00177254, -0.00146166, -0.00124986, -0.000114067, -0.000180169, -0.00119247, 5.48716e-05
-0.0161412, 0.0398121, -0.0266433, 0.0265899, -0.0115408, 0.00941265, 0.0100385, 0.00605312, -0.0040203, -0.00876251, -0.0103946, -0.00141881, -0.00406902, -0.00492302, 0.00659837, -0.00122613, -0.00212054, -0.00283854, -0.00450105, 0.000126543, 0.00199234, 0.000622136, -0.00134207, -0.000848169, -0.00117047, 0.000714872
-0.0409752, 0.0219741, 0.0370467, 0.0022599, -0.00466085, -0.00113535, 0.00323454, -0.00987888, -0.0073023, -0.00141851, -0.00853261, 0.0139232, -0.00727502, -0.00393502, 0.00630237, -0.000764135, -0.00128454, -0.00183254, 0.00559895, 0.000860543, -0.00071566, -0.000659864, -0.000876067, 0.00154983, -0.00214647, 0.000642872
-0.0189232, 0.000554108, -0.0139493, 0.0154359, -0.00987085, 0.00484465, 0.00147054, 0.0156931, 0.0031377, -0.00522851, -0.00390861, -0.000828812, 0.00185298, -0.00927502, 0.00983837, -0.00143813, 0.00389946, 0.00413346, 0.00023295, -0.00263146, 0.00155434, -0.000495864, 0.00102193, 0.00287183, 0.000541526, -0.000533128
0.0116528, 0.0233341, -0.0174813, -0.0015921, 0.00232915, -0.00355935, -0.000497456, 0.0155151, -1.03037e-05, -0.00792451, -0.00571461, 0.00573319, -0.00263702, -0.00542502, -0.00204363, -0.00138813, -0.00676654, -0.000938542, -0.00107905, -0.000399457, -0.00013766, -0.00202786, -0.00143407, -0.000280169, 0.00148353, 0.00128887
-0.00221921, -0.0320899, 0.0253667, -0.0084981, -0.00443085, 0.00758065, 0.0111485, 0.0132691, -0.0095163, 0.00690549, -0.00671861, -0.000886812, -0.00558502, -0.00963702, 0.000754374, 0.000863865, 0.00276146, 0.000497458, 0.00325495, 0.000384543, 0.00110234, 0.00704214, -0.000882067, 8.5831e-05, -0.000526474, -2.71284e-05
-0.00195321, -0.0100699, 0.0267047, -0.0151221, -0.00186485, -0.00385135, -0.00702346, -0.00274688, -0.0070683, 0.00473549, 0.00579739, 0.00188319, -0.000499016, 0.00422298, 0.000478374, -0.00119813, -0.00151654, 0.000147458, 0.00119895, 0.00110254, -0.00128966, 0.00424614, 0.000577933, 0.00316583, -0.000622474, 0.000564872
0.0212148, -0.00100189, 0.0181427, -0.0054121, -0.0102928, -0.00192135, -0.0102895, -0.0145469, -0.0028003, 0.000773493, 9.73911e-05, -0.00372881, -0.00176302, 0.010041, 0.00188637, -0.00528013, -0.00464854, -0.00184454, 0.00128495, 0.00671454, 0.00168634, -0.00296386, 0.00206393, 0.00478383, -0.00154247, -0.000653128
-0.0395872, 0.00304011, -0.00908928, 0.0066039, 0.0208232, 0.00422665, -0.00852746, 0.00995712, -0.0126643, 0.00615549, 0.0135974, 0.00631919, -0.00128102, -0.00196102, 0.00304237, 0.000375865, 0.00443546, -0.00403254, -0.00322105, 0.00730654, -0.00219766, -0.00264186, -0.00152007, -0.000516169, 0.000465526, 0.000890872
0.0184168, -0.0165679, 0.0114687, -0.0147521, 0.00879515, -0.00434135, 0.00123454, -0.0102109, 0.0023197, -0.00703651, -0.00791061, 0.00551919, 0.00223098, 0.00288898, -0.00326563, 0.000707865, -0.00350054, -0.000758542, 0.00223695, -0.000789457, 0.00140634, 0.00471214, 0.00466793, 0.000329831, 0.00169353, 0.000504872
-0.0221512, 0.000396108, -0.00324528, 0.0302539, -0.0107508, 0.0105486, -0.000775456, 0.00817712, -0.0016343, -0.00624251, -0.000498609, -0.00386481, -0.00370902, 0.00344498, -0.00272963, 0.00139787, -0.00594854, 0.00188346, 0.00131895, 0.00623654, -0.00405566, -0.000147864, 0.00148793, -0.000404169, 0.000225526, 0.000786872
-0.00623721, -0.0110379, -0.0254693, 0.0106139, 0.00813915, -9.13538e-05, 0.00689854, 0.00849312, -0.0050363, -0.00655851, 0.00199939, 0.00533519, -0.000315016, 0.00315098, 0.00596037, -3.01347e-05, 0.00165546, 0.00805146, -0.00176905, 0.00232454, -0.00286766, -0.00153786, -0.000698067, -0.00158217, 0.000919526, -0.000311128
-0.0509832, 0.00790611, 0.00502472, 0.0146719, 0.0202172, -0.00300735, 0.00401854, -0.0131029, 0.0101017, 0.00221749, 0.0112874, -0.00501481, -0.000591016, 0.00640498, -0.00302763, -0.00189213, -0.00249054, 0.00205546, 0.00254095, 0.000180543, -0.00156766, -0.00289186, -0.000870067, -0.00153017, -0.000906474, 0.00124887
0.0271188, 0.0397461, -0.0242693, -0.0012821, -0.00128485, 0.00236265, 0.00136454, 0.00139712, -0.0130663, -0.00673851, 0.000675391, -0.00894681, -0.00459302, -0.000133016, -0.000983626, -0.00537813, -0.00251254, 0.000481458, -0.00242305, -0.000791457, -0.00112566, 0.000716136, -0.000508067, 0.000713831, -0.000464474, -7.51284e-05
0.000458787, 0.0204861, -0.0318353, 0.0169939, -0.00169885, -0.0160814, -0.00275746, -0.00218688, 0.0018997, -0.00390451, 0.00345139, -0.00904481, 0.00177698, 0.00528898, 0.0123804, -0.000130135, -0.000192542, 0.0101235, -0.00136505, -0.00104946, -0.00085766, -0.00140786, 0.000281933, 0.000423831, -0.000208474, -0.000845128
-0.00688521, -0.0307179, 0.0285907, 0.0058079, -0.00233285, 0.0132106, 0.00190854, 0.00229312, -0.0032043, -0.00511851, 0.00780139, -0.00371681, 0.00423498, -0.00626302, -0.00385163, -0.00353413, 0.00496346, 0.00401746, 0.00039895, -0.000431457, -0.00108766, -0.00105386, -0.00455007, -0.000128169, 0.000267526, -0.000619128
-0.0217652, 0.0164541, 0.0115987, 0.0081939, -0.0178228, -0.00711935, 0.00116254, 0.0153091, 0.0012997, 0.000275493, 0.0138214, -0.00773881, -0.00203102, 0.00414698, 0.00103037, -0.00299013, 0.00124146, -0.00511254, 0.00048295, -0.00147946, -0.00362966, -0.00150386, -0.00243007, -0.00306217, 0.000497526, 0.00117087
0.00180279, 0.00839411, 0.00722872, 0.0252839, -0.00677285, 0.00603865, -0.00781746, -0.0107209, 0.000785696, -0.00645251, -0.00617661, -0.00708281, -0.00371902, -0.00864102, 0.00292237, 0.00310987, -0.000256542, 9.94585e-05, 0.00154695, 0.000998543, -0.00238766, 0.00144014, -0.00296207, 0.00143783, 0.00185753, 4.28716e-05
