0.189918, 0.095296, 0.079276, 0.029682, 0.022052, 0.025954, 0.01498, 0.006896, 0.015008, 0.009022, 0.0066, 0.008726, 0.005758, 0.007174, 0.006432, 0.004924, 0.004226, 0.00364, 0.003936, 0.003232, 0.003146, 0.00377, 0.003404, 0.003002, 0.003362, 0.440584
0.274808, 0.078426, 0.06681, 0.048688, 0.01347, 0.023886, 0.015576, 0.01179, 0.005954, 0.00717, 0.007196, 0.004572, 0.003378, 0.005406, 0.00327, 0.004052, 0.006754, 0.005804, 0.003438, 0.00414, 0.003464, 0.00259, 0.003956, 0.0036, 0.00321, 0.388592
0.265598, 0.091058, 0.03529, 0.022012, 0.041236, 0.018502, 0.024408, 0.014676, 0.011306, 0.018274, 0.010366, 0.007888, 0.012354, 0.007036, 0.007138, 0.006062, 0.006286, 0.00374, 0.004588, 0.003474, 0.005234, 0.003308, 0.004294, 0.004086, 0.001934, 0.369852
0.244238, 0.036756, 0.096314, 0.051486, 0.023928, 0.02215, 0.035964, 0.028528, 0.012036, 0.010314, 0.006252, 0.010834, 0.008164, 0.008322, 0.006066, 0.005716, 0.005434, 0.004786, 0.003414, 0.002372, 0.003576, 0.003352, 0.001634, 0.002898, 0.00308, 0.362386
0.23283, 0.102648, 0.043732, 0.051764, 0.012608, 0.021798, 0.01418, 0.021596, 0.023656, 0.011674, 0.014758, 0.010818, 0.013258, 0.01095, 0.008934, 0.005248, 0.005672, 0.007812, 0.005406, 0.003906, 0.004622, 0.004258, 0.003912, 0.002968, 0.003014, 0.357978
0.193032, 0.130292, 0.026768, 0.06242, 0.035204, 0.031842, 0.011246, 0.020064, 0.019232, 0.010984, 0.011614, 0.009682, 0.01064, 0.013168, 0.007754, 0.008186, 0.004626, 0.004796, 0.005472, 0.004856, 0.004042, 0.004444, 0.002926, 0.004596, 0.002442, 0.359672
0.165348, 0.047024, 0.124774, 0.012756, 0.067338, 0.036436, 0.02568, 0.019572, 0.013606, 0.008624, 0.017254, 0.013026, 0.011658, 0.011894, 0.010658, 0.004834, 0.008316, 0.01255, 0.007918, 0.005142, 0.004866, 0.00342, 0.003644, 0.004898, 0.003288, 0.355476
0.16629, 0.124738, 0.069494, 0.033486, 0.02068, 0.029642, 0.023644, 0.016798, 0.019412, 0.02464, 0.012298, 0.01109, 0.017156, 0.009902, 0.009144, 0.00826, 0.00703, 0.008292, 0.004506, 0.006102, 0.004032, 0.004222, 0.004508, 0.002974, 0.005046, 0.356614
0.12202, 0.150286, 0.044434, 0.031274, 0.018726, 0.030504, 0.058522, 0.02073, 0.020594, 0.007436, 0.022184, 0.01489, 0.018506, 0.018538, 0.008122, 0.013832, 0.006362, 0.00645, 0.00445, 0.004648, 0.00476, 0.003994, 0.003594, 0.005396, 0.00303, 0.356718
0.187768, 0.036884, 0.082982, 0.02703, 0.038864, 0.02771, 0.04855, 0.020776, 0.012064, 0.012938, 0.015068, 0.02801, 0.014576, 0.014824, 0.010628, 0.010942, 0.007736, 0.007394, 0.009074, 0.006522, 0.006124, 0.006692, 0.003766, 0.00359, 0.003888, 0.3556
0.147882, 0.1, 0.043154, 0.077258, 0.037148, 0.02992, 0.012486, 0.017668, 0.017028, 0.012916, 0.02459, 0.010788, 0.008122, 0.011632, 0.016424, 0.012354, 0.014392, 0.00824, 0.008396, 0.008586, 0.004804, 0.005574, 0.006068, 0.004338, 0.004598, 0.355634
0.121406, 0.135636, 0.083734, 0.026122, 0.03815, 0.02499, 0.011106, 0.02042, 0.016328, 0.022108, 0.018614, 0.006078, 0.011728, 0.017414, 0.01092, 0.018406, 0.012938, 0.008426, 0.004938, 0.009178, 0.00841, 0.005664, 0.003236, 0.003826, 0.00447, 0.355754
0.155106, 0.080534, 0.028458, 0.05626, 0.03075, 0.020808, 0.032306, 0.041666, 0.00969, 0.01272, 0.021878, 0.025742, 0.008822, 0.020014, 0.021564, 0.012464, 0.011046, 0.00703, 0.01413, 0.008034, 0.004412, 0.004802, 0.007212, 0.004822, 0.003766, 0.355964
0.153762, 0.114464, 0.098846, 0.015074, 0.02694, 0.016554, 0.019786, 0.027754, 0.021108, 0.013848, 0.014326, 0.017388, 0.010616, 0.014902, 0.004476, 0.011862, 0.00731, 0.00723, 0.007488, 0.011324, 0.005518, 0.010922, 0.003618, 0.0059, 0.003456, 0.355528
0.123478, 0.04551, 0.096276, 0.052122, 0.05164, 0.02876, 0.037862, 0.01449, 0.013114, 0.03814, 0.007506, 0.020114, 0.017068, 0.019906, 0.01375, 0.011322, 0.00701, 0.007554, 0.008086, 0.005314, 0.006754, 0.007194, 0.004318, 0.005556, 0.003388, 0.353768
0.098014, 0.098262, 0.087824, 0.021092, 0.031626, 0.056146, 0.0222, 0.023574, 0.013528, 0.027776, 0.02806, 0.019692, 0.013984, 0.010924, 0.012758, 0.01522, 0.010798, 0.00799, 0.00889, 0.007602, 0.008764, 0.00728, 0.003512, 0.003404, 0.00454, 0.35654
0.133998, 0.056092, 0.046336, 0.072454, 0.022346, 0.036784, 0.026938, 0.031562, 0.01332, 0.0135, 0.015646, 0.028694, 0.016858, 0.023728, 0.02213, 0.018222, 0.00921, 0.012436, 0.00844, 0.004796, 0.009316, 0.00488, 0.006586, 0.004992, 0.004738, 0.355998
0.151026, 0.133, 0.034514, 0.029226, 0.022838, 0.025348, 0.03678, 0.022638, 0.034138, 0.02149, 0.007138, 0.013736, 0.0132, 0.014728, 0.013866, 0.008054, 0.009686, 0.014878, 0.003572, 0.008392, 0.004608, 0.008748, 0.003694, 0.003926, 0.004988, 0.355788
0.109262, 0.074958, 0.076568, 0.039078, 0.022164, 0.037776, 0.031364, 0.041206, 0.011264, 0.03652, 0.014188, 0.014146, 0.029846, 0.010264, 0.013508, 0.012002, 0.008236, 0.011288, 0.020778, 0.005584, 0.005688, 0.004992, 0.005584, 0.004186, 0.005152, 0.354398
0.137384, 0.04987, 0.083896, 0.057252, 0.039036, 0.01294, 0.034598, 0.025938, 0.02396, 0.016162, 0.011576, 0.012044, 0.018706, 0.01974, 0.016216, 0.01535, 0.007388, 0.008706, 0.011002, 0.010486, 0.007496, 0.007896, 0.009018, 0.002642, 0.004582, 0.356116
0.099726, 0.031178, 0.10424, 0.050212, 0.03342, 0.053994, 0.051068, 0.01947, 0.00923, 0.01894, 0.012666, 0.013334, 0.013134, 0.021246, 0.012506, 0.015608, 0.008118, 0.013606, 0.01662, 0.008062, 0.0086, 0.005412, 0.009014, 0.008692, 0.004578, 0.357326
0.134398, 0.089256, 0.059182, 0.02591, 0.050916, 0.034814, 0.024214, 0.010586, 0.01271, 0.019226, 0.022248, 0.016922, 0.016642, 0.022492, 0.01837, 0.008338, 0.018124, 0.0154, 0.006778, 0.010864, 0.008326, 0.006048, 0.005072, 0.004252, 0.003524, 0.355388
0.104854, 0.083274, 0.053616, 0.066288, 0.010508, 0.06285, 0.021916, 0.04111, 0.018394, 0.014302, 0.018778, 0.020166, 0.014762, 0.009816, 0.009566, 0.018858, 0.015692, 0.007998, 0.012124, 0.008194, 0.006168, 0.009076, 0.0046, 0.00753, 0.00332, 0.35624
0.100182, 0.113284, 0.05032, 0.048222, 0.025912, 0.029268, 0.04171, 0.021316, 0.018522, 0.01877, 0.02015, 0.0164, 0.011556, 0.024688, 0.01134, 0.012494, 0.009544, 0.014114, 0.015988, 0.009708, 0.007116, 0.007778, 0.005758, 0.00684, 0.003932, 0.355088
0.104024, 0.066352, 0.101414, 0.051332, 0.041098, 0.021088, 0.034942, 0.02707, 0.026928, 0.013768, 0.025268, 0.014706, 0.024144, 0.010144, 0.011194, 0.007224, 0.014476, 0.009758, 0.00951, 0.005432, 0.00452, 0.007472, 0.004826, 0.004326, 0.002604, 0.35638
0.121728, 0.113316, 0.053354, 0.045086, 0.029146, 0.01343, 0.017052, 0.049782, 0.015054, 0.009876, 0.02245, 0.030402, 0.016448, 0.017872, 0.010936, 0.012646, 0.01297, 0.011026, 0.009116, 0.005572, 0.006172, 0.006988, 0.006258, 0.00396, 0.004748, 0.354612
0.087688, 0.115044, 0.059276, 0.05238, 0.036672, 0.031352, 0.02173, 0.014176, 0.030284, 0.01474, 0.017732, 0.041168, 0.017306, 0.009558, 0.012548, 0.010878, 0.007058, 0.014836, 0.010266, 0.008966, 0.00562, 0.008164, 0.007832, 0.005114, 0.003968, 0.355644
0.11428, 0.051908, 0.09334, 0.022274, 0.065506, 0.043162, 0.024864, 0.018632, 0.021408, 0.025646, 0.023722, 0.01438, 0.01769, 0.01555, 0.009752, 0.01321, 0.014808, 0.012018, 0.007756, 0.008336, 0.007152, 0.003568, 0.00588, 0.005554, 0.004246, 0.355358
0.08678, 0.106854, 0.065978, 0.051142, 0.030318, 0.022646, 0.036446, 0.016808, 0.033214, 0.022606, 0.017328, 0.018522, 0.022292, 0.01409, 0.014274, 0.011384, 0.012362, 0.011586, 0.012, 0.007974, 0.006046, 0.005786, 0.010672, 0.005482, 0.002246, 0.355164
0.118604, 0.075554, 0.101366, 0.030106, 0.035056, 0.022292, 0.035048, 0.021986, 0.030098, 0.023484, 0.011802, 0.00644, 0.010608, 0.018414, 0.015168, 0.008676, 0.014716, 0.008616, 0.008324, 0.00923, 0.009322, 0.005342, 0.0142, 0.00663, 0.003758, 0.35516
0.146544, 0.071762, 0.043658, 0.042072, 0.030828, 0.042796, 0.030396, 0.009816, 0.012062, 0.018542, 0.043192, 0.026538, 0.011848, 0.019294, 0.017946, 0.0067, 0.008414, 0.014684, 0.009188, 0.006778, 0.006318, 0.006372, 0.005198, 0.00555, 0.00663, 0.356874
0.11527, 0.07299, 0.079818, 0.027166, 0.030824, 0.02275, 0.02327, 0.046716, 0.009488, 0.024418, 0.018582, 0.023508, 0.020714, 0.020132, 0.016462, 0.011882, 0.013402, 0.012332, 0.006348, 0.007522, 0.009766, 0.004188, 0.00941, 0.008514, 0.007988, 0.35654
0.078582, 0.11556, 0.02281, 0.076278, 0.025244, 0.031334, 0.027078, 0.027506, 0.019922, 0.012138, 0.02228, 0.017926, 0.017738, 0.03411, 0.01454, 0.017504, 0.011028, 0.017506, 0.009712, 0.009046, 0.00999, 0.00592, 0.007686, 0.006734, 0.006474, 0.355354
0.140894, 0.08239, 0.061634, 0.01328, 0.015056, 0.029308, 0.026426, 0.034906, 0.012812, 0.017394, 0.02652, 0.011514, 0.016466, 0.020732, 0.020302, 0.028388, 0.01193, 0.015592, 0.008658, 0.009152, 0.007606, 0.011828, 0.00566, 0.007186, 0.008116, 0.35625
0.119852, 0.134054, 0.026004, 0.01556, 0.037134, 0.026646, 0.04406, 0.017634, 0.0079, 0.015972, 0.01448, 0.013262, 0.032176, 0.01544, 0.026892, 0.014006, 0.01097, 0.016154, 0.010228, 0.009784, 0.0148, 0.005818, 0.006038, 0.006616, 0.003848, 0.354672
0.09501, 0.075948, 0.066686, 0.028164, 0.049238, 0.020332, 0.028578, 0.033764, 0.03684, 0.022036, 0.028682, 0.024746, 0.014762, 0.009806, 0.014366, 0.008782, 0.013138, 0.010862, 0.014154, 0.011838, 0.009848, 0.005306, 0.009932, 0.007572, 0.00401, 0.3556
0.059934, 0.067184, 0.122426, 0.037226, 0.019338, 0.05847, 0.03572, 0.026972, 0.023476, 0.022948, 0.013646, 0.02218, 0.018314, 0.011476, 0.016272, 0.015712, 0.012286, 0.008786, 0.011484, 0.007396, 0.00303, 0.010534, 0.003932, 0.00938, 0.004836, 0.357042
0.111582, 0.091782, 0.06826, 0.032302, 0.037608, 0.037678, 0.02315, 0.014962, 0.010804, 0.020966, 0.018276, 0.007922, 0.023914, 0.017264, 0.011872, 0.014916, 0.0265, 0.012864, 0.008328, 0.008086, 0.011902, 0.0071, 0.00792, 0.01054, 0.007886, 0.355616
0.07329, 0.079772, 0.117918, 0.043112, 0.042652, 0.025556, 0.029226, 0.011684, 0.014454, 0.01683, 0.019078, 0.026854, 0.015096, 0.018904, 0.020594, 0.0095, 0.016568, 0.009024, 0.009444, 0.00635, 0.011282, 0.007714, 0.008198, 0.005628, 0.005144, 0.356128
0.086384, 0.06419, 0.090116, 0.062696, 0.0416, 0.02874, 0.03153, 0.01914, 0.015446, 0.022602, 0.01845, 0.012386, 0.01926, 0.025428, 0.008462, 0.014542, 0.009862, 0.013514, 0.0182, 0.00736, 0.009296, 0.009708, 0.004002, 0.007274, 0.004938, 0.354874
0.149612, 0.038972, 0.075398, 0.035754, 0.0176, 0.016602, 0.035644, 0.040016, 0.02303, 0.022778, 0.022616, 0.016644, 0.014392, 0.010536, 0.021996, 0.008496, 0.022386, 0.014944, 0.013756, 0.008634, 0.006952, 0.007438, 0.007114, 0.006976, 0.005808, 0.355906
0.0987, 0.105194, 0.073924, 0.037772, 0.029546, 0.014024, 0.027732, 0.03094, 0.008996, 0.033608, 0.020812, 0.010434, 0.011628, 0.028492, 0.014396, 0.012058, 0.012714, 0.013112, 0.009166, 0.012466, 0.012852, 0.00881, 0.007204, 0.005848, 0.004188, 0.355384
0.080958, 0.109468, 0.056162, 0.028632, 0.037988, 0.089824, 0.02558, 0.024312, 0.013488, 0.014758, 0.012288, 0.018696, 0.020642, 0.016504, 0.012998, 0.011346, 0.01063, 0.010366, 0.010348, 0.00519, 0.005762, 0.00755, 0.008612, 0.006682, 0.006424, 0.354792
0.119806, 0.077282, 0.058158, 0.063128, 0.04432, 0.024066, 0.025534, 0.021332, 0.025832, 0.028946, 0.010764, 0.025122, 0.01033, 0.014922, 0.010968, 0.013732, 0.014692, 0.007066, 0.009156, 0.006234, 0.009964, 0.008464, 0.005994, 0.003466, 0.004188, 0.356534
0.109944, 0.062574, 0.05732, 0.033106, 0.032064, 0.062538, 0.034538, 0.017482, 0.015548, 0.020138, 0.014714, 0.024054, 0.02571, 0.020614, 0.014218, 0.012856, 0.016648, 0.019286, 0.008776, 0.007688, 0.01023, 0.007222, 0.00613, 0.006626, 0.00442, 0.355556
0.087342, 0.114062, 0.064052, 0.040436, 0.033676, 0.022052, 0.016858, 0.024946, 0.029418, 0.018864, 0.033072, 0.016162, 0.009744, 0.01476, 0.01998, 0.01984, 0.0107, 0.01681, 0.006532, 0.01067, 0.007548, 0.007576, 0.004564, 0.010472, 0.003618, 0.356246
0.095742, 0.032838, 0.089606, 0.061004, 0.035068, 0.036304, 0.034166, 0.026384, 0.00765, 0.020752, 0.0199, 0.027022, 0.021662, 0.0209, 0.020606, 0.012508, 0.01326, 0.013394, 0.009766, 0.00637, 0.011692, 0.011466, 0.004648, 0.00652, 0.005246, 0.355526
0.096442, 0.089658, 0.050806, 0.064726, 0.033034, 0.02705, 0.030366, 0.02117, 0.009436, 0.013938, 0.019774, 0.029528, 0.014272, 0.013588, 0.018936, 0.02056, 0.016138, 0.02192, 0.010688, 0.010368, 0.009332, 0.007298, 0.005942, 0.004902, 0.005112, 0.355016
0.128934, 0.072558, 0.072206, 0.040006, 0.042998, 0.02136, 0.027472, 0.017436, 0.019504, 0.027384, 0.01807, 0.021484, 0.019312, 0.013412, 0.0164, 0.01914, 0.006476, 0.008084, 0.008896, 0.00791, 0.01048, 0.007594, 0.004982, 0.006106, 0.005716, 0.35608
0.106894, 0.09761, 0.097966, 0.039674, 0.025506, 0.017922, 0.027916, 0.012432, 0.021404, 0.01671, 0.02197, 0.01569, 0.016228, 0.021816, 0.01094, 0.006682, 0.00718, 0.022394, 0.009616, 0.00731, 0.006594, 0.01077, 0.006886, 0.00827, 0.008622, 0.354998
0.088956, 0.101666, 0.05917, 0.028922, 0.034448, 0.04073, 0.023828, 0.023848, 0.018992, 0.02539, 0.02513, 0.026414, 0.01161, 0.032872, 0.011244, 0.008458, 0.00838, 0.018986, 0.01202, 0.008946, 0.009064, 0.007432, 0.00543, 0.007104, 0.005508, 0.355452
0.111232, 0.106402, 0.058054, 0.028858, 0.046136, 0.010482, 0.034536, 0.028652, 0.024476, 0.015958, 0.00734, 0.015772, 0.017876, 0.018636, 0.020576, 0.015564, 0.00652, 0.018166, 0.006708, 0.008118, 0.012154, 0.010272, 0.010686, 0.00467, 0.00679, 0.355366
0.11393, 0.06368, 0.08841, 0.020052, 0.027172, 0.05715, 0.01336, 0.025934, 0.02235, 0.02003, 0.02732, 0.018584, 0.024846, 0.019246, 0.014524, 0.012068, 0.012456, 0.010704, 0.01323, 0.007322, 0.007124, 0.007024, 0.006698, 0.005744, 0.006106, 0.354936
0.11925, 0.046034, 0.072646, 0.06982, 0.027592, 0.04526, 0.030008, 0.024146, 0.032758, 0.021796, 0.01452, 0.014002, 0.008874, 0.013566, 0.018994, 0.010924, 0.010736, 0.013616, 0.010234, 0.012114, 0.00717, 0.005098, 0.007088, 0.00266, 0.004538, 0.356556
0.17021, 0.09093, 0.019164, 0.042374, 0.03566, 0.023616, 0.043194, 0.036712, 0.023714, 0.016474, 0.00674, 0.014984, 0.02008, 0.011162, 0.00927, 0.008374, 0.012684, 0.006946, 0.01365, 0.008058, 0.00401, 0.010102, 0.003692, 0.006428, 0.006014, 0.355758
0.09928, 0.124142, 0.044066, 0.054332, 0.015784, 0.037334, 0.018568, 0.018586, 0.01583, 0.031816, 0.02598, 0.018842, 0.017962, 0.013188, 0.01068, 0.020114, 0.013276, 0.015662, 0.010318, 0.005822, 0.006518, 0.005038, 0.00772, 0.0076, 0.005594, 0.355948
0.093174, 0.123136, 0.059202, 0.054062, 0.031618, 0.017668, 0.018998, 0.021634, 0.022668, 0.012134, 0.016428, 0.02552, 0.01498, 0.02118, 0.016366, 0.014468, 0.014378, 0.009778, 0.012184, 0.00666, 0.009794, 0.008832, 0.009338, 0.005034, 0.004364, 0.356402
0.14464, 0.044222, 0.078386, 0.04097, 0.040962, 0.011856, 0.023112, 0.028874, 0.036872, 0.01286, 0.017704, 0.011832, 0.02525, 0.005774, 0.01768, 0.016098, 0.014536, 0.013248, 0.01181, 0.010912, 0.009838, 0.007798, 0.008172, 0.00529, 0.006348, 0.354956
0.078126, 0.094344, 0.05336, 0.049884, 0.015132, 0.025534, 0.039388, 0.034516, 0.01972, 0.027218, 0.01631, 0.021134, 0.029766, 0.016892, 0.018532, 0.014064, 0.010736, 0.018536, 0.014746, 0.006202, 0.008036, 0.009498, 0.009416, 0.006238, 0.00725, 0.355422
0.118574, 0.042268, 0.050288, 0.023124, 0.05372, 0.055676, 0.043084, 0.05006, 0.021954, 0.020262, 0.019058, 0.011368, 0.022516, 0.012904, 0.016764, 0.007636, 0.009056, 0.011446, 0.01015, 0.010744, 0.00855, 0.00207, 0.010242, 0.005874, 0.006048, 0.356564
0.10356, 0.11901, 0.041886, 0.050084, 0.044756, 0.022656, 0.011876, 0.039064, 0.027846, 0.013238, 0.013624, 0.023244, 0.012072, 0.005732, 0.015218, 0.020718, 0.009566, 0.007618, 0.012434, 0.01071, 0.00905, 0.00742, 0.00982, 0.005444, 0.006264, 0.35709
0.124628, 0.096086, 0.044892, 0.051146, 0.034076, 0.03196, 0.046412, 0.023976, 0.0217, 0.015116, 0.01252, 0.01287, 0.031084, 0.016522, 0.00783, 0.01165, 0.006906, 0.009914, 0.008832, 0.00722, 0.00608, 0.004644, 0.007264, 0.007318, 0.004552, 0.354802
0.157522, 0.074552, 0.068346, 0.032258, 0.026284, 0.019554, 0.024178, 0.018884, 0.029216, 0.013488, 0.028638, 0.018438, 0.022008, 0.007488, 0.016654, 0.016018, 0.011886, 0.010304, 0.008638, 0.007556, 0.00598, 0.007546, 0.005624, 0.008384, 0.005466, 0.35509
0.159332, 0.045446, 0.050792, 0.042044, 0.034254, 0.035178, 0.033346, 0.02216, 0.02357, 0.007614, 0.01917, 0.01836, 0.012282, 0.036502, 0.017874, 0.012752, 0.011146, 0.010182, 0.010534, 0.012874, 0.009258, 0.005512, 0.005586, 0.005684, 0.00294, 0.355608
0.05209, 0.091814, 0.06556, 0.043646, 0.024856, 0.04923, 0.036134, 0.025244, 0.028492, 0.024094, 0.03349, 0.018562, 0.020398, 0.026742, 0.009726, 0.016294, 0.016164, 0.015596, 0.009962, 0.004456, 0.005962, 0.005474, 0.00629, 0.007908, 0.005074, 0.356742
0.102904, 0.088358, 0.078728, 0.058824, 0.019308, 0.039834, 0.02636, 0.025338, 0.02503, 0.01382, 0.015718, 0.01433, 0.01884, 0.021396, 0.010064, 0.014672, 0.011386, 0.014308, 0.007204, 0.007914, 0.007262, 0.007006, 0.007438, 0.005908, 0.002866, 0.355184
0.084466, 0.119608, 0.047004, 0.026828, 0.039014, 0.026336, 0.036376, 0.022058, 0.019136, 0.026588, 0.018906, 0.029856, 0.01902, 0.02415, 0.02009, 0.008272, 0.012362, 0.0119, 0.00842, 0.009906, 0.005698, 0.011164, 0.005978, 0.006554, 0.005228, 0.355082
0.11567, 0.094074, 0.086556, 0.040522, 0.020268, 0.034612, 0.023298, 0.015104, 0.02013, 0.021386, 0.016636, 0.00753, 0.013078, 0.022584, 0.01476, 0.01506, 0.010988, 0.017138, 0.009716, 0.010056, 0.00687, 0.007076, 0.00714, 0.005526, 0.007724, 0.356498
0.128432, 0.084596, 0.03317, 0.037988, 0.03675, 0.025492, 0.031726, 0.036064, 0.022022, 0.016278, 0.027954, 0.007246, 0.023524, 0.020912, 0.021176, 0.010998, 0.015314, 0.00806, 0.011246, 0.009172, 0.008994, 0.00812, 0.00673, 0.006156, 0.005928, 0.355952
0.122406, 0.06063, 0.090664, 0.045392, 0.041108, 0.049944, 0.028714, 0.018942, 0.01627, 0.015672, 0.01203, 0.024682, 0.015224, 0.011188, 0.010346, 0.01104, 0.0134, 0.007284, 0.009416, 0.005224, 0.007456, 0.009384, 0.004032, 0.00666, 0.006118, 0.356774
0.147936, 0.103566, 0.086878, 0.032296, 0.0141, 0.012764, 0.035056, 0.024614, 0.021178, 0.013916, 0.010054, 0.009018, 0.01593, 0.018838, 0.01018, 0.010574, 0.010238, 0.013758, 0.015772, 0.00481, 0.00873, 0.00479, 0.0071, 0.007362, 0.003994, 0.356548
0.102772, 0.090078, 0.07811, 0.020366, 0.02644, 0.01841, 0.048962, 0.009344, 0.021768, 0.019822, 0.03295, 0.009794, 0.014216, 0.026044, 0.023682, 0.00949, 0.012234, 0.012612, 0.008712, 0.013972, 0.009614, 0.013926, 0.006842, 0.007306, 0.006314, 0.35622
0.059058, 0.110912, 0.090684, 0.029394, 0.051764, 0.038848, 0.031884, 0.014218, 0.015444, 0.009574, 0.01637, 0.02696, 0.017502, 0.02944, 0.011246, 0.015412, 0.007728, 0.009574, 0.010826, 0.009124, 0.01468, 0.007024, 0.006512, 0.006314, 0.004108, 0.3554
0.095342, 0.090442, 0.112346, 0.03681, 0.03456, 0.04393, 0.013426, 0.021632, 0.010134, 0.01886, 0.018554, 0.01168, 0.01852, 0.012538, 0.016414, 0.01434, 0.011726, 0.012232, 0.008496, 0.004004, 0.009606, 0.00704, 0.006574, 0.007356, 0.006906, 0.356532
0.108082, 0.055088, 0.071992, 0.06072, 0.031758, 0.02522, 0.040864, 0.02793, 0.027966, 0.013254, 0.019188, 0.011304, 0.027312, 0.015606, 0.014634, 0.02014, 0.014126, 0.01422, 0.009104, 0.003888, 0.003782, 0.010544, 0.005706, 0.008692, 0.004174, 0.354706
0.083526, 0.078656, 0.040972, 0.043368, 0.03487, 0.02845, 0.017608, 0.033102, 0.024158, 0.024518, 0.036558, 0.04292, 0.016278, 0.020676, 0.013222, 0.01251, 0.00952, 0.012638, 0.010266, 0.017128, 0.016314, 0.00547, 0.00587, 0.009442, 0.007246, 0.354714
0.134074, 0.061014, 0.03673, 0.045124, 0.020802, 0.03237, 0.021216, 0.030668, 0.018412, 0.046532, 0.015888, 0.024288, 0.02578, 0.017874, 0.016536, 0.013884, 0.013088, 0.015082, 0.012808, 0.008362, 0.00945, 0.004626, 0.004422, 0.008656, 0.007258, 0.355056
0.121678, 0.10505, 0.054224, 0.023442, 0.026378, 0.032728, 0.031094, 0.011354, 0.015462, 0.027706, 0.01797, 0.021444, 0.0249, 0.010032, 0.018672, 0.008212, 0.016074, 0.0141, 0.006986, 0.012186, 0.010192, 0.01039, 0.008018, 0.007438, 0.009308, 0.354962
0.148794, 0.085398, 0.065532, 0.021028, 0.037128, 0.024514, 0.022012, 0.025162, 0.025482, 0.013496, 0.013452, 0.023798, 0.012192, 0.01173, 0.014894, 0.016318, 0.019082, 0.013702, 0.009766, 0.006424, 0.005032, 0.00724, 0.0073, 0.00849, 0.005088, 0.356946
0.05704, 0.129902, 0.073202, 0.030844, 0.044672, 0.013842, 0.018116, 0.047814, 0.029282, 0.020424, 0.012548, 0.014388, 0.010116, 0.025392, 0.019826, 0.018518, 0.00619, 0.011766, 0.01436, 0.00847, 0.008666, 0.010954, 0.003842, 0.009676, 0.003158, 0.356992
0.115196, 0.071192, 0.03693, 0.077188, 0.050704, 0.034064, 0.010522, 0.029236, 0.008576, 0.022804, 0.02167, 0.021008, 0.018218, 0.025354, 0.01298, 0.01098, 0.01936, 0.008472, 0.005658, 0.010756, 0.008456, 0.00448, 0.008006, 0.006556, 0.0064, 0.355234
0.089678, 0.069694, 0.067748, 0.033064, 0.028972, 0.03101, 0.026192, 0.048086, 0.02816, 0.019542, 0.013158, 0.03057, 0.020292, 0.019408, 0.025224, 0.010564, 0.008888, 0.012158, 0.015582, 0.011758, 0.007854, 0.006716, 0.006126, 0.005426, 0.007964, 0.356166
0.092956, 0.096312, 0.077518, 0.068394, 0.01368, 0.020834, 0.051502, 0.015762, 0.011782, 0.013556, 0.02823, 0.015276, 0.02317, 0.020908, 0.00936, 0.012276, 0.01143, 0.012222, 0.011258, 0.00644, 0.004876, 0.006454, 0.008354, 0.005398, 0.005574, 0.356478
0.072238, 0.144258, 0.060786, 0.036528, 0.049406, 0.024616, 0.024384, 0.02783, 0.012582, 0.01825, 0.03522, 0.01428, 0.012874, 0.012312, 0.012462, 0.009726, 0.014306, 0.009156, 0.00811, 0.011032, 0.007846, 0.007666, 0.006826, 0.007386, 0.00318, 0.35674
0.103148, 0.124466, 0.065802, 0.033864, 0.024974, 0.021124, 0.018106, 0.02363, 0.01839, 0.022962, 0.011414, 0.029798, 0.015504, 0.038934, 0.014866, 0.010358, 0.012842, 0.00754, 0.011108, 0.0092, 0.003936, 0.004956, 0.007812, 0.004396, 0.005464, 0.355406
0.135984, 0.066938, 0.055762, 0.065886, 0.015808, 0.025184, 0.03075, 0.01965, 0.01971, 0.02659, 0.015328, 0.018538, 0.019432, 0.018358, 0.010928, 0.012848, 0.013108, 0.011218, 0.015626, 0.008602, 0.010588, 0.006896, 0.00861, 0.006586, 0.005396, 0.355676
0.099468, 0.09429, 0.090478, 0.030922, 0.014758, 0.033386, 0.02867, 0.016884, 0.016828, 0.017704, 0.018642, 0.018794, 0.030892, 0.018372, 0.010202, 0.018592, 0.010718, 0.00909, 0.00853, 0.010774, 0.0152, 0.013518, 0.006426, 0.005636, 0.006322, 0.354904
0.112014, 0.059796, 0.07891, 0.05186, 0.04044, 0.051708, 0.019352, 0.006608, 0.018788, 0.016524, 0.013348, 0.015086, 0.015456, 0.021244, 0.011822, 0.017992, 0.01523, 0.020184, 0.010318, 0.011378, 0.011634, 0.006112, 0.008574, 0.00719, 0.003556, 0.354876
0.093532, 0.101674, 0.068948, 0.042794, 0.026774, 0.018902, 0.03961, 0.03847, 0.026076, 0.031274, 0.014144, 0.010322, 0.021072, 0.008014, 0.011046, 0.01195, 0.01242, 0.010904, 0.009198, 0.011626, 0.008528, 0.0115, 0.004154, 0.006218, 0.005642, 0.355208
0.141674, 0.06554, 0.06031, 0.04254, 0.044294, 0.030444, 0.028846, 0.019924, 0.020192, 0.025732, 0.016912, 0.015278, 0.014448, 0.01215, 0.016138, 0.018784, 0.00937, 0.01206, 0.012902, 0.00425, 0.008762, 0.003966, 0.007506, 0.007448, 0.00459, 0.35594
0.132416, 0.07907, 0.07831, 0.042618, 0.015194, 0.032658, 0.019918, 0.021638, 0.026132, 0.012238, 0.009692, 0.02034, 0.025334, 0.012068, 0.029568, 0.013688, 0.01586, 0.01463, 0.006206, 0.0097, 0.003922, 0.004432, 0.008422, 0.005724, 0.004162, 0.35606
0.07644, 0.06823, 0.074044, 0.013784, 0.051638, 0.058194, 0.033262, 0.044018, 0.009736, 0.018038, 0.017486, 0.022528, 0.018478, 0.015182, 0.016134, 0.010036, 0.019358, 0.014382, 0.008026, 0.010768, 0.014534, 0.010866, 0.007616, 0.005804, 0.005646, 0.355772
0.139626, 0.054438, 0.055844, 0.030078, 0.026526, 0.04354, 0.018296, 0.028266, 0.032762, 0.024638, 0.01666, 0.012152, 0.016198, 0.01773, 0.01068, 0.015502, 0.025678, 0.0221, 0.009948, 0.00835, 0.008326, 0.010644, 0.00395, 0.005146, 0.007378, 0.355544
0.07901, 0.08193, 0.07012, 0.056902, 0.031554, 0.029288, 0.0261, 0.026614, 0.028102, 0.023564, 0.021868, 0.027658, 0.0095, 0.013886, 0.026182, 0.011572, 0.01181, 0.011334, 0.012228, 0.010406, 0.007076, 0.008394, 0.007324, 0.006564, 0.005252, 0.355762
0.10833, 0.099222, 0.08799, 0.050606, 0.024012, 0.02285, 0.019024, 0.021276, 0.014454, 0.010898, 0.019762, 0.017502, 0.01248, 0.017774, 0.027632, 0.023264, 0.01693, 0.006136, 0.010392, 0.00609, 0.00558, 0.004686, 0.007284, 0.004316, 0.005648, 0.355862
0.14572, 0.08849, 0.04526, 0.032348, 0.0272, 0.017178, 0.04061, 0.021668, 0.032094, 0.02598, 0.019482, 0.011862, 0.026208, 0.009864, 0.010904, 0.013166, 0.012032, 0.012006, 0.012188, 0.008248, 0.007716, 0.005632, 0.006704, 0.005616, 0.006134, 0.35569
0.102828, 0.078254, 0.0796, 0.037576, 0.029784, 0.04079, 0.03791, 0.03086, 0.01237, 0.011156, 0.015744, 0.02086, 0.01609, 0.015634, 0.01365, 0.010908, 0.015144, 0.011744, 0.014522, 0.009452, 0.010534, 0.007882, 0.00858, 0.006242, 0.006946, 0.35494
0.104416, 0.05572, 0.078068, 0.041712, 0.050986, 0.03566, 0.016876, 0.014176, 0.028178, 0.028156, 0.019586, 0.025888, 0.021934, 0.015732, 0.011934, 0.015884, 0.015636, 0.010742, 0.011728, 0.00644, 0.00592, 0.01132, 0.00499, 0.007398, 0.006128, 0.354792
0.065986, 0.067086, 0.108712, 0.056288, 0.02421, 0.028606, 0.02739, 0.02251, 0.02173, 0.031834, 0.017412, 0.012142, 0.030044, 0.024426, 0.012872, 0.017528, 0.007406, 0.012262, 0.01057, 0.006586, 0.00958, 0.008654, 0.006762, 0.005268, 0.008202, 0.355934
0.12791, 0.036536, 0.052292, 0.054588, 0.03675, 0.025158, 0.035094, 0.04353, 0.03207, 0.026388, 0.008946, 0.01924, 0.015434, 0.013048, 0.016224, 0.012004, 0.009802, 0.01536, 0.017608, 0.011122, 0.007806, 0.009902, 0.00464, 0.005572, 0.006728, 0.356248
0.120142, 0.122606, 0.032784, 0.078288, 0.043582, 0.017748, 0.025582, 0.011504, 0.012094, 0.012834, 0.007266, 0.018484, 0.022438, 0.010274, 0.01425, 0.013778, 0.013616, 0.009634, 0.008448, 0.006176, 0.007714, 0.011694, 0.008978, 0.005914, 0.007848, 0.356324
0.134372, 0.048704, 0.089078, 0.044064, 0.039632, 0.029558, 0.017162, 0.015978, 0.022654, 0.020848, 0.020418, 0.015224, 0.021768, 0.027102, 0.009056, 0.019078, 0.0074, 0.015948, 0.008826, 0.008568, 0.005582, 0.005426, 0.007188, 0.005188, 0.005404, 0.355774
0.114286, 0.075868, 0.060418, 0.04455, 0.054676, 0.027522, 0.029596, 0.026608, 0.022124, 0.021172, 0.015712, 0.021928, 0.009882, 0.014358, 0.017438, 0.01731, 0.010448, 0.009016, 0.013412, 0.006242, 0.008246, 0.007602, 0.006838, 0.004302, 0.004452, 0.355994
0.117254, 0.082278, 0.065148, 0.039526, 0.036146, 0.032514, 0.030836, 0.028438, 0.017792, 0.01932, 0.014054, 0.018028, 0.018102, 0.009474, 0.026382, 0.008452, 0.008672, 0.012718, 0.012546, 0.007346, 0.00533, 0.00922, 0.009318, 0.008046, 0.007926, 0.355134
0.084266, 0.092836, 0.073646, 0.03158, 0.05592, 0.034586, 0.03394, 0.022132, 0.010622, 0.02892, 0.023294, 0.015008, 0.011676, 0.014958, 0.01992, 0.010626, 0.01563, 0.015644, 0.007438, 0.006438, 0.009792, 0.007218, 0.005366, 0.007024, 0.006286, 0.355234
0.057118, 0.12889, 0.04916, 0.028036, 0.032506, 0.031642, 0.067986, 0.031134, 0.020884, 0.02007, 0.02188, 0.02308, 0.00776, 0.014884, 0.011856, 0.015284, 0.017662, 0.010664, 0.008364, 0.008326, 0.0125, 0.005452, 0.007188, 0.005346, 0.00616, 0.356168
0.097268, 0.09774, 0.071162, 0.035742, 0.026428, 0.029436, 0.025108, 0.046388, 0.028328, 0.01209, 0.023276, 0.017184, 0.014026, 0.020104, 0.008954, 0.014066, 0.008144, 0.01279, 0.011198, 0.013304, 0.006754, 0.011738, 0.004366, 0.005728, 0.004312, 0.354366
0.088904, 0.071198, 0.049524, 0.03372, 0.053874, 0.021836, 0.060692, 0.034658, 0.013482, 0.017894, 0.013146, 0.033164, 0.016506, 0.014454, 0.014062, 0.019324, 0.01071, 0.0131, 0.009226, 0.009576, 0.009152, 0.008962, 0.007604, 0.00969, 0.009128, 0.356414
0.153726, 0.08446, 0.046476, 0.037094, 0.045218, 0.026236, 0.030836, 0.020182, 0.017388, 0.017354, 0.020744, 0.01523, 0.011608, 0.022952, 0.011482, 0.008254, 0.016468, 0.010404, 0.009534, 0.008278, 0.008304, 0.006966, 0.00553, 0.006796, 0.004848, 0.353632
0.087252, 0.086328, 0.074714, 0.058022, 0.039206, 0.029998, 0.027476, 0.028984, 0.015048, 0.027482, 0.014628, 0.013112, 0.024444, 0.021034, 0.006254, 0.018182, 0.007334, 0.013474, 0.008338, 0.012104, 0.006164, 0.005836, 0.006974, 0.00543, 0.00623, 0.355952
0.132554, 0.115158, 0.04816, 0.027818, 0.037468, 0.02435, 0.01478, 0.02834, 0.01963, 0.012044, 0.015134, 0.014098, 0.023584, 0.02726, 0.018434, 0.011, 0.00936, 0.013946, 0.008928, 0.005724, 0.008608, 0.01127, 0.00319, 0.008238, 0.005584, 0.35534
0.131032, 0.104572, 0.033288, 0.027826, 0.032122, 0.02676, 0.034736, 0.030926, 0.01877, 0.017584, 0.016538, 0.016118, 0.017206, 0.022194, 0.015922, 0.01413, 0.01343, 0.011054, 0.012672, 0.012382, 0.010992, 0.008726, 0.00513, 0.00534, 0.005666, 0.354884
0.117242, 0.127174, 0.05322, 0.076066, 0.028494, 0.031662, 0.012042, 0.022356, 0.014498, 0.011404, 0.01133, 0.015016, 0.017402, 0.013908, 0.01412, 0.007482, 0.008838, 0.007314, 0.008514, 0.009354, 0.009126, 0.006416, 0.009408, 0.006276, 0.006196, 0.355142
0.097486, 0.098044, 0.081868, 0.058618, 0.023374, 0.030518, 0.015416, 0.017286, 0.027878, 0.019106, 0.020984, 0.031496, 0.01682, 0.010652, 0.011368, 0.009564, 0.013654, 0.009706, 0.00582, 0.009306, 0.008896, 0.00865, 0.004032, 0.008178, 0.005626, 0.355654
0.103938, 0.050824, 0.027654, 0.050108, 0.04261, 0.032844, 0.03639, 0.027408, 0.033098, 0.01793, 0.020846, 0.019976, 0.031538, 0.01993, 0.01993, 0.021186, 0.018498, 0.01942, 0.007514, 0.007596, 0.009836, 0.008164, 0.007364, 0.005884, 0.004514, 0.355
0.07014, 0.154602, 0.06474, 0.03352, 0.023344, 0.026718, 0.03286, 0.022348, 0.020662, 0.017032, 0.015492, 0.015126, 0.020236, 0.01519, 0.017504, 0.014006, 0.019488, 0.014654, 0.007078, 0.013404, 0.00461, 0.006456, 0.005344, 0.004112, 0.005822, 0.355512
0.11783, 0.059128, 0.035646, 0.076622, 0.04344, 0.016766, 0.0346, 0.017908, 0.033742, 0.017684, 0.01803, 0.018994, 0.019262, 0.01562, 0.019502, 0.009264, 0.011258, 0.014208, 0.013888, 0.010034, 0.007354, 0.00993, 0.010578, 0.008516, 0.004388, 0.355808
0.137652, 0.067878, 0.050366, 0.028778, 0.03824, 0.01508, 0.04826, 0.02159, 0.00946, 0.020972, 0.024754, 0.012094, 0.02614, 0.044816, 0.014046, 0.012388, 0.012962, 0.010342, 0.00888, 0.00569, 0.007408, 0.00657, 0.006074, 0.008554, 0.006272, 0.354734
0.140958, 0.113316, 0.074402, 0.027414, 0.024374, 0.025254, 0.02104, 0.020454, 0.020738, 0.010942, 0.010248, 0.02256, 0.014594, 0.018814, 0.01133, 0.011242, 0.01473, 0.01349, 0.010866, 0.008284, 0.00897, 0.005756, 0.003806, 0.00519, 0.005338, 0.35589
0.110146, 0.093688, 0.036168, 0.057854, 0.024878, 0.0167, 0.054666, 0.026416, 0.029234, 0.014842, 0.015076, 0.01368, 0.022348, 0.013032, 0.02296, 0.012902, 0.008092, 0.014088, 0.010842, 0.00901, 0.009958, 0.010778, 0.005952, 0.007002, 0.005826, 0.353862
0.146618, 0.096428, 0.04528, 0.042426, 0.035256, 0.01454, 0.031406, 0.016962, 0.020554, 0.024788, 0.009942, 0.024536, 0.018172, 0.011202, 0.011966, 0.017014, 0.00845, 0.016824, 0.010246, 0.009152, 0.004264, 0.00738, 0.004878, 0.008426, 0.007538, 0.355752
0.140544, 0.046008, 0.057602, 0.067264, 0.026164, 0.026876, 0.033382, 0.019726, 0.021766, 0.023552, 0.020058, 0.018736, 0.01387, 0.015904, 0.0135, 0.009706, 0.012998, 0.012836, 0.015932, 0.00952, 0.008636, 0.007442, 0.009312, 0.007572, 0.005444, 0.35565
0.135238, 0.083422, 0.054694, 0.02538, 0.017488, 0.024032, 0.018366, 0.030406, 0.02818, 0.01464, 0.018928, 0.022578, 0.023064, 0.020298, 0.02171, 0.01828, 0.014604, 0.011242, 0.009934, 0.014026, 0.007314, 0.010706, 0.007476, 0.00567, 0.007438, 0.354886
0.11635, 0.095198, 0.044178, 0.043112, 0.044228, 0.020808, 0.035838, 0.025864, 0.022712, 0.027272, 0.011842, 0.009296, 0.014424, 0.014698, 0.015524, 0.009472, 0.01712, 0.016248, 0.011934, 0.015302, 0.008018, 0.005762, 0.006838, 0.008346, 0.005156, 0.35446
0.080166, 0.081898, 0.107606, 0.035572, 0.02854, 0.037502, 0.030048, 0.030084, 0.024398, 0.013618, 0.015754, 0.014942, 0.01156, 0.02562, 0.02091, 0.011028, 0.011592, 0.011658, 0.009852, 0.0092, 0.009958, 0.007008, 0.003538, 0.006724, 0.0041, 0.357124
0.142044, 0.086464, 0.056434, 0.058392, 0.024306, 0.019276, 0.024372, 0.025428, 0.014052, 0.021278, 0.014586, 0.022942, 0.009782, 0.015662, 0.016198, 0.01384, 0.016462, 0.011306, 0.010268, 0.009416, 0.005706, 0.009518, 0.00548, 0.003574, 0.00754, 0.355674
0.09911, 0.06599, 0.087288, 0.042616, 0.018902, 0.040568, 0.041498, 0.029532, 0.0207, 0.013482, 0.01329, 0.02058, 0.011968, 0.026, 0.018824, 0.016312, 0.014828, 0.009386, 0.014252, 0.00812, 0.006262, 0.005152, 0.007218, 0.006044, 0.00513, 0.356948
0.13653, 0.06876, 0.055282, 0.033554, 0.045982, 0.029658, 0.04568, 0.017606, 0.010308, 0.029684, 0.020532, 0.02093, 0.020344, 0.015502, 0.014948, 0.010298, 0.011192, 0.014266, 0.007362, 0.006678, 0.007228, 0.00528, 0.00835, 0.005832, 0.00388, 0.354334
0.073646, 0.10828, 0.054262, 0.016356, 0.035732, 0.032694, 0.07095, 0.016664, 0.013504, 0.02042, 0.033208, 0.019796, 0.01796, 0.015472, 0.012642, 0.008732, 0.023548, 0.014084, 0.011274, 0.00722, 0.010418, 0.00821, 0.009806, 0.005182, 0.004408, 0.355532
0.078104, 0.066046, 0.081284, 0.023034, 0.065496, 0.04273, 0.022634, 0.03582, 0.023422, 0.014092, 0.025414, 0.015598, 0.023584, 0.017136, 0.014676, 0.00995, 0.016918, 0.013692, 0.005182, 0.01602, 0.007508, 0.011168, 0.005806, 0.004626, 0.0037, 0.35636
0.096308, 0.072072, 0.062212, 0.03401, 0.027006, 0.045356, 0.035704, 0.03645, 0.033908, 0.02656, 0.02057, 0.022942, 0.015894, 0.016794, 0.011368, 0.006428, 0.008844, 0.017574, 0.011442, 0.011218, 0.007198, 0.006772, 0.00502, 0.005966, 0.0063, 0.356084
0.089356, 0.119684, 0.078062, 0.03918, 0.034982, 0.044088, 0.017176, 0.019676, 0.023006, 0.007816, 0.01574, 0.022276, 0.016332, 0.013122, 0.020318, 0.014622, 0.012928, 0.009754, 0.011114, 0.008742, 0.004838, 0.00395, 0.005266, 0.0053, 0.00621, 0.356462
0.088352, 0.136252, 0.053988, 0.040376, 0.032182, 0.014898, 0.035558, 0.023374, 0.020068, 0.02399, 0.01968, 0.019796, 0.009172, 0.011664, 0.014146, 0.024312, 0.010842, 0.007298, 0.0088, 0.016606, 0.00595, 0.00937, 0.007324, 0.004918, 0.005042, 0.356042
0.101954, 0.091476, 0.044564, 0.02887, 0.056358, 0.042044, 0.051958, 0.027314, 0.01706, 0.011472, 0.016304, 0.024234, 0.01688, 0.013326, 0.016952, 0.014952, 0.007258, 0.013372, 0.009944, 0.007456, 0.003464, 0.006184, 0.007146, 0.00872, 0.00501, 0.355728
0.121536, 0.082656, 0.051214, 0.023182, 0.031378, 0.030688, 0.030202, 0.021046, 0.02939, 0.014504, 0.034942, 0.019472, 0.01928, 0.024722, 0.014136, 0.018468, 0.007416, 0.018106, 0.007256, 0.007366, 0.00672, 0.009538, 0.009184, 0.00654, 0.00591, 0.355148
0.096628, 0.091444, 0.097134, 0.031776, 0.030996, 0.01773, 0.030742, 0.032456, 0.026658, 0.009902, 0.015824, 0.015464, 0.024826, 0.022868, 0.017194, 0.008212, 0.00839, 0.00941, 0.008314, 0.009566, 0.007348, 0.01078, 0.005636, 0.008208, 0.00699, 0.355504
0.097872, 0.1167, 0.061428, 0.04831, 0.031984, 0.041972, 0.016372, 0.03599, 0.014718, 0.024592, 0.013962, 0.012558, 0.012984, 0.01561, 0.016778, 0.014322, 0.009164, 0.011254, 0.009724, 0.008178, 0.005152, 0.005738, 0.00581, 0.005512, 0.007088, 0.356228
0.107558, 0.104164, 0.066928, 0.025406, 0.046492, 0.020896, 0.032384, 0.018956, 0.020516, 0.011082, 0.024202, 0.029824, 0.020634, 0.021414, 0.011562, 0.004252, 0.004648, 0.013642, 0.015248, 0.008152, 0.007316, 0.008022, 0.008412, 0.00651, 0.006716, 0.355064
0.0992, 0.083722, 0.057358, 0.036942, 0.051352, 0.036492, 0.022852, 0.020892, 0.019254, 0.026616, 0.01258, 0.025252, 0.012974, 0.016044, 0.022002, 0.010956, 0.011676, 0.008886, 0.016434, 0.017432, 0.008368, 0.008252, 0.005224, 0.006112, 0.007104, 0.356024
0.097244, 0.057914, 0.045128, 0.053672, 0.033618, 0.060282, 0.05025, 0.028654, 0.022642, 0.022096, 0.013398, 0.017892, 0.012998, 0.026562, 0.012874, 0.019908, 0.00541, 0.008086, 0.00915, 0.010624, 0.009948, 0.00669, 0.00819, 0.006292, 0.005124, 0.355354
0.11271, 0.10074, 0.043246, 0.04284, 0.019194, 0.031622, 0.046962, 0.025794, 0.033596, 0.016038, 0.023136, 0.010796, 0.015858, 0.014944, 0.016916, 0.009778, 0.013926, 0.01155, 0.014196, 0.008652, 0.00796, 0.007634, 0.007128, 0.005234, 0.003694, 0.355856
0.093038, 0.113752, 0.077706, 0.0547, 0.044284, 0.033238, 0.01325, 0.017838, 0.020386, 0.013238, 0.019748, 0.013008, 0.016908, 0.01712, 0.01024, 0.018374, 0.008632, 0.006326, 0.010252, 0.0101, 0.004618, 0.007128, 0.007944, 0.00533, 0.006512, 0.35633
0.089994, 0.092982, 0.074102, 0.057478, 0.033392, 0.010366, 0.039264, 0.03901, 0.025834, 0.016628, 0.009752, 0.013904, 0.015502, 0.012008, 0.024366, 0.013078, 0.004414, 0.011926, 0.01293, 0.011426, 0.008044, 0.011004, 0.004036, 0.006534, 0.005646, 0.35638
0.07591, 0.108798, 0.04225, 0.03557, 0.032862, 0.019844, 0.026812, 0.057414, 0.016312, 0.025138, 0.028858, 0.022098, 0.016388, 0.008646, 0.022168, 0.022068, 0.014648, 0.010644, 0.013112, 0.012526, 0.006844, 0.008022, 0.005958, 0.008088, 0.004438, 0.354584
0.061054, 0.100982, 0.063356, 0.024218, 0.046988, 0.059754, 0.018062, 0.024486, 0.021566, 0.02384, 0.024032, 0.031934, 0.020288, 0.014988, 0.018152, 0.014132, 0.011588, 0.010332, 0.011096, 0.006736, 0.007254, 0.009018, 0.005068, 0.0086, 0.005608, 0.356868
0.104294, 0.074864, 0.09649, 0.023398, 0.02087, 0.02767, 0.038786, 0.032826, 0.021974, 0.024284, 0.022678, 0.020762, 0.012966, 0.014362, 0.012668, 0.007362, 0.015962, 0.016012, 0.010706, 0.005666, 0.009584, 0.009562, 0.006758, 0.006294, 0.006536, 0.356666
0.094372, 0.085718, 0.08864, 0.041646, 0.021346, 0.048406, 0.02749, 0.013762, 0.01888, 0.029476, 0.015272, 0.016172, 0.019466, 0.015334, 0.02698, 0.009648, 0.013224, 0.011106, 0.006824, 0.006858, 0.00602, 0.007828, 0.008936, 0.00495, 0.005198, 0.356448
0.12082, 0.08228, 0.086862, 0.025578, 0.035718, 0.02389, 0.044696, 0.0328, 0.014912, 0.02441, 0.00496, 0.015142, 0.014318, 0.023198, 0.006692, 0.00695, 0.015962, 0.013976, 0.0054, 0.008078, 0.007896, 0.007756, 0.007712, 0.006522, 0.00747, 0.356002
0.065136, 0.156354, 0.037804, 0.042956, 0.020196, 0.032224, 0.034712, 0.034494, 0.016226, 0.022066, 0.015898, 0.017012, 0.03277, 0.014318, 0.014728, 0.008592, 0.013546, 0.013132, 0.014006, 0.009244, 0.006204, 0.00762, 0.005196, 0.004432, 0.00531, 0.355824
0.121592, 0.039326, 0.065292, 0.089066, 0.01492, 0.034658, 0.04444, 0.016004, 0.027842, 0.018676, 0.021888, 0.00919, 0.012888, 0.014482, 0.018964, 0.011416, 0.011486, 0.012528, 0.0117, 0.009708, 0.004436, 0.01366, 0.007794, 0.004762, 0.007956, 0.355326
0.125, 0.065456, 0.069026, 0.041286, 0.03712, 0.022356, 0.022712, 0.041388, 0.024044, 0.013098, 0.020346, 0.021062, 0.017006, 0.02119, 0.013408, 0.012776, 0.009158, 0.009456, 0.012538, 0.009144, 0.007008, 0.00928, 0.00718, 0.005754, 0.006858, 0.35635
0.112856, 0.065658, 0.068748, 0.048778, 0.041158, 0.057772, 0.0267, 0.0112, 0.020328, 0.012, 0.015862, 0.015352, 0.030698, 0.019522, 0.020016, 0.007716, 0.013856, 0.009446, 0.006368, 0.00575, 0.013116, 0.007166, 0.003336, 0.005692, 0.004578, 0.356328
0.137118, 0.052752, 0.085144, 0.02668, 0.034186, 0.031972, 0.035924, 0.02451, 0.02508, 0.022622, 0.021838, 0.008656, 0.022046, 0.01419, 0.023572, 0.013958, 0.006752, 0.009228, 0.011006, 0.00913, 0.005912, 0.00748, 0.005748, 0.005738, 0.003912, 0.354846
0.121418, 0.08494, 0.071596, 0.03444, 0.029684, 0.022446, 0.025068, 0.016738, 0.020706, 0.018334, 0.015302, 0.018426, 0.024236, 0.023642, 0.025626, 0.01828, 0.01286, 0.01228, 0.006848, 0.01088, 0.008798, 0.005824, 0.005096, 0.006294, 0.004438, 0.3558
0.105926, 0.071496, 0.062934, 0.029442, 0.030438, 0.024154, 0.045884, 0.023758, 0.02334, 0.027422, 0.019012, 0.022734, 0.021074, 0.02286, 0.015606, 0.01189, 0.013298, 0.013196, 0.0101, 0.009528, 0.008892, 0.011068, 0.006458, 0.004464, 0.009566, 0.35546
0.09817, 0.081718, 0.041304, 0.034074, 0.055936, 0.050518, 0.029594, 0.01831, 0.014054, 0.01421, 0.022274, 0.015402, 0.014492, 0.02507, 0.021136, 0.016936, 0.016572, 0.013134, 0.020924, 0.008774, 0.009686, 0.00703, 0.00394, 0.006596, 0.004112, 0.356034
0.117994, 0.111688, 0.042772, 0.030972, 0.040744, 0.020532, 0.033214, 0.040072, 0.026268, 0.01535, 0.016238, 0.015012, 0.011662, 0.020784, 0.01525, 0.00968, 0.007766, 0.011286, 0.013914, 0.008184, 0.00736, 0.01076, 0.006752, 0.006632, 0.004752, 0.354362
0.083464, 0.058838, 0.049208, 0.074116, 0.028478, 0.031106, 0.043698, 0.043702, 0.019382, 0.034758, 0.024938, 0.023896, 0.014096, 0.012346, 0.011516, 0.010084, 0.014286, 0.011698, 0.013196, 0.007798, 0.005988, 0.007056, 0.008434, 0.007504, 0.006274, 0.35414
0.11718, 0.07631, 0.076036, 0.049088, 0.03681, 0.016842, 0.033266, 0.020606, 0.014998, 0.023534, 0.02479, 0.017996, 0.01085, 0.017158, 0.013894, 0.019926, 0.01233, 0.01439, 0.008938, 0.00691, 0.007814, 0.011352, 0.005602, 0.00429, 0.004646, 0.354444
0.11031, 0.051792, 0.08165, 0.056798, 0.019516, 0.02722, 0.053266, 0.029568, 0.01958, 0.00884, 0.020002, 0.01301, 0.014904, 0.035184, 0.0152, 0.012326, 0.010232, 0.010264, 0.011322, 0.009426, 0.010652, 0.006638, 0.003862, 0.005588, 0.00807, 0.35478
0.107292, 0.13785, 0.030612, 0.022432, 0.048606, 0.010492, 0.03569, 0.033902, 0.020054, 0.01152, 0.022816, 0.013876, 0.028018, 0.020204, 0.010038, 0.013568, 0.012426, 0.014762, 0.009652, 0.009154, 0.006608, 0.006382, 0.00527, 0.007896, 0.005586, 0.355294
0.081842, 0.08201, 0.052114, 0.085194, 0.01115, 0.030918, 0.037592, 0.020386, 0.017422, 0.01822, 0.021682, 0.010628, 0.021306, 0.02786, 0.02072, 0.015818, 0.015384, 0.01286, 0.010676, 0.009738, 0.008944, 0.008744, 0.006364, 0.007624, 0.008622, 0.356182
0.097316, 0.101764, 0.046584, 0.059314, 0.035186, 0.049024, 0.028026, 0.017096, 0.021898, 0.028652, 0.017558, 0.01513, 0.01221, 0.018386, 0.011072, 0.01403, 0.016296, 0.009436, 0.007774, 0.008318, 0.003772, 0.009114, 0.004146, 0.006952, 0.004682, 0.356264
0.137032, 0.112706, 0.03924, 0.022604, 0.018462, 0.043566, 0.02893, 0.032408, 0.020578, 0.016364, 0.02282, 0.017818, 0.012218, 0.011644, 0.009408, 0.021934, 0.012276, 0.01216, 0.008476, 0.008206, 0.008276, 0.004354, 0.010448, 0.007072, 0.005684, 0.355316
0.066336, 0.124238, 0.072218, 0.019218, 0.028672, 0.02805, 0.033176, 0.041396, 0.013532, 0.016568, 0.018592, 0.031002, 0.02106, 0.01662, 0.01289, 0.016818, 0.016378, 0.013344, 0.009772, 0.011588, 0.00997, 0.0072, 0.007362, 0.005716, 0.003506, 0.354778
0.109462, 0.072398, 0.070618, 0.045256, 0.016472, 0.023516, 0.069838, 0.039066, 0.016128, 0.009832, 0.018166, 0.008612, 0.016264, 0.025288, 0.012778, 0.01318, 0.013132, 0.015816, 0.010196, 0.00593, 0.005992, 0.007356, 0.006118, 0.004618, 0.00845, 0.355518
0.16039, 0.071622, 0.046402, 0.018976, 0.045614, 0.029916, 0.045112, 0.020444, 0.018908, 0.015772, 0.01782, 0.019812, 0.012336, 0.01111, 0.012104, 0.016676, 0.008674, 0.018322, 0.010112, 0.009748, 0.00729, 0.009604, 0.005786, 0.007428, 0.00415, 0.355872
0.115988, 0.1104, 0.049352, 0.024398, 0.029746, 0.034908, 0.037562, 0.0183, 0.013982, 0.022518, 0.033488, 0.017362, 0.020206, 0.017592, 0.007368, 0.008768, 0.008048, 0.024982, 0.009588, 0.010646, 0.008188, 0.0048, 0.005946, 0.006194, 0.003542, 0.356128
0.066532, 0.100118, 0.076846, 0.048632, 0.020302, 0.0206, 0.05197, 0.027898, 0.020616, 0.01729, 0.01723, 0.023502, 0.016988, 0.025122, 0.025802, 0.010412, 0.012868, 0.006852, 0.010884, 0.00841, 0.011088, 0.006718, 0.006664, 0.006054, 0.005004, 0.355598
0.13809, 0.113364, 0.03927, 0.035766, 0.030328, 0.019138, 0.03933, 0.032412, 0.017818, 0.009534, 0.021022, 0.015782, 0.013354, 0.016796, 0.010532, 0.010954, 0.0098, 0.013596, 0.010856, 0.008138, 0.009126, 0.008516, 0.005034, 0.008222, 0.006686, 0.356536
0.11762, 0.043826, 0.06655, 0.050102, 0.039356, 0.045184, 0.02909, 0.018158, 0.014552, 0.02007, 0.028884, 0.017318, 0.027454, 0.019892, 0.012158, 0.00903, 0.016472, 0.012162, 0.006548, 0.017718, 0.007212, 0.010196, 0.005298, 0.004984, 0.004822, 0.355344
0.15289, 0.060262, 0.069652, 0.049354, 0.02233, 0.036108, 0.020312, 0.021712, 0.015002, 0.00736, 0.016932, 0.028862, 0.01261, 0.01501, 0.026708, 0.015052, 0.008398, 0.01404, 0.00977, 0.007108, 0.011546, 0.00632, 0.005888, 0.00517, 0.006102, 0.355502
0.129312, 0.099458, 0.052428, 0.021142, 0.016656, 0.02865, 0.04394, 0.021396, 0.01951, 0.02412, 0.020492, 0.019264, 0.015932, 0.01866, 0.010708, 0.018164, 0.011902, 0.015236, 0.007672, 0.007396, 0.010714, 0.01233, 0.008444, 0.004502, 0.006228, 0.355744
0.126078, 0.0829, 0.069934, 0.040148, 0.037978, 0.023932, 0.027734, 0.013816, 0.021532, 0.017166, 0.015228, 0.014426, 0.01533, 0.015126, 0.019652, 0.016036, 0.009704, 0.014528, 0.011298, 0.01795, 0.008636, 0.005978, 0.005674, 0.00622, 0.005632, 0.357364
0.129892, 0.073984, 0.08126, 0.025546, 0.041386, 0.036978, 0.01597, 0.041166, 0.017038, 0.01171, 0.00986, 0.016302, 0.025568, 0.020722, 0.009748, 0.007686, 0.01254, 0.010308, 0.013534, 0.011594, 0.009158, 0.003472, 0.009768, 0.004418, 0.004998, 0.355394
0.100974, 0.118292, 0.06406, 0.042738, 0.030208, 0.028888, 0.017792, 0.011922, 0.021738, 0.021324, 0.01605, 0.01486, 0.022654, 0.015584, 0.021884, 0.017034, 0.011642, 0.00777, 0.009222, 0.011204, 0.00711, 0.008592, 0.006654, 0.009882, 0.006306, 0.355616
0.097436, 0.101394, 0.073156, 0.022782, 0.048152, 0.04436, 0.041646, 0.004832, 0.02636, 0.019078, 0.013728, 0.019694, 0.011208, 0.020026, 0.013958, 0.016726, 0.006764, 0.015082, 0.012604, 0.00604, 0.00405, 0.008632, 0.005826, 0.007018, 0.003754, 0.355694
0.101006, 0.096128, 0.070964, 0.035272, 0.048104, 0.028622, 0.029666, 0.027602, 0.017744, 0.016472, 0.016094, 0.016418, 0.011532, 0.012558, 0.026334, 0.012602, 0.011702, 0.019018, 0.009854, 0.007238, 0.00846, 0.005186, 0.005628, 0.003852, 0.00521, 0.356734
0.148024, 0.051452, 0.030286, 0.053422, 0.044618, 0.018442, 0.040946, 0.016306, 0.014142, 0.02446, 0.018032, 0.042648, 0.01218, 0.021856, 0.014838, 0.015332, 0.01604, 0.009904, 0.013764, 0.00655, 0.008646, 0.003954, 0.007218, 0.006012, 0.004664, 0.356264
0.107034, 0.067348, 0.052542, 0.034016, 0.056092, 0.03567, 0.049856, 0.031204, 0.008472, 0.027318, 0.020076, 0.015554, 0.017086, 0.01995, 0.021488, 0.008972, 0.010486, 0.007554, 0.010818, 0.008356, 0.009628, 0.005616, 0.00675, 0.007438, 0.005446, 0.35523
0.132116, 0.105826, 0.084828, 0.010634, 0.03469, 0.03043, 0.018232, 0.026572, 0.016296, 0.020654, 0.020758, 0.021032, 0.012336, 0.023834, 0.006008, 0.006884, 0.012274, 0.011702, 0.009922, 0.007204, 0.007776, 0.008704, 0.006144, 0.004854, 0.005436, 0.354854
0.151822, 0.043468, 0.049004, 0.045752, 0.020412, 0.02997, 0.036888, 0.033412, 0.013872, 0.01609, 0.023556, 0.025954, 0.0177, 0.029934, 0.023752, 0.011244, 0.00638, 0.008076, 0.012742, 0.01208, 0.007718, 0.007528, 0.007106, 0.004098, 0.0049, 0.356542
0.134624, 0.076048, 0.052868, 0.041598, 0.0243, 0.020718, 0.039128, 0.018038, 0.024998, 0.016232, 0.027, 0.012042, 0.026502, 0.0193, 0.020328, 0.010364, 0.008268, 0.017052, 0.01524, 0.009442, 0.004204, 0.00544, 0.00788, 0.007322, 0.005274, 0.35579
0.102262, 0.106576, 0.07772, 0.042748, 0.046744, 0.02728, 0.021542, 0.012686, 0.025122, 0.01332, 0.013354, 0.023914, 0.017008, 0.016562, 0.005854, 0.0112, 0.010048, 0.015262, 0.011914, 0.006404, 0.00949, 0.00796, 0.004492, 0.009598, 0.005268, 0.355672
0.105606, 0.129256, 0.038484, 0.045244, 0.018868, 0.024194, 0.022866, 0.023592, 0.026556, 0.024822, 0.017708, 0.013044, 0.015884, 0.028552, 0.014144, 0.01421, 0.013, 0.013064, 0.008482, 0.013988, 0.00852, 0.00944, 0.004418, 0.005936, 0.00447, 0.355652
0.09232, 0.093442, 0.066208, 0.043474, 0.02424, 0.030188, 0.02412, 0.017178, 0.026166, 0.016232, 0.009606, 0.033786, 0.027392, 0.020458, 0.02147, 0.01202, 0.013726, 0.012296, 0.010106, 0.006852, 0.009364, 0.012658, 0.006416, 0.0093, 0.006086, 0.354896
0.128648, 0.106778, 0.048714, 0.05661, 0.014522, 0.029196, 0.014362, 0.026276, 0.022232, 0.021046, 0.020208, 0.01491, 0.01121, 0.01659, 0.017314, 0.01852, 0.015486, 0.01212, 0.011768, 0.00684, 0.007124, 0.007808, 0.003742, 0.007314, 0.005304, 0.355358
0.065114, 0.071882, 0.075018, 0.079918, 0.032714, 0.029788, 0.0245, 0.033626, 0.01463, 0.01598, 0.02407, 0.031446, 0.012692, 0.021154, 0.01459, 0.015768, 0.012734, 0.007378, 0.012042, 0.015808, 0.009432, 0.012954, 0.004468, 0.004012, 0.002964, 0.355318
0.070772, 0.144136, 0.067222, 0.023836, 0.019566, 0.04633, 0.031338, 0.037014, 0.024776, 0.010068, 0.015582, 0.013772, 0.015702, 0.020542, 0.019024, 0.011426, 0.010902, 0.007666, 0.007934, 0.010456, 0.005304, 0.008584, 0.006862, 0.009364, 0.006444, 0.355378
0.145304, 0.0359, 0.042144, 0.04656, 0.03296, 0.027738, 0.04604, 0.023542, 0.032768, 0.00951, 0.01693, 0.016662, 0.024232, 0.034044, 0.022842, 0.004662, 0.013006, 0.017146, 0.00962, 0.007816, 0.006668, 0.006902, 0.006342, 0.009526, 0.005894, 0.355242
0.115304, 0.09826, 0.05753, 0.03528, 0.00982, 0.015178, 0.019474, 0.058886, 0.022768, 0.013182, 0.022122, 0.029934, 0.01395, 0.032288, 0.01279, 0.011762, 0.011376, 0.01171, 0.00593, 0.011304, 0.00763, 0.007314, 0.007504, 0.006926, 0.005072, 0.356706
0.074784, 0.076612, 0.062636, 0.071374, 0.03298, 0.033898, 0.039824, 0.023586, 0.023392, 0.022344, 0.012104, 0.01499, 0.021592, 0.016952, 0.013434, 0.021532, 0.01075, 0.008432, 0.020932, 0.010318, 0.009922, 0.00618, 0.006928, 0.005126, 0.005332, 0.354046
0.134224, 0.076356, 0.057668, 0.06078, 0.01708, 0.026416, 0.03765, 0.027768, 0.012978, 0.019114, 0.015102, 0.01316, 0.009378, 0.01541, 0.02083, 0.01543, 0.01482, 0.01187, 0.011054, 0.009242, 0.008656, 0.007634, 0.010272, 0.006926, 0.004282, 0.3559
0.098382, 0.096126, 0.071034, 0.030808, 0.037658, 0.02846, 0.04497, 0.026492, 0.021842, 0.017228, 0.01017, 0.015566, 0.017324, 0.013298, 0.00948, 0.018254, 0.009494, 0.013778, 0.011768, 0.009072, 0.01196, 0.010132, 0.01005, 0.00515, 0.005684, 0.35582
0.08252, 0.051862, 0.066522, 0.04278, 0.053712, 0.029662, 0.036732, 0.015166, 0.027618, 0.015968, 0.032306, 0.02454, 0.026722, 0.015336, 0.018312, 0.018484, 0.007364, 0.015534, 0.015844, 0.009348, 0.011362, 0.00841, 0.005436, 0.006168, 0.006716, 0.355576
0.088764, 0.140782, 0.054686, 0.029954, 0.025526, 0.030222, 0.038162, 0.023722, 0.019108, 0.013274, 0.027174, 0.023246, 0.019484, 0.016834, 0.011498, 0.014674, 0.013234, 0.008118, 0.008088, 0.00919, 0.006504, 0.006946, 0.005336, 0.007262, 0.002488, 0.355724
0.119782, 0.088514, 0.044312, 0.04228, 0.02472, 0.057532, 0.023266, 0.032228, 0.01029, 0.01066, 0.014666, 0.020236, 0.03231, 0.01504, 0.018006, 0.015332, 0.010458, 0.01279, 0.014064, 0.007546, 0.0084, 0.007458, 0.00592, 0.00524, 0.00326, 0.35569
0.07604, 0.064426, 0.056764, 0.06876, 0.032886, 0.033136, 0.018482, 0.032146, 0.01989, 0.026556, 0.024254, 0.025732, 0.02515, 0.015256, 0.021302, 0.012196, 0.015438, 0.015612, 0.015264, 0.008744, 0.003736, 0.011192, 0.008548, 0.00674, 0.006092, 0.355658
0.131, 0.11928, 0.044068, 0.029564, 0.029066, 0.050614, 0.013854, 0.01298, 0.012916, 0.02126, 0.0301, 0.00819, 0.018216, 0.019804, 0.011806, 0.014158, 0.008068, 0.01418, 0.010122, 0.015468, 0.006036, 0.006654, 0.007746, 0.004706, 0.00461, 0.355534
0.144888, 0.093304, 0.03662, 0.041112, 0.026288, 0.02831, 0.04467, 0.019402, 0.01195, 0.019396, 0.022418, 0.023192, 0.007242, 0.00845, 0.02556, 0.014094, 0.009796, 0.012036, 0.006332, 0.010908, 0.00992, 0.00878, 0.005262, 0.007854, 0.006258, 0.355958
0.096312, 0.059094, 0.05142, 0.04827, 0.047362, 0.040292, 0.046508, 0.019344, 0.020876, 0.020304, 0.027302, 0.015598, 0.017234, 0.011032, 0.032592, 0.00858, 0.0106, 0.008852, 0.009858, 0.015922, 0.009612, 0.006768, 0.00841, 0.006464, 0.005926, 0.355468
0.107858, 0.0957, 0.053864, 0.060234, 0.026198, 0.02113, 0.012964, 0.02456, 0.01048, 0.02674, 0.021664, 0.016254, 0.032068, 0.018842, 0.025768, 0.01425, 0.016248, 0.009782, 0.008866, 0.011064, 0.008666, 0.0073, 0.005026, 0.004846, 0.005102, 0.354526
0.069308, 0.086572, 0.045052, 0.06815, 0.039352, 0.027796, 0.067856, 0.025426, 0.02259, 0.014716, 0.017928, 0.017442, 0.01516, 0.015022, 0.011978, 0.017574, 0.00719, 0.019092, 0.00868, 0.009964, 0.006328, 0.009982, 0.00734, 0.006998, 0.006578, 0.355926
0.091606, 0.07342, 0.078514, 0.03561, 0.042976, 0.034602, 0.022912, 0.021878, 0.021546, 0.038034, 0.012464, 0.02451, 0.016608, 0.015038, 0.024552, 0.011988, 0.009316, 0.011314, 0.015954, 0.006646, 0.007704, 0.005964, 0.006914, 0.006774, 0.00682, 0.356336
0.136084, 0.048232, 0.046836, 0.078308, 0.04274, 0.027712, 0.019962, 0.02049, 0.016834, 0.022104, 0.016894, 0.020008, 0.02965, 0.018214, 0.00952, 0.008446, 0.015616, 0.01344, 0.010798, 0.013296, 0.007572, 0.006832, 0.006122, 0.00451, 0.002928, 0.356852
0.139752, 0.082754, 0.031504, 0.03292, 0.018712, 0.065194, 0.03602, 0.013084, 0.021546, 0.014238, 0.034234, 0.010234, 0.022086, 0.017598, 0.020228, 0.009862, 0.008442, 0.006874, 0.008908, 0.01027, 0.013316, 0.008294, 0.005852, 0.006716, 0.005006, 0.356356
0.107672, 0.058868, 0.04507, 0.079252, 0.017608, 0.013828, 0.04761, 0.023156, 0.025428, 0.027876, 0.01304, 0.019032, 0.026094, 0.023108, 0.017436, 0.022698, 0.00846, 0.007118, 0.010984, 0.009626, 0.010608, 0.010646, 0.00477, 0.006426, 0.007802, 0.355784
0.131526, 0.0558, 0.072152, 0.04696, 0.039092, 0.02478, 0.028434, 0.025702, 0.023228, 0.013052, 0.022202, 0.011544, 0.013662, 0.021202, 0.021664, 0.015984, 0.01124, 0.013622, 0.015684, 0.006772, 0.004954, 0.0076, 0.005702, 0.005594, 0.006144, 0.355704
0.098774, 0.07766, 0.060774, 0.036076, 0.026358, 0.017352, 0.033422, 0.046658, 0.031918, 0.021104, 0.025256, 0.023034, 0.017926, 0.0169, 0.01254, 0.014506, 0.009648, 0.01399, 0.009448, 0.00914, 0.008106, 0.005164, 0.013832, 0.008644, 0.005492, 0.356278
0.18886, 0.03803, 0.039468, 0.05048, 0.032996, 0.015608, 0.036076, 0.022806, 0.013438, 0.018808, 0.023092, 0.014464, 0.026106, 0.009082, 0.01757, 0.014718, 0.00827, 0.01686, 0.013416, 0.007058, 0.01101, 0.010514, 0.006396, 0.004222, 0.004952, 0.3557
0.102356, 0.082468, 0.074822, 0.034204, 0.064232, 0.019088, 0.021562, 0.02934, 0.020328, 0.012836, 0.017614, 0.02042, 0.019922, 0.019994, 0.010232, 0.020254, 0.01379, 0.01468, 0.006898, 0.004938, 0.008826, 0.007586, 0.005712, 0.005188, 0.006992, 0.355718
0.124206, 0.07481, 0.05003, 0.05558, 0.02933, 0.030402, 0.024492, 0.017342, 0.02654, 0.019124, 0.011724, 0.013972, 0.031762, 0.031158, 0.015646, 0.009574, 0.019956, 0.0137, 0.008348, 0.007276, 0.005508, 0.005186, 0.007936, 0.00348, 0.006858, 0.35606
0.05306, 0.078666, 0.101344, 0.045722, 0.048642, 0.039232, 0.020098, 0.02389, 0.016146, 0.022406, 0.015148, 0.027516, 0.013274, 0.024114, 0.028352, 0.012604, 0.011676, 0.009542, 0.010144, 0.010234, 0.008862, 0.008602, 0.005498, 0.006106, 0.004508, 0.354614
0.167464, 0.055292, 0.06979, 0.03686, 0.022554, 0.014244, 0.018402, 0.029422, 0.016044, 0.015012, 0.010106, 0.02902, 0.02195, 0.01303, 0.025846, 0.02433, 0.011196, 0.00916, 0.007076, 0.008944, 0.011812, 0.006602, 0.006646, 0.0099, 0.003874, 0.355424
0.088208, 0.108234, 0.062182, 0.03995, 0.026918, 0.031364, 0.033062, 0.0139, 0.042284, 0.01811, 0.017204, 0.011914, 0.015526, 0.01598, 0.021066, 0.011544, 0.018588, 0.015284, 0.010672, 0.005308, 0.013056, 0.004776, 0.00687, 0.00526, 0.006578, 0.356162
0.125964, 0.09833, 0.050946, 0.068242, 0.033, 0.026092, 0.018248, 0.031164, 0.015672, 0.008698, 0.018694, 0.024512, 0.011456, 0.01081, 0.01091, 0.011142, 0.01656, 0.012934, 0.012384, 0.007034, 0.004598, 0.007946, 0.007824, 0.00758, 0.003192, 0.356068
0.0859, 0.117898, 0.066066, 0.037462, 0.037294, 0.045174, 0.018794, 0.032966, 0.016222, 0.021676, 0.0075, 0.01654, 0.019182, 0.030178, 0.011352, 0.007872, 0.0108, 0.00998, 0.011936, 0.00594, 0.008508, 0.008518, 0.005692, 0.007176, 0.00328, 0.356094
0.118512, 0.081604, 0.084866, 0.032542, 0.024946, 0.054878, 0.032104, 0.02797, 0.00924, 0.014296, 0.017134, 0.015778, 0.01211, 0.02234, 0.015236, 0.00952, 0.016994, 0.008262, 0.009028, 0.007042, 0.0039, 0.006628, 0.006138, 0.008346, 0.005124, 0.355462
0.106796, 0.079984, 0.058114, 0.047694, 0.027346, 0.03098, 0.025896, 0.032708, 0.021552, 0.022868, 0.022256, 0.01558, 0.018458, 0.022314, 0.011204, 0.01055, 0.020086, 0.01395, 0.010256, 0.012702, 0.00652, 0.009662, 0.006818, 0.005394, 0.004296, 0.356016
0.104192, 0.060414, 0.105428, 0.02756, 0.035006, 0.02492, 0.03395, 0.02357, 0.04007, 0.015566, 0.015714, 0.017832, 0.02326, 0.018632, 0.011772, 0.017366, 0.007354, 0.014028, 0.007786, 0.00602, 0.00936, 0.005584, 0.007634, 0.006258, 0.005002, 0.355722
0.074752, 0.116298, 0.081238, 0.05196, 0.05186, 0.023892, 0.034094, 0.026532, 0.015856, 0.012594, 0.016464, 0.019686, 0.012812, 0.01151, 0.011748, 0.018392, 0.00779, 0.012126, 0.00884, 0.008558, 0.004922, 0.003498, 0.006828, 0.007038, 0.005184, 0.355528
0.104466, 0.0924, 0.066772, 0.049602, 0.020516, 0.030048, 0.02788, 0.024866, 0.020712, 0.014934, 0.024436, 0.009552, 0.01518, 0.023778, 0.020438, 0.019988, 0.017142, 0.011854, 0.013318, 0.006496, 0.006996, 0.005744, 0.00676, 0.00572, 0.004402, 0.356
0.097322, 0.087832, 0.108552, 0.012414, 0.013568, 0.025244, 0.04541, 0.013292, 0.020552, 0.018596, 0.029816, 0.015046, 0.013382, 0.028978, 0.011962, 0.018896, 0.015398, 0.014222, 0.009452, 0.013062, 0.004928, 0.005744, 0.005324, 0.010068, 0.006258, 0.354682
0.12088, 0.106424, 0.039794, 0.04285, 0.012632, 0.025064, 0.02367, 0.035478, 0.008254, 0.024414, 0.036444, 0.020778, 0.014654, 0.022892, 0.021538, 0.011974, 0.012836, 0.014934, 0.00947, 0.006942, 0.006536, 0.00564, 0.00697, 0.007558, 0.005098, 0.356276
0.12755, 0.082988, 0.058824, 0.031402, 0.03108, 0.04232, 0.037456, 0.016446, 0.02093, 0.03123, 0.020368, 0.01531, 0.011814, 0.012556, 0.016458, 0.010154, 0.01085, 0.012822, 0.008788, 0.008802, 0.007118, 0.007928, 0.011156, 0.00604, 0.003422, 0.356188
0.120744, 0.095158, 0.069428, 0.028164, 0.02156, 0.035184, 0.0239, 0.023734, 0.027714, 0.02251, 0.02226, 0.012432, 0.011322, 0.01247, 0.019832, 0.009854, 0.01296, 0.015848, 0.0165, 0.009466, 0.008846, 0.006134, 0.005758, 0.008352, 0.003832, 0.356038
0.084186, 0.081074, 0.104302, 0.0391, 0.033036, 0.028076, 0.046686, 0.023624, 0.017426, 0.018996, 0.012012, 0.015904, 0.02034, 0.012548, 0.023328, 0.007788, 0.010942, 0.014846, 0.009382, 0.007462, 0.007456, 0.007436, 0.00542, 0.00694, 0.005564, 0.356126
0.060096, 0.105628, 0.089974, 0.025108, 0.02539, 0.042096, 0.020854, 0.031666, 0.025376, 0.014792, 0.035404, 0.014358, 0.0215, 0.024208, 0.012182, 0.01251, 0.01506, 0.012752, 0.00969, 0.00782, 0.009934, 0.006926, 0.006414, 0.008002, 0.00634, 0.35592
0.07756, 0.104416, 0.099288, 0.068318, 0.02855, 0.018034, 0.017218, 0.01482, 0.017248, 0.030406, 0.01448, 0.020698, 0.016072, 0.012514, 0.023762, 0.004082, 0.013202, 0.007276, 0.011574, 0.009886, 0.009706, 0.00911, 0.006918, 0.004752, 0.00488, 0.35523
0.090698, 0.077256, 0.08051, 0.036306, 0.028016, 0.024096, 0.041606, 0.035678, 0.025952, 0.010264, 0.026908, 0.014988, 0.021804, 0.022278, 0.024478, 0.01053, 0.010126, 0.015096, 0.00918, 0.009232, 0.009746, 0.007618, 0.004374, 0.00537, 0.00375, 0.35414
0.13198, 0.093748, 0.066954, 0.046208, 0.039608, 0.02055, 0.020178, 0.01816, 0.023402, 0.014944, 0.013598, 0.020268, 0.010022, 0.01601, 0.017854, 0.011782, 0.013568, 0.015852, 0.013896, 0.00531, 0.005906, 0.00713, 0.006216, 0.007036, 0.004196, 0.355624
0.09498, 0.06441, 0.082246, 0.075782, 0.051138, 0.037278, 0.010636, 0.023634, 0.013398, 0.011696, 0.022668, 0.021458, 0.011782, 0.022698, 0.014134, 0.010832, 0.011562, 0.006936, 0.011242, 0.01009, 0.005016, 0.010046, 0.006866, 0.007818, 0.005994, 0.35566
0.090206, 0.134478, 0.104862, 0.036144, 0.020356, 0.031548, 0.010684, 0.011476, 0.019514, 0.012444, 0.01938, 0.012676, 0.025576, 0.021216, 0.009958, 0.008892, 0.011934, 0.010968, 0.010132, 0.01092, 0.006954, 0.006434, 0.006838, 0.006406, 0.004296, 0.355708
0.087408, 0.12653, 0.040682, 0.0694, 0.02139, 0.040514, 0.040774, 0.031666, 0.01647, 0.010996, 0.008998, 0.017242, 0.01386, 0.013006, 0.022332, 0.012678, 0.01032, 0.009602, 0.00611, 0.009274, 0.010408, 0.008306, 0.00561, 0.005738, 0.004318, 0.356368
0.062574, 0.108692, 0.104372, 0.04507, 0.02827, 0.029966, 0.03397, 0.015734, 0.013188, 0.01834, 0.01086, 0.032584, 0.010654, 0.013994, 0.022036, 0.01314, 0.011156, 0.010608, 0.01621, 0.010008, 0.0077, 0.007024, 0.006076, 0.008136, 0.003342, 0.356296
0.084626, 0.087272, 0.053376, 0.058246, 0.02306, 0.035946, 0.032206, 0.041306, 0.023628, 0.01453, 0.015484, 0.017832, 0.019782, 0.008654, 0.025572, 0.012466, 0.01634, 0.016574, 0.010844, 0.006516, 0.00997, 0.007188, 0.007974, 0.009458, 0.00603, 0.35512
0.115202, 0.110052, 0.049844, 0.041218, 0.03526, 0.027542, 0.030238, 0.041128, 0.02048, 0.011834, 0.013678, 0.024394, 0.015292, 0.012504, 0.01369, 0.012516, 0.005674, 0.011502, 0.009532, 0.008748, 0.008278, 0.005656, 0.005518, 0.006306, 0.006972, 0.356942
0.10133, 0.054628, 0.092692, 0.034312, 0.0285, 0.038682, 0.041884, 0.038882, 0.010974, 0.026664, 0.012674, 0.017774, 0.012344, 0.008292, 0.016488, 0.014768, 0.015202, 0.012938, 0.013866, 0.009532, 0.009518, 0.014726, 0.00607, 0.006672, 0.004962, 0.355626
0.101596, 0.076648, 0.09403, 0.027688, 0.031066, 0.02725, 0.023712, 0.022866, 0.013422, 0.024494, 0.02519, 0.020544, 0.01743, 0.022152, 0.016212, 0.012706, 0.010924, 0.012588, 0.01181, 0.01025, 0.007126, 0.01193, 0.00753, 0.009752, 0.004866, 0.356218
0.124764, 0.085716, 0.085468, 0.037398, 0.022638, 0.02918, 0.020446, 0.011066, 0.01769, 0.020532, 0.01949, 0.014932, 0.016166, 0.02797, 0.01762, 0.008624, 0.007792, 0.010596, 0.011896, 0.015862, 0.010102, 0.00472, 0.009016, 0.01137, 0.003946, 0.355
0.063962, 0.089758, 0.058236, 0.049414, 0.053754, 0.035328, 0.022208, 0.03557, 0.007826, 0.025914, 0.03299, 0.02498, 0.016648, 0.015968, 0.018776, 0.01428, 0.016876, 0.008408, 0.00739, 0.016454, 0.006218, 0.005042, 0.005432, 0.00607, 0.005954, 0.356544
0.121966, 0.07015, 0.078794, 0.028058, 0.041726, 0.02676, 0.03197, 0.015402, 0.02281, 0.012722, 0.011482, 0.02418, 0.02016, 0.020818, 0.012468, 0.014612, 0.00894, 0.011682, 0.012848, 0.008358, 0.009822, 0.012396, 0.01162, 0.006916, 0.007182, 0.356158
0.081398, 0.087114, 0.06408, 0.073064, 0.02218, 0.04165, 0.02996, 0.03379, 0.018856, 0.013516, 0.018894, 0.014796, 0.01422, 0.021374, 0.013004, 0.015302, 0.006492, 0.014324, 0.01193, 0.015384, 0.00436, 0.007536, 0.00844, 0.006182, 0.005714, 0.35644
0.097312, 0.07568, 0.041856, 0.053424, 0.04107, 0.03101, 0.037634, 0.034106, 0.015454, 0.0132, 0.021392, 0.023996, 0.017614, 0.02108, 0.021694, 0.013874, 0.014096, 0.020492, 0.008842, 0.011472, 0.005548, 0.006146, 0.006254, 0.005004, 0.006408, 0.355342
0.052566, 0.094624, 0.07235, 0.057482, 0.053148, 0.028094, 0.034754, 0.01251, 0.030592, 0.021976, 0.03068, 0.013646, 0.017338, 0.024334, 0.012706, 0.012012, 0.00995, 0.014496, 0.013152, 0.009328, 0.006848, 0.004792, 0.006082, 0.005056, 0.004582, 0.356902
0.130668, 0.126464, 0.043056, 0.041528, 0.031646, 0.033464, 0.0321, 0.02701, 0.007424, 0.01302, 0.020068, 0.009714, 0.013336, 0.017796, 0.01475, 0.008526, 0.009928, 0.012922, 0.008188, 0.008356, 0.00729, 0.0084, 0.006444, 0.0073, 0.005024, 0.355578
0.104008, 0.107204, 0.03549, 0.059804, 0.031232, 0.01502, 0.027978, 0.023426, 0.02239, 0.015854, 0.022844, 0.009616, 0.019706, 0.023218, 0.028114, 0.013774, 0.012248, 0.022564, 0.009246, 0.008098, 0.007558, 0.006276, 0.007234, 0.00701, 0.00528, 0.354808
0.096664, 0.056, 0.095916, 0.048618, 0.030598, 0.044312, 0.032644, 0.027906, 0.017286, 0.01464, 0.027194, 0.014944, 0.022164, 0.011666, 0.011882, 0.01037, 0.017404, 0.016458, 0.01101, 0.008716, 0.007328, 0.00663, 0.002402, 0.006458, 0.005756, 0.355034
0.081784, 0.103172, 0.078924, 0.051004, 0.015108, 0.023982, 0.031898, 0.040922, 0.02179, 0.020034, 0.033214, 0.010922, 0.015898, 0.022076, 0.016764, 0.010914, 0.013682, 0.007328, 0.011094, 0.007668, 0.004786, 0.00618, 0.004522, 0.003524, 0.005986, 0.356824
0.105352, 0.095112, 0.074554, 0.068094, 0.026158, 0.03714, 0.022918, 0.014892, 0.021276, 0.013306, 0.013216, 0.011578, 0.01421, 0.009288, 0.018656, 0.017014, 0.012184, 0.01254, 0.012158, 0.010146, 0.006028, 0.009124, 0.00399, 0.008024, 0.007346, 0.355696
