-0.0592412, -0.0532679, -0.0487973, -0.0301361, -0.0247668, -0.0249394, -0.0250435, -0.0203589, -0.0164303, -0.0165805, -0.0181106, -0.0157468, -0.015445, -0.015115, -0.0137896, -0.0120081, -0.0104005, -0.0108425, -0.00906105, -0.00828546, -0.00753766, -0.00640386, -0.00630807, -0.00554817, -0.00466847, 0.478833
-0.0579312, -0.0354099, -0.0242293, -0.0178641, -0.0190468, -0.0105414, -0.0205895, -0.0164829, -0.0131363, -0.0147725, -0.0160386, -0.0142268, -0.013647, -0.014569, -0.0124796, -0.0106361, -0.00948854, -0.00966654, -0.00849505, -0.00615946, -0.00631966, -0.00584786, -0.00457807, -0.00497017, -0.00304647, 0.370173
-0.0136852, -0.0163559, -0.000717284, -0.0144981, -0.00793685, -0.0113454, -0.0170075, -0.0149389, -0.0072523, -0.0135605, -0.00689461, -0.0121568, -0.012005, -0.011339, -0.0105496, -0.00778413, -0.00809254, -0.00788854, -0.00666905, -0.00398746, -0.00444166, -0.00424986, -0.00402007, -0.00308617, -0.00316847, 0.223631
0.0296008, -0.0188099, 0.0178527, -0.000860099, 0.00108715, -0.0186414, -0.00753146, -0.00215688, -0.0019463, -0.00750251, -0.0110706, -0.0126928, -0.00777502, -0.011723, -0.0111036, -0.00644013, -0.00693254, -0.00601454, -0.00807705, -0.00428546, -0.00492566, -0.00285386, -0.00172007, -0.00334617, -0.00262247, 0.110491
0.102881, -0.0257959, -0.00457128, -0.0073601, 0.00218115, -0.00275135, -0.0110335, -0.0134889, -0.0045843, -0.00552251, -0.00847661, -0.00714281, -0.00516702, -0.00463102, -0.00868563, -0.00759413, -0.00507654, -0.00746054, -0.00549505, -0.00475546, -0.00402966, -0.00472386, -0.00276207, -0.00333417, -0.00366447, 0.0530449
0.0175188, 0.0553881, -0.00794928, 0.0016059, -0.00156085, -0.00279935, 4.65445e-05, 0.00067512, -0.0034323, -0.00194651, -0.00821461, -0.00970681, -0.00718302, -0.012385, -0.00508563, -0.00331413, -0.00669854, -0.00669854, -0.00340105, -0.00360546, -0.00275966, -0.00384786, -0.00417607, -0.00300817, -0.00214047, 0.0246789
0.0410208, -0.0149939, 0.00541672, 0.0078579, -0.0190888, 0.00580665, 0.0316945, -0.0120089, -0.0053363, -0.000598507, -0.00332861, -0.00352281, -0.00654902, -0.00626102, 0.000154374, -0.00505013, -0.00257654, -0.00410054, -0.00517705, -0.00348346, -0.00441366, -0.00367786, -0.00337207, -0.00153617, -0.00132847, 0.0144529
-0.0175572, -0.0248759, 0.0375447, 0.0252219, 0.00747315, -0.0118574, 0.00981654, 0.0111951, -0.0015283, -0.00322251, 0.00458739, 0.00420519, -0.013237, -0.00590102, -0.00299163, -0.000176135, -0.00160054, -0.00628454, -0.00198505, -0.00559746, -0.00335366, -0.00350586, -0.000856067, -0.00130417, -0.00146647, 0.00725687
0.0551388, -0.0159819, 0.00169872, 0.0178659, -0.00686285, -0.000909354, 0.00139454, 0.0101871, -0.0082983, -0.00429251, -0.00571461, -0.000332812, -0.00350302, -0.00436502, -0.00346963, -0.00629013, -0.00543054, -0.00522854, -0.00382705, -0.00511546, -0.00431766, -0.00185386, -0.00317007, -0.00106017, -0.000972474, 0.00471087
0.0294588, 0.0200401, -0.00117128, -0.0142661, 0.00370315, 0.00279065, -0.00802746, 0.00199512, 0.0078797, 0.000865493, -0.00939261, 0.00393119, 0.00139098, -0.00939102, -0.00443963, -0.00273813, -0.00664254, 1.14585e-05, -0.00394905, -0.00159346, -0.00383966, -0.00125786, -0.00388607, -0.00272017, -0.00290047, 0.00414887
0.0224648, 0.0126101, 0.00942272, 0.0360159, -0.0183808, 0.00793665, -0.0152875, -0.0170249, 0.0043077, -0.0103105, -0.00591461, -0.00848681, -0.00496102, -0.00492702, 0.00589037, 0.000915865, -0.00362254, -0.00115454, -0.00430105, -0.00225146, 0.00131434, -0.00255586, -0.000242067, -0.00106817, -0.00167447, 0.00128487
0.0107408, 0.0118941, 0.0215507, -0.0201281, 0.0335492, -0.0169574, -0.0109915, -0.00293088, -0.0108603, 0.00292749, -0.00526261, 0.00352919, 0.00637698, 0.00992298, -0.00905163, -0.00657213, -0.00474654, -0.00359054, -0.00086105, -0.00117146, -0.00178166, -0.00227986, -0.00284007, -0.00109817, -0.000836474, 0.00146887
0.00204679, 0.00509611, -0.00804128, -0.0024141, 0.00810715, 0.0121126, 0.0221725, -0.0110609, -0.0097983, -0.00341251, 0.00973539, -0.00339481, 0.00125098, 0.00446698, -0.00950363, -0.00246813, 0.00333746, 0.00197346, -0.00421105, -0.00266746, -0.00291966, -0.00374386, -0.00361007, -0.00247817, -0.00262047, 0.00204487
0.00974079, -0.00954989, 0.000896716, -0.0138641, -0.000178845, -0.00821735, -0.00708146, 0.0155231, 0.0012657, 0.0226355, 0.00395739, 0.000357188, 0.00617098, -0.00111702, -0.00233163, -0.00120213, -0.00568654, -0.000730542, 0.00098695, -0.00416546, -0.00222366, 0.000388136, -0.00204007, -0.00278417, -0.000976474, 0.000226872
0.0423248, 0.000282108, -0.0212753, 0.0150399, 0.00449515, 0.0132426, -0.00982146, -0.00141488, -0.0074123, 0.00441549, 0.000881391, -0.00546481, -0.00722502, -0.00537702, -0.00356163, -0.00764813, 0.00165346, 0.00200346, -0.00535105, -0.00390346, 0.00039034, -0.00189186, -0.000952067, -0.00351217, 0.000167526, -8.51284e-05
-0.0368732, 0.0235181, 0.00646072, 0.0059179, 0.00898315, 0.00265265, 0.00233854, 0.00370312, 0.0113097, -0.00614251, 0.00529139, 0.00420519, -0.00544302, -0.00581302, -0.00158763, -0.00874813, 0.00105946, -0.00311054, -0.00037505, -0.000575457, -0.00069166, -0.00266786, -0.00208607, -0.000774169, -0.00149647, 0.000944872
0.0340788, -0.0419259, 0.0219807, -0.0085901, 0.0111392, -0.00611935, 0.0101445, 0.00499712, -0.0099383, 0.00171549, 0.00348739, 0.00138719, -0.00452302, -0.00526302, 0.00109237, 0.000183865, -0.00413054, 0.00164746, -0.00420705, -0.000117457, -0.00208366, -0.00139786, -0.000870067, -0.000902169, -0.00163047, -0.000155128
0.0506468, 0.00823611, -0.0274493, -0.0180401, 0.00213715, -0.00178535, 0.00860054, 0.00357312, -0.0051223, -0.00360851, -0.00146061, -0.00721081, 0.000340984, 0.00188298, 0.0121124, -0.00498813, -0.00241254, -0.00188254, 0.00034495, 0.00105654, -0.00381366, 8.21361e-05, -0.00413607, -0.00301017, -0.00394447, -0.000149128
0.00505679, 0.0457521, -0.0227413, -0.0207961, 0.00796715, 0.0124026, 0.000446544, -0.00114688, 0.0126237, -0.00968451, -0.00931661, -0.00456681, -0.00544302, 0.000690984, -0.00564563, 0.00568187, -0.00317654, -0.00502654, -0.00259905, -0.00138946, 0.00183234, -0.000307864, 0.000317933, -0.000290169, -0.00143847, 0.000796872
0.0111328, 0.00406011, -0.00461728, 0.0170099, -0.0178288, 0.00681065, -0.00872146, 0.00562712, -0.0026823, -0.00927051, 0.00400539, -0.00234281, -0.00435502, 0.00189298, 5.43739e-05, 0.000597865, -0.00214254, -0.000170542, 0.00467095, -0.00329146, 0.00703834, -0.00442586, -0.00205407, -0.000898169, -0.000762474, 0.000662872
-0.00228321, -0.00787389, -0.0232833, 0.0144919, 0.00199915, 0.0135286, -0.0172675, 0.00498512, 0.0067077, 0.0100875, 0.0102034, -0.00535881, -0.00525502, 0.00388498, 0.00946437, -0.00271413, 0.00104146, -0.00252054, -0.00278105, -0.000543457, -0.00388166, -0.00170786, -0.00151007, 0.00108183, 0.000303526, -0.000799128
0.0862328, -0.00721789, -0.0291693, -0.0145501, -0.00573685, -0.00982935, 0.00311854, -0.00195888, 0.0046117, -0.00409451, -0.00116061, -0.00623081, -0.00407102, 0.00173898, 0.000772374, -0.00412413, -0.000792542, -0.00258854, -0.00212505, -0.00109146, -0.00251566, 0.00157614, 0.000535933, 0.00108583, -0.00182247, -0.000593128
0.0239508, -0.0294519, 0.0216047, 0.0111099, -0.00920085, 0.00198865, 0.000214544, -0.0119789, -0.0026683, -0.00109451, 0.00286339, 0.00414519, -0.00540302, -0.00139302, 0.00178237, 0.00470187, 0.000183458, -0.00372054, -0.00460905, 0.000686543, -0.00116366, -0.000873864, -0.000868067, -0.000158169, -0.000622474, -2.51284e-05
0.00607479, 0.00712611, 0.0212207, 0.0019119, -0.00939485, -0.00404935, -0.00783146, 0.00669512, 0.0041317, 0.00394749, -0.00432861, -0.00525681, 0.000752984, -0.00742102, -0.00193763, -0.00464413, 0.000893458, -0.00518854, 0.00131295, 0.000340543, -0.00098166, -0.000439864, -0.000950067, -1.8169e-05, -0.00133847, -0.000627128
0.0422988, -0.0324039, 0.0383707, 3.99012e-05, -0.00851085, 0.00339465, -0.00457946, -0.00511888, 0.0036517, -0.00235451, -0.00532261, -0.00947881, 0.00221298, -0.00651302, -0.00345763, -0.00357613, -0.000704542, 0.000169458, -0.00128505, -0.00319146, -0.00302166, 0.000970136, -0.000106067, -0.00182217, 8.75258e-05, 0.000250872
-0.0189692, 0.00850611, 0.0136807, 0.0023619, 1.91548e-05, -0.000789354, -0.0111915, -0.00766688, -0.0044543, -0.00160451, 0.00455739, 0.00650919, -0.00405702, 0.00747298, -0.000505626, -0.000694135, 0.00542146, 0.00662946, -0.00058305, 0.00223054, -0.00023766, -0.000853864, -0.00134207, -0.00322417, -0.00313647, 0.00192087
-0.0354212, 0.0255221, 0.0373767, -0.0288241, 0.00642515, -0.00241535, -5.14555e-05, 0.00031912, -0.0037363, 0.000705493, -0.00287261, 0.00173319, -0.00106702, 0.00466898, 0.00148237, 0.00112187, -0.00328454, 0.000273458, -0.00038705, -0.000245457, -0.00196366, 0.00405814, 0.00119193, -0.00111617, -0.00313047, -0.000363128
0.0105148, 0.0102421, -0.0459533, -0.000636099, -0.00281885, -0.00821935, 0.0266045, -0.0117329, 0.0021617, 0.00554349, 0.00785339, 0.00467519, -0.00191702, 0.012007, 0.000646374, -0.00211213, -0.00106854, -0.00211454, 0.00589295, -0.000367457, -0.00252166, -0.00149386, -0.00134807, -0.000802169, -0.00226847, -0.000767128
0.0518148, 0.00945011, -0.00540728, -0.0108221, -0.00376885, -0.00220935, -0.00664546, 0.00205512, -0.0028303, -0.00709251, -0.00665261, 0.00577519, -0.00629502, -0.00321302, -0.00176163, -0.000464135, -0.00461854, 0.000135458, -0.00300105, 0.00173854, 0.00212434, -0.00262386, -0.000788067, -0.00361217, -0.000708474, -0.000579128
0.0381808, -0.0344519, -0.0306233, 0.0067179, 0.0265352, -0.00158335, 0.00159854, -0.00194688, -0.0074983, 0.00151949, -0.00993661, -0.00410481, 0.013439, 0.00387898, -0.00145563, 0.00473587, -0.00287654, 0.000297458, -0.00511705, -0.000673457, 0.00179634, 0.00428414, 8.19327e-05, -0.00188417, -0.000936474, 2.28716e-05
0.0141748, 0.0103481, 0.0240687, -0.0194541, -0.00129285, -0.0120394, -0.00620346, -0.0151469, -0.0030123, 0.00357749, 0.00648539, -0.00489081, -0.00314902, 0.00672898, -0.00149563, 4.78653e-05, -0.00685654, 0.000347458, 0.00634895, 0.000996543, 0.00106834, -0.000989864, -0.000882067, 0.000683831, 0.000287526, 0.000248872
0.0336388, -0.000795892, -0.0224473, -0.0107801, 0.0191932, -0.00236135, -0.00905946, 0.00571112, -0.0083943, -0.00431851, 0.00477139, 0.00161919, 0.019721, -0.00806502, -0.00387963, -0.00875213, -0.000978542, -0.00309254, 0.00146495, -0.00281546, 0.00146834, -0.00282986, -0.000888067, 0.00102983, -0.000452474, 0.00129287
0.0187828, -0.0312219, 0.0195447, 0.0275319, -0.00121885, -0.0111474, -0.000331456, 0.00195712, -0.0046443, 0.00166549, -0.00949261, -0.00527081, 0.000434984, -0.00876702, 0.00107037, 0.000503865, -0.00482654, 0.000435458, -0.00059905, 0.000846543, -0.00285566, 0.00356814, 0.00544393, -0.000586169, 0.000329526, -0.00115313
-0.00835121, 0.0123581, -0.0227233, 0.0032319, -0.0121888, 0.0145826, -0.00269146, 0.00807512, -0.0042943, 0.00176149, -0.000558609, -0.00449081, 0.00338298, 0.00683698, 0.00329437, 0.00321587, 0.00164746, 0.000147458, -0.00052505, -0.000441457, 0.00291234, -0.00380186, -0.00108407, 0.00179983, -0.00265647, 0.000560872
-0.00723921, -0.0359579, -0.0226693, 0.0212839, 0.0175772, 0.0181926, 0.0101045, -0.00446088, 0.0031837, 0.00189949, 0.00691739, 0.0146772, 0.000372984, -0.00969302, -0.00934563, 0.00133187, 0.00443746, -0.00123854, -0.00393705, -0.00174546, -0.00090966, -0.00290186, -0.00168007, 0.00110183, 0.00186153, -0.00116313
-0.00296521, 0.0264121, -0.000339284, -0.0133581, 0.00569915, 0.00520065, 0.00190654, -0.0112209, 0.0020557, -0.0107945, -0.00739261, -0.00681281, -0.000313016, -0.00989502, 0.00473837, -0.000224135, 0.0144175, -0.000860542, 0.00292095, 0.000542543, 0.00296434, 0.00130614, -0.00183407, -0.00176817, -0.00193047, 0.00154487
0.0249348, 0.0183841, -0.0108253, 0.0064159, -0.00839285, 0.000522646, 0.0210445, -0.00893688, -0.0075763, -0.00333851, -0.00375461, 0.00202519, -0.000363016, -0.00972102, -0.00388363, -0.00603013, -0.00343654, -0.00358654, -0.00052305, 0.000294543, 0.00311434, -0.00170386, -0.00167807, -0.00212817, -0.00103647, 0.000178872
0.0141188, -0.0427319, 0.0489487, 0.0049279, -0.00232285, 0.0212166, -5.34555e-05, -0.0123709, -0.0024143, -0.0101125, 0.00120339, -0.00488081, 0.00449898, -0.00189702, -0.00530363, 0.00442187, -6.65415e-05, -0.00664254, -0.00272505, -0.00190146, -0.00241966, -0.00243986, -0.000432067, 0.00204983, -0.00194847, -0.000723128
0.00437679, 0.0331681, -0.0289873, -0.0294061, -0.0160508, -0.00999135, -0.00472346, 0.0297351, 0.0030037, 8.34929e-05, -0.00337861, 0.00151319, 0.010155, 0.00611498, 0.00307237, 0.00127587, -0.000998542, -0.00283454, 0.00017695, 0.00813054, 0.00096434, -0.00354786, 0.00266193, -0.00286417, -0.000640474, -0.00100913
0.0158488, -0.00108589, 0.00266672, 0.0078419, -0.00708485, -0.0117994, 0.00474054, -0.00821888, -0.000310304, 0.00245549, -0.00442861, -0.0104988, -0.00125902, 0.015451, -0.00219963, -0.00507413, 0.00161346, -0.00171854, -0.00050505, -0.00255546, 0.00085634, 0.00171814, 0.000607933, 0.00239983, 0.00151553, -0.000977128
-0.0151072, 0.0101101, -0.00726128, -0.0077741, -0.0196548, -0.00212335, 0.0139845, 0.00689312, 0.0018577, -0.00112051, 0.00206939, 0.00337319, -0.00345902, 0.00980898, 0.00310837, -0.00179613, 0.00396946, 0.000533458, 0.00145695, 0.00242454, -0.00279166, 0.00325814, 0.000537933, -0.00141817, -0.00114047, 0.000260872
-0.0115192, 0.0197421, -0.0145053, -0.0088141, 0.00102915, 0.00480065, 0.0107465, 0.00490312, -0.0032383, -0.00445851, -0.00318861, 0.00299119, -0.00117902, -0.00531302, -0.00215563, 0.00217587, 0.00108146, 0.00690946, 0.00251695, 0.00141054, -0.00102566, 0.00221214, -0.00248207, -0.00250617, -0.00124047, 0.00110687
0.00988079, 0.0428781, 0.0295167, -0.0061901, -0.00972085, -0.0180334, -0.00696346, 0.00079512, -0.0024783, 0.00755549, -0.0141386, 0.00548719, -0.00502702, -0.00274702, -0.00688563, -0.00300813, -0.00548454, -0.00205454, -0.00249705, -0.000931457, -0.00374766, 0.000668136, -0.00214607, -0.00213817, -0.00295847, 0.000368872
0.0327868, -0.0228759, 0.0504707, -0.0163101, -0.00210085, -0.00355135, -0.00576146, -0.0131409, -0.0049663, -0.000632507, -0.000404609, -0.00264081, 0.000792984, -0.00113502, -0.000941626, -0.00556813, 0.00266546, 0.00200546, -0.00373305, -0.00513146, 0.00250034, -0.00233186, 0.000989933, 0.000297831, -0.00147647, 0.000192872
0.0159928, 0.00969211, -0.00197928, 0.0042359, -0.00977085, 0.00267865, -0.00585146, -0.00108088, 0.0050077, -0.000164507, -0.00262061, 0.00333719, -0.000691016, -0.00343102, -0.000435626, -0.00235613, -0.00155654, 0.000301458, -0.00650905, -0.00159546, 0.00055034, -0.00134786, 7.79327e-05, -0.00248817, -0.000524474, 0.000528872
0.00477679, -0.0279099, -0.00405528, 0.0079379, 0.00271715, -0.00866535, 0.00182054, 0.00584912, -0.0055803, 0.00123149, 0.00346939, 0.00742519, 0.00670898, 0.000690984, 0.00669237, -0.00165813, -0.00299654, 0.00197946, -0.00131905, 0.00174454, -0.00291166, -0.000117864, 0.00182193, 0.000317831, 1.15258e-05, 1.88716e-05
0.0116308, 0.0237461, -0.00174728, -0.0167801, -0.00484885, -0.00267935, -0.0117935, 0.00874112, 0.0025057, -0.000120507, -0.00633261, -0.00540881, 1.29843e-05, 0.00606098, -0.00126163, -0.00153813, -0.00347254, 0.000961458, 0.00271895, 0.00304054, -0.00034766, -0.00221186, 0.000843933, 0.000547831, -0.00161647, -0.000651128
-0.00735721, -0.0187659, -0.00367528, 0.0378599, -0.00614285, -0.000865354, -0.0214135, -0.00017088, 0.0026277, -0.000454507, 0.00616139, 0.00498519, 0.00239498, 0.00797298, 0.00333837, -0.00249213, -0.00160654, -0.00531854, 0.00290295, 0.00220654, 0.00075434, -0.000393864, 0.00126793, -0.00189017, -0.000992474, -0.000933128
-0.0367612, 0.0360921, 0.00818272, 0.0259999, 0.00339515, -0.0106154, -0.00148946, -0.0136089, 0.0014637, -0.00283851, -0.00176261, 0.00432519, -0.00469902, -0.00534502, 0.00184637, -0.00422813, -0.00203054, 0.0125635, -0.00335905, -0.00187346, -0.00083766, -0.00265386, -0.00246007, 0.00137183, -0.00207447, 0.00139687
0.0234528, 0.0138481, -0.0223013, -5.80988e-05, -0.00456685, 0.00438465, -0.00645746, -0.00388288, -0.0060083, -0.000500507, -0.00725061, 0.00814319, 0.00334498, 0.00313098, 0.00497837, 0.00344387, -0.00590454, 0.000171458, 0.00223295, -0.00256346, -0.00299166, -0.00354986, -0.00206007, 0.00191783, -0.000108474, -0.000845128
0.00515079, -0.0120899, 0.0213807, -0.000300099, -0.0108928, 0.0138666, 0.0223165, -0.0123429, -0.0060103, -0.00616851, -0.00988661, -0.00526081, 0.00771898, 6.89843e-05, -0.000631626, -0.00299213, 0.00160746, 0.000395458, -0.00045305, -0.00167146, -0.00121966, -0.00268386, 0.000271933, -0.000810169, 0.000233526, 0.000402872
0.0165048, -0.0193179, -0.00362528, -0.0047501, -0.00669485, -0.0154594, 0.00254854, 0.0157571, -0.0041923, 0.0124135, -0.00491061, 0.00151719, 0.00230498, -0.000777016, -0.00597363, -0.00188813, 0.00289546, 0.00825146, 0.00071495, 0.00390254, 0.00052634, -0.00250786, 0.00216393, 0.00195783, -0.000694474, -0.000667128
-0.0119472, -0.00899189, -0.0126293, -0.0157501, 0.0140392, 0.0122766, -0.00641346, 0.00277512, 0.0049117, -0.00580651, 0.00643339, 0.00541519, -0.00534102, 0.00769898, 0.00426837, 0.0109859, -0.00598254, -0.00304454, 0.00597095, 0.000956543, -0.00202766, 0.00358614, -0.00180207, 0.000757831, 0.000279526, -0.000619128
0.0372488, -0.0215639, -0.0200333, -0.0125921, 0.0178032, 0.00560065, 0.0167425, -0.0111609, -0.0037503, -0.0106385, 0.0149514, 0.00321119, -0.00990302, -0.00242702, -0.00307363, 0.00359787, 0.00262746, 0.000465458, -0.00192905, 0.000238543, -0.00439566, -0.00129586, 0.00173393, -0.000488169, -0.00207447, 0.00110487
-0.0280292, 0.0232341, 0.00173672, 0.0231759, 0.00155315, -0.0140354, 0.00446254, -0.00288688, -0.0076883, -0.00578651, 0.0159454, -0.00887481, -0.00376502, -0.00499502, -0.00403363, 0.0105019, -0.000244542, 0.000317458, -0.00269905, -0.000891457, 0.00103834, -0.00190586, 0.000937933, 0.00373783, -0.00123047, 0.000424872
0.0422508, -0.0384899, 0.0361907, -0.0199641, -0.00666685, 0.00397865, -0.0136315, -0.00385888, -0.0021763, 0.00477349, -0.00119461, -0.00438481, -0.000481016, 0.00892298, -0.000297626, -0.00140213, 0.00344146, -0.00244054, -0.00012505, -0.000965457, -0.00263366, 0.000806136, -0.000750067, 0.00182183, -0.00207047, -0.000653128
0.0539188, -0.0310539, -0.0332273, 0.0266619, 0.00695715, -0.0100874, -0.00570746, 0.00011912, -0.0043543, 0.00907949, -0.00583061, -0.00887481, -0.00446502, 0.00202898, 0.00768837, -0.000772135, -0.00265654, -0.000424542, -0.00474305, 0.00194254, 0.00169434, 0.000642136, 0.00248193, 0.000477831, -0.00145247, -4.31284e-05
0.0360388, 0.0106141, -0.00359128, -0.0250861, -0.0108028, -0.0124374, -0.00544346, 0.00933512, 0.000345696, -0.000186507, -0.00113661, 0.00377119, 0.00246698, -0.00345702, -0.00643563, 0.00166387, 0.000147458, -0.000398542, -8.30501e-05, -0.000673457, 0.00149834, -0.00209986, 0.00128593, 0.00352383, 0.00107953, 6.08716e-05
-0.00340121, 0.0135361, 0.0120867, -0.0093361, 0.00474315, -0.0177894, -0.0166315, -0.00450488, 0.0136417, -0.00905651, 0.00712139, -0.00244681, 0.00685298, 0.00372698, -0.00448563, 0.00329787, 0.00459546, -0.000850542, -0.00457905, 0.00293054, 0.00278034, 0.00255814, -0.00264007, -0.000598169, -0.00199247, 0.000440872
0.0276608, 0.0121321, -0.0175393, 0.0207479, -0.0189308, -0.00573735, -0.0161215, 0.00827712, -0.0039643, -0.00729051, 0.00499539, -0.00827281, 0.000900984, 0.000324984, -0.00825363, 0.00311387, 0.00242746, -0.00371854, 0.00499295, 0.000424543, 0.00105434, 0.00324214, -0.000420067, -0.000258169, -0.000252474, 0.000464872
-0.00324521, 0.0121321, 0.00267472, 0.0032079, 0.0115712, 0.00252065, -0.0188555, 0.00045312, 0.0064297, -0.00542451, -0.00501461, 0.00292119, -0.00177302, -0.00151102, 0.000446374, -0.00511213, -0.000188542, 0.000133458, -0.00020705, 0.00356454, 0.00062034, -0.00510186, 0.00171593, 2.9831e-05, -0.00245447, 0.000466872
0.0284868, -0.0369519, -0.0140473, 0.0044059, -0.0130648, 0.00369065, 0.0327485, -0.00285488, 0.0061917, -0.00291651, 0.00299739, 0.0128112, 0.00325498, -0.00866702, -0.00268763, -0.00677213, -0.00542254, 0.00256546, 0.00123695, -0.000781457, -0.00069566, -0.00204586, -0.00255607, 0.00131183, 1.95258e-05, -0.000257128
0.0163208, -0.0132699, 0.0224287, -0.0089121, -0.0105768, 0.000512646, 0.00288054, -0.00828088, -0.0019643, 0.00706549, 0.00104739, -0.000320812, 0.00261098, -0.00191502, -0.000361626, 0.000809865, 0.00469146, 0.000435458, -0.00238905, 0.000126543, -0.00351166, -0.000893864, -0.00322207, -0.00106617, -0.000978474, -0.00126713
0.0728668, -0.0385839, -0.00539928, -0.0062681, 0.0175552, -0.00887335, 0.00892454, 0.00365112, 8.36963e-05, -0.0103785, -0.00228461, -0.0117988, -0.00183502, -0.00313302, -0.00534963, -0.00654613, 0.00692346, -0.00508054, -2.70501e-05, -0.00206346, -0.00032166, -0.00102986, -0.00217407, 0.00103783, -7.44742e-05, 0.000178872
0.00616679, -0.0111439, -0.00184728, 0.0124779, -0.0221948, 0.00741065, 0.0222765, 0.00846512, 0.0043977, -0.00129451, -0.00632861, -0.00501881, -0.000867016, -0.00302502, 0.00274437, -0.00771813, -0.00251254, -0.000254542, 0.00030895, 0.000140543, 0.00011434, -0.000559864, 0.00132393, -0.00124017, -0.00221847, 0.000396872
0.0232528, -0.0516739, 0.00718872, 0.0071099, 0.00851315, 0.00575465, 0.00391854, -0.00430288, -0.0055383, -0.00272051, 0.00118339, -0.0131508, 0.010145, 0.00369498, -0.000837626, 0.000421865, 1.34585e-05, 0.00461946, -0.00366305, 0.00133254, 0.00193034, -0.000307864, -0.000844067, 0.00313383, 0.00131553, -0.000489128
0.0164788, 0.0104461, -0.0198273, -0.0189921, -0.00638885, -0.00186135, 0.00283854, 0.0112551, -0.0018423, 0.00556949, 0.00797139, -0.00105281, -0.00431502, -0.00250502, -0.00659163, 0.00444787, 0.00287746, 0.00207546, -0.00158105, 0.00118654, -0.00379966, 0.00147014, -0.00253407, 0.00386783, -0.000112474, 0.000918872
-0.0105472, 0.0166181, -0.0390133, 0.0139759, -0.00249685, 0.0110866, -0.00600346, 0.00921512, -0.0045503, -0.00400851, -0.00653861, 0.00491319, 0.00693098, 0.011043, 0.00911237, -0.000214135, 0.00172346, -0.00140654, -0.00148505, -0.00413346, -0.00261366, -0.000893864, 0.000765933, -0.000394169, -0.00145247, 0.000366872
-0.0130492, 0.00646611, -0.00236328, 0.0020059, -0.00968285, 0.0128106, -0.0122835, 0.0227171, -0.0013223, 0.00534149, 0.00135939, 0.00121519, -0.00569902, -0.00666102, -0.00458563, -0.00369413, 0.00136146, -0.00118054, 0.00384295, 0.00519254, 0.00020034, -0.00233386, -0.000592067, 0.000607831, -3.24742e-05, 0.000358872
-0.0485172, 0.0301641, 0.0206367, -0.0196621, -0.00151485, 0.00330265, -0.00793346, 0.00215512, -0.0023603, 0.00744149, 0.00309739, -0.000642812, -0.000823016, 0.00973898, -0.000881626, 0.00721387, -0.00482454, -0.00264454, -0.00081505, 0.00654654, 9.23396e-05, 0.00149814, 0.000543933, -0.000836169, 2.35258e-05, -0.000999128
0.0182948, -0.00325589, -0.00286328, 0.0062019, -0.0158068, -0.00411735, -0.00640746, -0.00149488, -0.000966304, 0.00804149, 0.00396939, -0.000510812, -0.00677502, -0.010357, 0.00704837, 0.000731865, 0.00593946, 0.00342346, 0.00155895, 0.000600543, -0.00508766, -0.000411864, 0.00213593, 0.000903831, -0.00121247, 0.000416872
0.0473288, -0.0563639, 0.0156607, 0.0016259, -0.00765885, -0.000977354, 0.0181185, -0.00623888, -0.0066723, 0.0173995, -0.00292461, 0.00209519, -0.00448302, -0.00923702, 0.00658237, -0.00447613, -0.00412254, -0.000620542, -7.05013e-06, -0.00364146, 0.00229634, -0.000457864, -0.00269407, -0.00144817, 0.000217526, 0.000698872
-0.0311892, 0.0376961, -0.0106193, 0.0020359, 0.0139472, 0.00528265, 0.00413854, -0.00753688, -0.0035443, -0.000120507, 0.00440939, -0.00387481, -0.000103016, -0.00395302, 0.00695237, -0.00622813, -0.00430654, 0.00566346, -0.00148305, 0.000854543, -0.00337366, -0.000777864, -0.000870067, -0.000720169, -0.00173247, -0.000547128
0.0496068, -0.0113239, -0.0411853, -0.0048261, 0.00651515, -0.00344935, -0.00974746, 0.00640912, -0.0049823, -0.000698507, -0.00124861, 0.00930319, 0.00364098, 0.00109498, 0.00203437, -0.00529413, -0.00131454, -0.00128454, -0.00017905, -0.000671457, 0.00429834, 0.000374136, -4.60673e-05, 0.00163983, 0.00132353, 1.08716e-05
0.0126808, 0.0294041, -0.0155093, -0.0142181, -0.00635885, -0.0134574, 0.0161965, 0.00752312, 0.000629696, -0.00649251, 0.00267339, 0.00113719, -0.010921, 0.00492698, -0.000719626, -0.00475413, 5.45847e-06, 0.00233746, 0.00013895, -0.00279746, -0.00125366, -0.000273864, -0.000106067, 0.000163831, -0.00111447, 0.000158872
0.00237279, -0.0199399, 0.00797872, 0.0349139, -0.0137968, -0.00878135, -0.0132275, 0.00120112, -0.0011663, 0.00608149, 0.00457739, 0.00182119, 0.00322898, 0.000152984, -0.000101626, -0.00449213, 0.00564146, 0.000371458, -0.00358705, 0.000306543, -0.00291366, 0.000386136, -0.00189207, 0.00104383, -9.44742e-05, -8.51284e-05
-0.0418012, 0.0220601, 0.0190407, 0.0156399, 0.0217792, -0.0134474, 0.00635454, -0.00721888, -0.0074783, -0.00672851, -0.00382661, 0.00290319, 0.00205898, 0.010553, -0.00693563, -0.00330413, -0.000172542, -0.00247254, 0.00045095, -0.00173546, -0.00069966, 0.00237814, -0.00404007, -0.000442169, -0.00256247, -0.000353128
0.0115828, -0.00920589, -0.0178133, -0.0127721, -0.00903485, 0.0219506, -0.0118855, 0.00613112, 0.0115237, -0.000980507, 0.00415339, -0.00202881, -0.00442902, -0.00300502, 0.00460037, 0.00256387, 0.00449346, 0.00177946, -0.00091705, 0.00123254, 0.00094034, 0.00120014, -0.000420067, 0.00116783, -0.000276474, -0.000551128
0.0162348, -0.00948389, -0.0273693, 0.0081039, -0.00168285, 0.0136826, 0.00528854, -0.00759488, -0.0050183, 0.00313549, 0.000827391, -0.00144281, -0.00270102, 0.00487698, 0.000910374, 0.00546987, -0.00335254, -0.00276654, 0.00226095, 0.00166254, 0.00154034, 0.00178614, -0.00132207, -0.00149617, -0.000792474, -0.000757128
0.0285528, -0.0315959, -0.000149284, -0.000318099, -0.00677685, -0.000921354, 0.00856454, 0.00277512, -0.0012843, -0.00801851, 0.00295939, -0.00144681, -0.00273302, -0.00324302, 0.00898837, -6.21347e-05, 0.00109546, 0.000223458, -0.00109705, 0.00246054, 0.00071434, -0.000573864, 0.000491933, 0.000165831, 0.000871526, 0.000356872
0.0414548, -0.0182319, -0.00473328, -0.0026621, 0.0155492, -0.00165535, -0.00992946, -0.00517488, 0.0127657, 0.00275749, 0.000829391, -0.00983881, -0.000723016, -0.00119902, -0.00721563, -0.00396813, -0.000184542, -0.00619254, -0.00169505, 0.000332543, 0.00192034, -0.00234186, -0.000346067, 0.000609831, -0.000510474, 0.000382872
0.0218668, 0.00882411, -0.0410913, 0.0375599, 0.0256792, -0.00608535, -0.00533746, -0.00948288, -0.0073243, -0.00511451, 0.00727939, 0.00191719, -0.011029, -0.00452102, -0.00203763, -0.00575213, -0.00272854, 7.45847e-06, -0.00268505, 0.000234543, 0.00136434, -0.00206586, -0.00171007, 0.00108583, 0.000323526, 0.000822872
0.0297028, 0.00601211, -0.0322573, -0.0039581, 0.0158072, 0.00157065, 0.000570544, 0.00058712, 0.0044117, 0.00234149, -0.00540461, -0.00687281, 0.000710984, -0.00541902, -0.00301163, -0.00378613, -0.000818542, 0.00270746, -0.00025105, 0.00107654, -0.00267766, -0.00270586, 0.00113593, 0.00149583, -0.000478474, -0.000489128
-0.0661292, -0.00514589, 0.0324107, 0.0169059, 0.0390512, 0.00680665, -0.0185735, 0.00996712, -0.0063803, -0.00364051, -0.000134609, -0.00264481, -0.00271302, -0.00445302, 0.00155037, 0.00517787, -0.00411454, 0.00329146, -0.00120105, 0.00455254, -0.00341566, 0.000664136, -0.000558067, 0.00110983, -0.00205447, -0.000329128
0.0141768, -0.0104999, 0.0148387, -0.0105461, 0.0140372, -0.0103474, 0.00547054, 0.00344512, -0.0020303, 0.00121949, -0.00385261, -0.00614681, 4.29843e-05, -0.00221702, -0.00430563, 0.00294387, -0.00497854, 0.00200346, -0.00316105, -0.00176346, -0.00148566, 0.00114014, 0.00329793, -0.000176169, -0.000972474, -0.000133128
-0.0159552, 0.0145241, -0.0230733, 0.0173479, -0.0192328, 0.0160106, 0.00803254, 0.00669312, -0.0035223, 0.00407149, 0.00292339, 0.00168319, 0.000662984, -0.00359702, -0.00319563, 0.00435587, 0.00256146, -0.00112054, -0.00243705, -0.00272146, -0.00045966, -2.78639e-05, -0.00139407, -0.00171217, 0.000157526, -0.000575128
0.0179368, 0.0100201, 0.0217827, -0.0144261, -0.0106908, -0.00762135, 0.00104454, 0.00085512, -7.03037e-05, -0.00678851, -0.00740261, -0.000400812, -0.00717502, -0.00575102, 0.00999437, -0.00390613, -0.000100542, -0.000802542, 0.00094495, -0.00282346, 0.00146834, 1.41361e-05, 0.00135593, 0.00187783, 0.000539526, 0.000124872
-0.0328432, 0.0315541, 0.0184327, 0.0110579, 0.0149612, -0.0138754, -0.0179795, -0.00478088, -0.0060323, -0.00383251, 0.00560739, 0.00495719, 0.00781498, -0.00408902, -0.00286163, -0.00395013, -0.00158254, 0.000595458, -0.00059305, -0.00175346, -0.00096966, 0.000652136, -0.000538067, -0.000444169, -0.000120474, 0.000612872
0.0162808, -0.0195639, 0.0150847, 0.0092319, -0.0150708, -0.0122674, -0.00101546, -0.00181088, 0.000237696, 4.34929e-05, 0.000269391, 0.00136519, -0.00323302, 0.013041, 0.00830637, -0.00660213, 0.00484546, -0.00154254, -0.00021105, -0.000587457, -0.00227966, -0.00164586, -0.00155007, -0.000298169, -0.000232474, -0.000795128
0.0333048, -0.0113599, -0.0128293, 0.0031379, -0.000214845, -0.0145294, 0.000518544, -0.00894688, -0.0082863, -0.00119251, 0.00362739, -0.00243681, 0.000294984, 0.00885298, 0.00781237, 0.00528187, -0.000268542, 0.000993458, -0.00364905, 0.00209254, 0.00164234, -0.000213864, -0.00150807, 0.000759831, -0.00243047, -0.000453128
-0.0339752, 0.00573011, 0.0408127, 0.0260979, -0.0214068, -0.00495935, -0.0119855, 0.00847712, -0.0042963, -0.00997851, -0.00796061, 0.000369188, 0.000838984, 0.00498898, -0.00297563, 0.00666387, -0.00340454, 0.00267546, 0.00037095, 0.00182054, -0.00435766, 0.00189814, 0.00135393, 0.00187783, 0.000249526, 0.00107487
0.0324288, -0.0540959, -0.0224173, 0.0025659, 0.00620315, 0.00148665, 0.000286544, -0.00704888, 0.0016417, -0.000664507, 0.0133734, 0.00670519, 0.00910298, 0.00296098, -0.00368763, 0.00151187, 0.00207946, 0.00447346, -0.00168705, 0.000902543, 0.00327434, 0.00301614, -0.000986067, 0.000137831, -0.000828474, -0.000735128
-0.0178532, 0.0203701, -0.00277528, -0.0091381, 0.0109792, -0.00251735, -0.0145455, 0.00011312, 0.0158117, 0.00120549, 0.00622339, -0.000344812, -0.00670702, 0.00326498, -0.00695763, -0.00363413, 0.00505146, 0.00473546, -0.00076305, -0.00265746, 0.00162834, -0.00370586, 0.000677933, 0.000315831, -0.000196474, 0.00141887
-0.0249272, 0.0322061, -0.00240528, -0.0150801, 0.000687155, -0.0109734, -0.00208146, 0.0101331, 0.0014977, -0.000644507, 0.00871739, -0.00160481, -0.000421016, 0.00869698, -0.00293163, -0.00269013, 0.00188946, 0.00559946, -0.00672305, 0.00207254, 0.00370434, -0.000141864, -0.00224407, 8.7831e-05, -0.00314847, 0.000724872
-0.00353921, 0.00582411, 0.0416127, 0.0035899, -0.00478885, -0.0144814, 0.00456054, -0.00973888, 0.0045017, -0.00596251, -0.00522461, -0.00346081, -0.00551102, -0.00438102, -0.00401163, 0.00203187, -0.00382254, 0.00662946, -0.00265305, 0.000576543, -0.00040966, -0.00137986, -0.00122607, 0.000797831, 6.15258e-05, 0.000404872
-0.00198921, 0.0134161, -0.0403453, -0.0018741, -0.00317285, 0.0310966, 0.00604254, 0.0112311, 0.0076577, -0.00180251, -4.26089e-05, -0.00347081, -0.00694502, -0.00353702, 0.00564237, -0.00167813, -0.00358854, -0.00310854, -0.00398705, 0.00218254, 0.00192434, -0.00258986, -0.00385407, 0.00233383, 0.000171526, 0.000286872
-0.0210732, 0.0370841, 0.0136367, -0.0057541, -0.000214845, -0.00353535, 0.0112285, -0.00113288, -0.0021423, -0.00335451, -0.00934461, 0.00516719, -0.00428902, -0.00340502, -0.00799363, 0.00341387, -0.00395054, -0.00112054, -0.00442505, 0.000322543, -0.00079166, -0.000803864, 6.19327e-05, 0.00141383, 0.00128553, -0.000283128
-0.0238512, -0.00644389, 0.0377967, 0.0143359, -0.00975485, -0.00512535, 0.00117454, 0.00569112, 0.0104917, -0.00690851, -0.00142061, -0.000110812, -0.00405502, -0.00724502, -0.00277563, -0.00444413, 0.00944946, 0.000875458, -0.00405505, 0.00115654, -0.00197166, -0.000113864, -0.00221807, 0.00104383, -0.000906474, -0.000615128
-0.000475213, 0.00782411, -0.00339928, -0.0122541, 0.0201532, -0.0103374, 0.0173825, -0.00866488, -0.0066643, 0.00342349, -0.00293861, -0.000300812, -0.00166502, 0.000276984, 0.00229037, -0.00217213, -0.00436054, 0.00126146, 0.00284895, 0.000466543, 0.00019434, -0.00128786, -0.000200067, -0.000106169, 7.5258e-06, -0.00130313
-0.00723121, 0.0342481, -0.0122713, -0.0089021, 0.000175155, 0.00820265, 0.0182665, -0.00988688, -0.0166643, 0.00397949, -0.00246861, -0.00121081, 0.00475498, -0.00120502, -0.00323363, -0.00373413, -0.00308454, -0.00160854, -0.00067705, -0.00164146, 3.03396e-05, 0.00285414, 0.000411933, 0.00138383, -0.000718474, 0.000230872
0.0372928, 0.00303411, -0.0120313, -0.0113061, 0.0102052, 0.00195065, 0.00410854, -0.0117929, 0.0040857, 0.00458949, 0.00239139, 0.000671188, -0.00609102, -0.00704102, -0.00403163, -0.00921813, -0.00437854, 0.000819458, 0.00119695, -0.00222546, 0.00325434, -0.000891864, -0.00296607, -0.00117017, -0.000510474, 5.48716e-05
-0.0366452, 0.0315641, -0.0254153, 0.0068779, 0.0101832, 0.00525465, 0.00116054, 0.00627512, 0.0083017, 0.00368949, -0.00848861, 0.00484519, -0.013801, 0.015197, -0.00153563, -0.00130613, -6.05415e-05, -0.000106542, -0.00270905, 0.000344543, -0.00086566, 0.00261214, -0.000454067, -0.00401817, -0.00113447, 0.000234872
-0.00580321, -0.0187179, 0.0306987, -0.0028381, 0.00438915, -0.00549535, 0.00672854, 0.00519512, 0.000767696, -0.00502051, 0.000135391, -0.00475881, 0.00505298, -0.00855902, 0.00552837, 9.78653e-05, -0.000132542, -0.00364454, -0.00234505, -0.000829457, 0.00089834, -0.000897864, 0.00136393, 0.000569831, -0.00108447, -0.00129913
0.00985279, 0.0131901, -0.0126153, -0.0101761, 0.0101192, -0.00579735, 0.000380544, 0.00950912, -0.0128343, -0.00259651, 0.0120954, -0.00649481, -0.00731502, -0.000343016, -0.00292163, -0.00675613, 0.00204146, 0.00395146, 0.00094495, 0.00269654, 0.00192634, 0.00149814, 0.000209933, 0.000803831, -0.00258247, 0.00121287
0.0170368, 0.00370411, 0.00983472, 0.0184159, -0.000170845, -0.000431354, 0.00878654, -0.00848288, -0.0056183, -0.0114005, -0.00872261, -0.00548481, -0.00771502, 0.00452298, 0.000610374, 0.00184387, -0.00233454, -0.00722454, -0.00264505, -0.00426346, 0.00199634, -0.00380186, 3.19327e-05, 0.000325831, 0.00139953, -0.000213128
-0.00498721, 0.0219701, 0.00749472, 0.0016299, -0.0107048, 0.00273465, -0.00148746, 0.00313312, -0.0072063, -0.000998507, 0.00393139, -0.00415481, -0.00388102, 0.00415698, 0.00247837, -0.00682213, 0.00158346, -0.00281054, -0.00077905, 0.000548543, 6.23396e-05, -0.000445864, -0.00253007, -0.00180817, -0.00108847, -1.91284e-05
-0.0357092, -0.00965189, -0.00465728, 0.0110019, 0.00957315, 0.0181986, -0.0136215, 0.0144071, -0.0016823, 0.00878749, -0.00630261, -0.00985481, -0.00370102, 0.00597898, -0.00475363, 0.00268787, 0.00471746, 0.00375546, 0.00392295, 7.4543e-05, 0.00613634, -0.00115186, 0.000593933, 0.000195831, 0.00120753, -0.000153128
-0.0278512, -0.0270719, 0.0178127, -0.0013681, -0.00540085, 0.00731465, 0.00548054, 0.00438312, -0.0011343, -0.00237451, -0.00403461, 0.0109952, 0.000282984, 0.00243298, 0.000968374, 0.00343987, 0.00262946, 0.00280746, 0.00320295, 0.00212454, 0.00326434, 0.00110214, 0.000541933, 0.00295583, -0.00232847, -0.000175128
0.0127088, -0.0168359, 0.00445472, 0.0118299, 0.00673315, -0.00929735, -0.00679946, 0.00020312, -0.0030323, -0.00594051, -0.00516061, 0.00311519, 0.00620898, -0.000539016, 0.00448237, 0.000753865, -0.00166654, -0.00111854, 0.00142295, -0.00140346, -0.00106166, 0.000224136, -0.000320067, 0.00144783, -0.000348474, -6.11284e-05
-0.0295872, -0.000791892, 0.0240867, -0.0058101, 0.00133115, -0.00547935, 0.0153765, 0.0156071, -0.0026603, -0.00159851, -0.00706861, 0.000465188, -0.00551302, 0.00600098, -0.00176963, -0.00154013, -4.85415e-05, -0.00443254, 0.00060895, -0.00255546, 0.00962434, -0.00121986, -0.00138807, -0.000186169, -0.00155647, 0.000104872
-0.0356492, 0.0211541, -0.00290128, 0.0107279, 0.00325315, 0.0144386, -0.00668746, 0.0163791, 0.000251696, -0.00185651, -0.0116386, -0.00230681, -0.00705702, -0.00201102, -0.00721363, 0.00215787, 0.0134495, -0.00169054, -0.00335505, 0.00412254, -0.00133966, -0.00338786, 0.000805933, 0.000549831, -0.000356474, 0.000160872
-0.0159352, -0.000133892, -0.000453284, -0.000926099, 0.0107872, 0.00170865, -0.00765146, 0.00941112, -0.0064743, -0.00322251, -0.00110661, 0.00625119, -0.00181302, 0.00417498, 0.00149837, 0.00283787, 0.00159946, -0.000716542, 0.00036495, 0.00409654, 0.00041234, 0.000136136, -0.00184807, -0.00116617, -0.00231647, 0.000484872
0.0410208, 0.00358411, -0.00970728, -0.0157641, -0.000240845, 0.00134665, -0.0100115, 0.00378512, -0.0061263, -0.00493651, -0.00543661, -0.00960081, 0.00587498, 0.013719, -0.00628763, -0.000176135, 0.00190146, 0.00150546, -0.00100705, -0.00158146, -0.00204966, 0.000720136, -0.00151607, 0.00166383, -0.000686474, 6.87157e-06
0.0560248, -0.0302459, -0.0157453, 0.000935901, -0.00278485, 0.00760865, 0.0172405, -0.00658088, 0.000755696, -0.00550851, -0.00178461, -0.00500881, -0.00260102, -0.00772102, -0.00456163, 0.00303587, 0.00164346, -0.00400254, 3.69499e-05, -0.000889457, -0.00331366, -0.000577864, 0.00137393, 0.00601383, -0.00280047, -0.000543128
0.00854679, 0.0459401, -0.0294573, -0.0018781, 0.00763115, -0.00350335, -0.00917746, -0.00756888, -0.0040803, -0.00138851, 0.000455391, 0.00313519, -0.00396302, -0.00448302, -0.00605163, -0.000184135, 0.00398146, 0.00474546, -0.00113505, -0.000715457, 0.00149234, -0.000399864, 0.000421933, -0.00106017, -0.00169847, 0.000394872
-0.0176812, -0.0105719, 0.00827872, -0.0107901, 0.0230632, 0.00247265, -0.0149615, 0.00354712, -0.0039663, 0.000583493, 0.000469391, -0.00306481, 0.013105, 0.015193, 0.00335437, -7.61347e-05, -0.00174454, 0.00299946, -0.00097705, -0.000213457, -0.00102566, -0.00350186, -0.00136407, -0.00184017, -0.000872474, -0.000415128
-0.0123852, 0.0192001, 0.0122467, -0.0146841, -0.00624085, 0.00862065, 0.0115445, -0.00437688, -0.0074243, -0.0124245, 0.00274539, 0.000471188, 0.00417698, -0.00672102, 0.000984374, 0.00255387, 0.00426546, 0.00239346, -0.00147305, -0.00323746, -0.00203566, 0.000200136, 0.00446993, -0.00286617, -9.84742e-05, 9.48716e-05
0.00800679, -0.00138389, 0.00529072, -0.0207181, -0.0129268, -0.00944935, 0.00336454, 0.00695712, 0.0111117, 0.00733749, 0.000197391, 0.00127519, 0.010799, -0.00206102, -0.00248563, -0.00630413, -0.00128654, -0.00171054, 0.00076295, 0.00688254, -0.00013966, -0.000881864, -0.00277407, 0.000773831, -0.00143847, 0.000800872
-0.0246312, 0.0181441, 0.0184287, 0.000829901, -0.00391085, 0.0151766, 0.000524544, 0.00315112, -0.0075423, 0.0104995, -0.00869661, -0.00208481, 0.00640098, -0.00817502, -0.00349963, -0.00166613, 0.00240946, -0.00158454, -0.00493105, 0.000110543, -0.00106766, -1.58639e-05, -0.00381607, -0.000428169, -0.00325247, -0.000373128
-0.00869721, 0.0268301, 0.00658072, -0.0071801, -0.00407085, 0.0140966, 0.00338054, -0.00959288, 0.0034117, -0.00379251, -0.00445461, 0.00310919, 0.000368984, -0.00537502, 0.00378437, -0.00500213, -0.00608454, -9.65415e-05, -0.00212105, -0.000537457, -0.00178166, -0.00104786, 0.000317933, -0.00137417, -0.00166047, 0.000988872
-0.0126652, 0.0167461, 0.00338672, -0.0112621, 0.0136932, -0.0150774, -0.000881456, -0.0100889, -0.0082623, 0.00870149, 0.000245391, -0.00164081, 0.00193698, 0.00681898, -0.00192563, 0.00357587, 0.00356346, 0.00244946, 0.00182095, -0.000899457, 4.23396e-05, -0.00180786, 0.000349933, 0.00293983, -0.00252047, 0.000760872
0.0294728, 0.0199721, -0.00292528, -0.0254181, 0.00692515, -0.0100814, 0.0164105, -0.0102789, 0.0012117, -0.00452051, 0.000547391, -0.00413081, -0.000833016, -0.000141016, -0.00174363, -0.00471413, 0.000103458, 0.00180346, -0.00199105, -0.000795457, -0.00323966, -0.00299186, -0.000776067, 0.000377831, -0.00232647, 8.28716e-05
0.0301028, -0.0131599, -0.00156928, 0.0024579, -0.0118148, -0.0142614, -0.000843456, -0.00707488, -0.0017763, -0.00390051, -0.00356261, -0.00841081, 0.00975298, 0.00753498, 0.00281637, 0.00180787, 0.00776346, -0.00161654, 0.00053495, 0.000412543, 0.00377234, 0.00129414, -0.00143007, 0.00205583, -0.000194474, -0.000691128
0.0159608, -0.0296519, 0.00312472, -0.0181041, -0.0121648, -0.00202935, 0.0197065, -0.00657288, 0.0165697, -0.00631051, 0.00502539, 0.00281919, -0.00306902, 0.00355698, 0.00635437, -0.00597213, -0.000830542, 0.00386946, -0.00213105, 0.00307054, 0.00138234, 0.000514136, 0.00400993, 0.000205831, 0.000315526, 0.000350872
0.00147679, -0.00675389, 0.0184687, 0.0031899, 0.0301492, -0.0112834, -0.0162815, -0.00325688, -0.0024203, 0.00386949, -0.00254461, -0.00806281, -0.000519016, -0.00405702, 0.00224637, 0.00125187, -0.00297854, -5.65415e-05, 0.00197495, -0.00225746, -0.00062566, -0.000551864, -0.000222067, 0.000883831, -0.00159247, -4.71284e-05
0.0285648, -0.0162219, 0.00264872, 0.0100659, -0.00302485, -0.00894335, -0.00567346, 0.0196631, -0.0021043, -0.00420651, 0.000923391, -0.00556681, -0.00277302, 6.29843e-05, -0.00145163, 0.00427987, -0.00320454, -0.00636254, -0.00090305, -0.00170546, -0.00220366, 0.00216414, -0.00325007, 0.00216983, -0.00293847, -9.12843e-06
0.000714787, -0.0547659, 0.00555872, 0.0189239, -0.00426485, -0.0119394, 0.0174805, 0.0141471, 0.0167877, 0.00494349, 0.00635339, 0.00454319, -0.010731, -0.00251902, -0.00492363, -0.00307613, -0.00337454, 0.00409546, 0.00198495, -0.000155457, 0.00206834, 0.00308614, -0.00239807, 7.3831e-05, -0.00206047, -0.000553128
0.0240728, 0.00147411, -0.0120613, -0.0136521, -0.00150085, 0.0150826, -0.0141875, 0.00514512, 0.0085277, -0.00443851, 0.00601539, -0.000920812, -0.00119102, 0.00293498, 0.00403237, -0.00180613, -0.000496542, 0.00312746, -0.00050705, -0.00539946, -0.00481766, -0.00296586, -0.00106607, -0.00183417, -0.00282647, -0.000741128
-0.0362212, 0.0300381, -0.00402928, 0.0119179, 0.00572915, 0.0162926, -0.00252746, -0.00195888, 0.0029977, 0.00136749, -0.0108686, -0.00104881, -0.00763502, -0.00503302, -0.00152963, -0.00194813, -0.00257254, 0.00351546, 0.00648095, -0.00299546, 0.00105234, -0.00245786, -0.00161607, 0.00260183, -0.00135847, 0.00180687
-0.0189872, -0.0525819, 0.0262327, 0.0297419, -0.00462085, 0.00944265, 0.0142605, 0.00350112, -0.0040183, -0.00484251, 0.00492739, 0.00762919, -0.00105302, -0.00797502, -0.00159163, 0.00796987, -0.00309254, -0.00138454, -0.00020505, -0.00422146, 0.00410834, 0.00147414, -0.00168207, -4.2169e-05, -0.00301047, 2.08716e-05
-0.0179192, -0.0250779, 0.0194727, 0.0068699, 0.000207155, -0.00278335, 0.00639054, 0.0184331, 0.0053297, -0.00859851, -0.000646609, -0.00324881, -0.00535302, 0.00340298, -0.00150963, 0.000647865, 0.00417346, 0.00259746, -0.00214505, -0.00412346, 0.00303234, -0.00154986, 0.00184793, 0.00123583, -0.000644474, -4.11284e-05
-0.00751121, -0.00186189, 0.00165272, 0.0026099, -9.28452e-05, 0.00893865, -0.0149095, 0.0169991, -0.0019003, 0.00695949, 0.000287391, -0.00144281, -0.00632502, -0.00424302, -0.00122763, -1.61347e-05, 0.0107415, -0.00479654, -0.00206505, 0.000350543, 9.23396e-05, 0.00104614, -0.00150007, -0.000694169, -0.00237247, 0.00128087
-0.0365112, 0.0472461, 0.0118307, -0.0045021, -0.0120148, 0.00822865, 0.0139185, -0.00446488, 0.0022057, -0.00712651, 0.00436139, -0.00453081, -0.00279902, -0.00361902, 0.00219037, -0.00414013, -0.00268254, 0.000421458, -0.00143905, -0.00153546, -0.00077966, -0.000953864, -5.00673e-05, 0.00122783, -0.00343247, -0.00104913
-0.0639752, 0.00416811, 0.0243587, 0.0051319, 0.00363915, 0.0153526, -0.00283146, 0.00957512, -0.0062723, -0.000578507, 0.00572939, 0.00195119, 0.012727, -0.00351102, -0.00219563, -0.00100813, 0.00250746, 0.00327346, 0.00101495, -0.00241546, -0.00239366, -0.00397586, -6.40673e-05, 0.00195183, -0.00203447, -0.000125128
0.0174548, 0.00844811, -0.00327328, 0.0223379, -0.0168988, 0.0111446, -0.00160546, -0.00818288, -0.0042883, 0.00519349, -0.00318261, -0.00611481, -0.00338502, 0.00476698, -0.00734563, 3.98653e-05, -0.00313654, -0.00117854, -0.00078505, -0.000579457, -0.00037166, -0.00483386, -0.000888067, -0.00242817, -0.00109047, 0.000182872
0.0151048, -0.0211019, 0.0126627, 0.0121719, -0.00463485, -0.00952735, 0.00842454, -0.0102329, -0.0089603, -0.00186651, -0.00802461, -0.00337081, 0.00456298, -0.00259702, 0.00497237, -0.000418135, 0.00719746, 0.00132146, 0.00221295, 0.000744543, -0.00168166, 0.00110614, 0.00329793, 0.000735831, -0.00152447, -0.000575128
-0.0132732, 0.0272781, -0.000235284, 0.0147939, 0.00480115, -0.00930935, -0.00706346, -0.00790888, -0.0068843, 0.000617493, 0.000879391, 0.00358519, -0.00330702, 0.00513098, -0.000273626, -0.00553613, 0.00313946, 0.00311746, -0.00265505, -0.00317146, 0.00082034, -0.00182986, 0.000207933, -0.000768169, -0.00218247, 2.68716e-05
0.0326808, 0.00183611, -0.0242733, 0.0111979, 0.0222252, -0.000761354, 0.00360254, -0.00853088, 0.000115696, 0.00741949, -0.000192609, -0.00854281, -0.00502502, -0.00798502, -0.00419163, -0.00508013, -0.00612454, -0.00156054, -0.00314305, 0.00314054, -0.00271366, 0.00120814, -0.00239607, -0.00109217, -0.00240047, 0.000586872
-0.0194852, 0.0843841, -0.0133753, -0.0102501, -0.00790485, 0.00215665, -0.0123855, -0.0110829, -0.0030643, 0.00476549, -0.00838261, -0.00184681, 0.00117098, 0.00356698, -0.00263563, -0.00316413, -0.00599454, 0.000185458, 0.00107495, 0.00250054, 0.00092634, 6.21361e-05, -0.00111407, -0.000458169, -0.000592474, 0.000942872
0.0226128, 0.00856611, -0.00810128, 0.0146779, -0.00123885, 0.00973865, 0.00237454, -0.00193688, -0.0016963, 0.00566149, -0.00586461, -0.0110628, -0.00130902, -0.00838702, -0.00314363, -0.00349813, -0.00650854, -0.00344054, -0.00110705, -0.000665457, 0.00116834, -0.00402186, -0.00267207, 0.00215583, -0.00155647, -0.000745128
-0.00374721, 0.0153241, -0.0429193, -0.0130241, -0.00951085, 0.00942865, 0.0192525, 0.0168611, -7.63037e-05, -0.00312851, 0.000811391, 0.00488119, 0.000508984, 0.00358298, -0.00212163, -0.00120013, -0.00135854, -0.000110542, 0.00392895, -0.000205457, -0.00186366, -0.000429864, 0.000239933, 0.00511183, -4.04742e-05, -0.000195128
0.0496268, 0.00730211, -0.0271993, -0.0179741, -0.00531885, -0.0103154, -0.00361146, 0.0155151, 0.0035417, -0.00353051, -0.00217461, -0.00496681, -0.00905102, 0.013365, -0.00156363, -0.00378813, 0.00812146, -0.000996542, -0.00107705, -0.00138346, -0.00310766, -0.00114386, -0.00141807, 0.00159183, -0.00104847, 0.000604872
-0.00215521, 0.0140541, -0.0370553, 0.0539819, 0.0109972, -0.0120014, -0.0170195, -0.0101329, -0.0027403, -0.0109265, -0.00748661, -0.00863281, -0.000265016, 0.011283, -0.00264963, -0.00704613, 0.00954946, 0.00723346, 0.00563095, 0.00109054, 0.00529834, -0.00172986, 0.00208993, -0.00111817, -0.000402474, 0.000152872
0.0219868, -0.0175719, 0.00330872, 0.0126399, -0.00482685, -0.00149135, 0.00257654, 0.00243512, -0.0028683, -0.00124251, -0.00838861, 0.00483119, -0.00470302, -0.00122302, 0.00356637, -0.00883813, 0.00285346, -0.00247854, -0.00011705, -0.000293457, -0.00057966, 0.00336614, -0.00377207, 0.00218583, -0.00131247, -4.31284e-05
-0.0177792, -0.00252189, -0.0329073, 0.0151039, 0.0160752, 0.00732665, -0.000699456, 0.00832712, 0.0048297, -0.00663851, 0.00698139, 0.00592319, -0.00826502, -0.00240902, -0.00104363, -0.00200013, 0.0102695, -0.00241454, -0.00144705, 0.00488454, 0.00067034, -0.000577864, -0.000360067, -0.000332169, -0.000898474, -9.71284e-05
0.0216808, -0.0249059, 0.00413072, -0.0088741, 0.00185515, 0.00165865, -0.0160715, 0.00344912, 0.0052377, -0.00291651, 0.00141339, -0.00570681, -0.00162502, 0.00443498, 0.00797237, 0.000749865, 0.00619346, 0.00431746, -0.00178705, -0.00170546, 0.00522434, -0.00337386, 0.000927933, -0.000650169, -0.00128047, -0.000349128
0.00722079, 0.0286241, -0.0169453, -0.0042861, 0.00822315, -0.00915535, 0.00301854, -0.00668888, 0.0041017, -0.00210051, 0.00461339, -0.00601681, 0.000984984, -0.00378702, -0.00147563, -0.00253213, -0.00421254, 0.00205546, 0.00026695, -0.00352546, 0.00150034, -0.00134386, -0.000562067, 0.00246183, -0.00141847, 0.000978872
0.0356908, 0.0232401, -0.0268453, -0.0073961, 0.0138872, -0.00202535, -0.0203235, 0.00640112, -0.0043723, -0.00113651, -0.00452061, -0.00951281, -0.00268102, 0.00868898, -0.00128363, -0.00327013, -0.00187254, -0.00261054, -0.00394505, -2.5457e-05, 0.00313034, -0.000103864, -0.00135207, 0.00311383, -0.000862474, -1.31284e-05
0.0241868, 0.0139141, -0.0116693, 0.0044859, 0.00218115, -0.00880335, -0.0104215, -0.0142229, 0.0150977, 0.00259549, -0.000268609, -0.00271281, -0.00358702, -0.00255102, 0.00163237, -0.00553413, 0.00189346, -0.00248854, -0.00256705, -0.00178546, 0.00286434, 0.00156814, -0.00187007, -0.00344417, 0.000721526, 0.000784872
0.0190728, -0.0557199, -0.00897528, 0.0111959, 0.00847715, -0.000903354, 0.00982454, 0.0145711, -0.0057043, 0.00347349, 0.00370139, -0.00189681, -0.00111902, -0.00324302, 0.00427837, 0.00585387, 0.000557458, -0.00121254, -0.00239505, 0.00167654, 0.00290234, -0.00100186, 0.000447933, -0.00139017, -0.00243047, -4.11284e-05
-0.0124572, 0.00244211, -0.00161728, 0.0445639, 0.0277592, -0.00791935, -0.0204575, -0.0102509, -0.0078383, -0.00724051, -0.00727461, -8.08123e-05, 0.00190298, 0.00256298, -0.00293363, -0.00342213, -0.000676542, 0.0105435, -0.00116705, -0.00431946, -0.00054766, 0.000116136, 0.00126393, -0.00126617, -0.00209647, 0.000410872
-0.00172521, -0.0164739, 0.0274427, 0.0117199, -0.00793885, -0.0139734, 0.00228854, -0.00397488, 0.0035277, 0.000509493, -0.00727861, 0.00975719, 0.00391898, -0.00691102, -0.000941626, -0.00401213, -0.00454654, -0.00219054, -0.00059505, 0.00444254, 0.00090834, 0.00656014, 0.000623933, -0.00170817, 0.000339526, 0.000230872
0.0187828, 0.0165941, -0.0212633, 0.0084119, -0.00397885, 0.00366865, -0.0115655, 0.00628512, 0.0058857, -0.00319451, -2.60885e-06, 0.00111519, -0.00229502, -0.00323502, -0.00179363, -0.00158413, 0.000857458, -0.00321854, -0.00327705, -0.00252746, -0.00361766, -0.00240786, -0.00193207, 0.00300183, 0.00133753, -4.71284e-05
0.0103068, 0.00262411, -0.0187673, -0.0175241, -0.0168048, 0.0195746, 0.00333654, 0.00209312, 0.0031717, 0.00526549, 0.00606339, -0.00249081, 0.00618498, -0.010669, -0.00125163, 0.00637987, 0.000615458, -0.00133854, 0.00197895, 0.00374454, -0.00217166, 0.000272136, -0.000564067, 0.00104783, -0.00198047, 0.000902872
-0.0315192, 0.0494601, -0.0165133, 0.0073299, 0.00730115, -0.00905735, -0.00608746, 0.00930712, 0.0027417, -0.00901451, -0.00852661, -0.000796812, -0.00395902, 0.010107, 0.00371637, -0.00160013, 0.00750746, -0.000994542, -0.00039305, 0.000282543, -0.00219966, -0.00124186, -0.00152807, -0.00150417, -0.00269447, -0.000123128
0.0128688, 0.0148901, 0.0102647, -0.0275901, -0.0123388, -0.00325135, 0.0166965, -0.00766488, -0.0065923, 0.00526749, -0.00604261, -0.00567881, 0.00640898, 0.00554498, -0.00502563, 0.00103787, 0.000943458, -0.00343054, -0.00258505, 0.000584543, -0.00197966, 0.000802136, 8.99327e-05, 0.00711383, -0.000302474, -3.11284e-05
0.0207208, 0.0172281, -0.0271353, -0.0048381, 0.0121472, -0.0138794, -0.0114355, 0.00591312, -0.0123143, -0.00659451, -0.00279861, 0.00676519, -0.00186102, 0.011661, -0.000401626, -0.000808135, 0.00511546, -0.000552542, 5.49499e-05, 0.00662454, 0.00155234, 0.000224136, -0.00210207, 0.000251831, -0.00256447, -0.000973128
0.0440308, 0.0208121, -0.0416353, -0.0077661, -0.00569285, -0.00585135, -0.00426546, -0.0107709, -0.0041683, 0.00993949, 0.00115739, -0.00628081, 0.00198898, 0.00340898, -0.00116363, -0.000338135, 0.00108346, 0.00419746, 0.00106295, -0.00253746, 0.00434834, -0.00219986, 0.000229933, 0.00108783, -0.000716474, 3.88716e-05
-0.0293492, 0.0128601, 0.0390127, 0.0046599, 0.00443315, -0.0125294, -0.00273746, -0.00395088, 3.36963e-05, -0.00335051, -0.000208609, 0.000927188, 0.00111498, 0.00404698, -0.00370163, -0.00635813, 0.00135146, -0.00173854, -0.00175705, -0.00116946, -0.00069766, 0.00164214, -0.00104407, -0.000554169, -0.000500474, -0.000435128
-0.00252721, 0.0149881, -0.0292833, 0.0257799, -0.0138648, -0.00423535, -0.00335546, -0.00243288, -0.0026103, 0.00534549, -0.0131526, 0.0131812, 0.00422698, -0.00315502, 0.00565437, 0.00729987, -0.00215854, 0.00214946, 0.00093095, -0.000575457, -0.00232566, 0.000758136, 0.00214593, -0.00229017, -0.000882474, 0.000388872
0.0281628, -0.00704989, 0.00193272, -0.0119581, -0.00361485, -0.0125914, -0.0148495, -0.00572888, -0.0017743, 0.00554949, 0.00265939, 0.00151719, 0.000672984, 0.00698498, 0.00368037, 0.00174187, 0.00442746, 0.00464746, -0.00338905, -0.000245457, -0.00085566, -0.00132986, 0.000757933, 0.000635831, -0.00117647, 0.00119287
-0.0107012, -0.00620189, 0.0542747, -0.0094421, 0.0104392, 0.00312465, -0.0163315, -0.00487688, 0.000627696, 0.00204349, -0.00610461, -0.00669681, -0.00838302, -0.00430902, 0.0123644, 0.00176787, -0.000704542, -0.00555454, 0.00039895, -0.00157146, -0.00136766, -0.00131186, 0.000733933, -0.00164217, -0.000930474, 0.000354872
0.0748728, -0.0196199, -0.0235513, -0.0142561, -0.00272685, 0.00761865, 0.00214654, -0.0103089, -0.0020563, -0.00298051, 0.00789339, -0.00610081, 0.00133098, -0.00112502, -0.00848963, -0.00220013, 0.00141746, -0.00198854, 0.00154095, 0.00311054, -0.00142566, -0.00128586, 0.000465933, -0.00117617, -0.000592474, -0.000513128
0.0354288, -0.0192679, 0.00761872, -0.0062981, -0.00620085, 0.00831665, -0.0137095, -0.00356488, -0.0042783, 0.00396749, -0.00434861, 0.00284719, 0.00568898, -0.00698502, -0.00414963, 0.000265865, 0.00144946, 0.00330746, 0.00073495, 0.00276254, 0.00066034, 0.00101414, 0.000573933, -0.00392017, -0.00224647, 0.000332872
0.0219868, -0.00149589, -0.0206933, 0.0159759, -0.00477885, -0.00566535, -0.00102746, -0.00557288, -0.0036543, -0.00279451, 0.00223339, -0.00574281, -0.00257102, 0.00834498, 7.23739e-05, -0.00555213, -0.00129054, 0.0102055, -0.00072505, -0.00136546, 0.00239234, -0.00142186, 0.000311933, 0.00160183, 0.00116953, 5.68716e-05
0.0159668, -0.00128389, -0.0264753, 0.0070359, 0.00266115, 0.0264726, -0.00911946, -0.00781888, -0.0100343, 0.0104935, -0.00185861, -0.00671681, 0.000372984, -0.00497102, -0.000539626, 0.0102919, -0.00121654, 0.000615458, 0.00206495, -0.00257746, 0.00225234, -0.00371386, -0.00122207, 0.000965831, -0.00174647, 0.000100872
0.0185448, -0.00205189, -0.0191993, 0.0345139, -0.0129288, -0.00891535, 0.0111465, -0.00467688, -0.0080643, -0.00445851, -0.00457661, -0.00332481, 0.00692498, 0.00115698, 0.00131437, 0.00251587, -0.00394054, -0.00117254, 0.00311095, -0.000467457, -0.00128766, -0.000561864, -0.000208067, -0.00128817, -0.00120047, -0.000905128
0.0216948, 0.00506011, -0.0149413, -0.0050721, 0.000243155, 0.00692465, -0.00305746, -0.0131789, -0.0044823, 0.000453493, -0.000266609, -0.00202281, -0.00314502, 0.00789498, 0.00738037, -0.000930135, -0.00601054, -0.00251454, 0.00313495, -0.00121946, 0.00440434, -0.00124386, -0.00101607, 0.00248983, -0.000470474, -0.000109128
0.0172988, 0.0215641, -0.0111033, -0.0151941, 0.0137132, -0.00633935, -0.000869456, -0.00192488, 0.0017737, 0.000723493, -0.00446461, 0.00650919, -0.00733302, -0.000679016, -0.00581963, 0.00505987, -0.00319254, 0.000421458, -0.00039905, 0.000752543, -0.00031366, -0.00469586, -0.00285607, 0.000309831, -0.00267447, -0.000267128
0.00233479, 0.00266811, -0.0212153, 0.0305099, -0.00213085, -0.00376535, 0.00882854, 0.00535912, 0.0075497, -0.00779851, -0.00667461, -0.00709081, -0.00687302, -0.00175702, -0.000257626, 0.00295987, 0.00153546, -0.000784542, 0.00127495, -0.00213346, -0.00031366, -0.000635864, -0.00161007, 0.00166383, -0.00145047, -0.000193128
0.0128768, 0.0163501, -0.00524728, 0.0025839, -0.0130348, -0.00882735, -0.00218346, 0.00247712, 0.0013097, 0.00330949, -0.00317461, -0.00151881, 0.000130984, 0.00560698, -0.00119363, -0.00450213, 0.00134946, -0.00333454, -0.00080305, -0.000783457, 0.00241034, -0.00210986, 0.000273933, -0.000234169, -0.00111047, -0.000621128
0.0112948, -0.00586589, -0.0266493, 0.0248239, -0.0161408, 0.00201665, -0.00684146, 0.00794912, -0.0130963, 0.00525149, -0.00504661, 0.00991119, 0.00132698, 0.013047, -0.00331163, 0.000701865, 8.14585e-05, 0.000441458, 0.00119895, -0.00140746, -0.00333766, 0.000410136, 0.00331793, 0.00128183, -0.00101047, -0.000347128
-0.00797521, -0.0151099, -0.0212993, 0.0067739, 0.0155452, 0.00741465, -0.00994346, 0.00262512, -0.0048603, 0.00613549, -0.00480661, -0.000702812, 0.019407, 0.010755, 0.00264037, -0.000990135, 0.00578946, -0.00397254, -0.00444705, -0.00179546, -0.00343166, -9.58639e-05, 0.00320993, 0.000479831, -0.00177447, 0.000428872
0.0221748, -0.00789789, -0.0310293, -0.0175061, 0.0219852, -0.00294535, 0.0185865, 0.00452112, -0.000954304, -0.00456451, -0.00625061, 0.00436919, 0.00515498, -0.00735902, 0.00315437, 0.00261387, -0.00194454, -0.00412454, 0.00129895, -0.00396346, -0.00289366, 0.00145414, 0.000673933, 0.00306983, 0.00123353, 0.00114287
-0.0149312, 0.00917611, 0.0168667, 0.0112439, -0.00981885, -0.00490735, -0.00471746, -0.00488488, 0.0032777, 0.000469493, 0.00113339, -0.00128081, 0.000118984, 0.00298098, -3.76261e-05, -0.000440135, -0.00305654, 0.00127146, -0.00200705, 0.000194543, 0.00125034, -0.000691864, -0.00333207, 0.00188183, -0.000360474, 0.000600872
-0.0185452, 0.0148261, -0.0141393, 0.0267439, -0.0131288, 0.00439465, -0.00223346, -0.0135349, -0.0013963, -0.00608051, 0.0102174, -0.00497281, 0.019497, -0.000411016, -0.000749626, -0.00756013, 0.0130155, 0.000101458, -0.00329105, -0.00174946, -0.00422966, 0.00345614, 0.00124393, 0.00205183, -0.00277447, -0.000751128
0.000216787, 0.00577011, -0.0153913, -0.0041821, -0.00180885, -0.00562535, -0.0112115, -0.00262288, -0.0023323, 0.00219949, 0.0128174, -0.00121881, -0.00315502, 0.00405098, 0.00335237, 0.00508987, 0.00507346, 0.00822146, 0.00269695, 0.000582543, -0.00048166, 0.000860136, 0.000443933, -0.00186417, -0.00122247, -0.000259128
0.00717679, -0.0159999, 0.00899672, -0.000744099, -0.0100408, 0.00559065, -0.00146146, -0.00778088, 0.0050197, -0.00163451, 0.00548539, -0.000634812, -0.00408302, 0.00650898, -0.00251363, 0.00751987, -5.45415e-05, -0.000400542, -0.00410505, -0.00225146, 0.00400434, 0.000748136, -0.000378067, 0.000657831, -0.000966474, 0.00134087
-0.00960321, -0.0366199, 0.00965272, -0.0054461, 0.00276515, -0.000641354, -0.00893746, 0.00277912, 0.0020777, 0.0123875, 0.00623539, -0.00551281, 0.00446698, 0.000762984, 0.00573437, 0.0170399, 0.00348146, 0.00249146, -0.00343705, 0.00118054, -0.00189566, -0.00154386, 0.00154993, 0.000711831, 0.00123753, -0.000917128
0.0126128, -0.00331989, 0.00537472, -0.0056481, 0.0182932, -0.00228535, 0.00277254, 0.00124512, -0.0030723, -0.000692507, -0.0107306, -0.00295281, -0.00575902, -0.00651502, -0.00402163, 0.000675865, -0.00108654, -0.00335854, 0.00553495, -0.000291457, 0.00292434, 0.00300414, -0.000466067, -0.000700169, -0.00190247, 0.000364872
-0.0408252, 0.0250821, 0.0261467, -0.0029561, -0.0164988, 0.0115786, 0.0171585, 0.00616112, -0.0052183, 0.00441149, -0.00819261, -0.00269081, -0.00209502, 0.00210898, -0.000459626, 0.00128987, -0.000818542, 0.00171546, -0.00380705, -0.00366546, -0.00110566, -0.00340986, 0.00187793, -0.00204817, -0.00296247, -0.000777128
0.000804787, -0.0117859, 0.0158387, -0.000820099, 0.00764915, 0.00553065, -0.0100815, -0.0111849, -0.0032723, 0.00708549, -0.00260661, -0.00113481, 0.00193898, -0.00228302, 0.00624037, 0.00155987, -0.00402254, -0.00212454, 0.00010895, -0.00229746, 0.00405634, -0.00125786, 0.00124193, 0.00158183, 0.000639526, -0.00140513
-0.00650921, 0.0287701, 0.0111587, 0.0057019, -0.00920685, 0.00815865, 0.00419254, -0.00117488, -0.0052203, 0.00356749, -0.00856861, -0.00475681, -0.00774502, -0.00635902, -0.00432563, 0.00124187, -0.00154254, -0.00190654, 0.00171695, 0.000164543, -0.00254366, 0.000296136, 0.00163593, -0.00253617, -0.00353647, -0.000673128
-0.00547521, 0.0305481, 0.0185647, -0.0207801, -0.0101868, -0.0149134, 0.0117085, -0.0132129, -0.0057743, 0.00276349, 0.00857539, 0.000485188, -0.00218502, -0.000263016, 0.0108164, -0.00540813, 0.00394546, -0.00132854, 0.00016295, -0.00139346, -0.00376166, 0.00148014, 0.000975933, -0.00237417, -0.00257647, -0.000393128
0.0242608, -0.0331699, -0.00523328, -0.0166961, 0.00602715, -0.00602735, 0.0116645, 0.00393912, 0.0040857, -0.00163651, 0.00128739, 0.00305919, -0.00324902, 0.00171498, 0.00527637, -0.00276813, 0.00605546, 0.00544946, -0.00144705, -0.00296746, -0.00150166, 0.00102414, -0.000908067, 0.000725831, 0.000677526, 0.000356872
-0.0302852, 0.0200661, -0.00787128, 0.0117559, 0.0199172, 0.00391865, 0.0195405, -0.0110409, -0.0056403, 0.00862349, -0.00850061, -0.00304481, -0.00759102, -0.00422102, -0.00195563, 0.00148587, 0.00273146, -0.00333254, -0.00235505, -0.00258146, -0.00284566, 0.000498136, 0.00159393, 0.00268983, -0.00142047, -0.000135128
-5.72133e-05, 0.00765811, 0.0158347, -0.0092841, -0.00243685, 0.00669465, 0.00321654, -0.00073888, -0.0034123, -0.00746851, -0.000530609, -0.00701681, -0.00889102, 0.00414898, -0.00635363, -0.000458135, 0.00726546, 0.00294946, 0.00135495, 0.000588543, 0.00234434, -0.00366386, 0.000727933, -0.00261617, -0.00122647, 0.00137087
-0.0398732, 0.0247101, -0.00894928, 0.0105699, -0.0197908, -0.00182135, 0.0249685, -0.00893088, 0.0052717, -0.000612507, 0.00787539, 0.00293319, 0.013187, -0.00100502, 0.00563037, -0.00256013, 0.00380546, -0.00230654, -0.00280305, -0.00293746, -5.96604e-05, -0.00407586, -0.00326207, -0.000482169, 0.000615526, -9.71284e-05
-0.0273572, 0.0365901, -0.0250933, -0.0163421, -0.00538085, 0.00573865, 0.0321305, 0.00980312, 0.0037037, -0.00158451, 0.00242739, 0.00262319, -0.00596102, -0.00278502, -0.00316163, -0.00261413, -0.00434454, -0.00415454, 0.00859895, -8.9457e-05, 0.00037634, 0.000434136, -0.000366067, -0.000946169, -0.00214047, -0.000105128
-0.0252692, 0.0203021, 0.00783872, 0.0195099, 0.00202315, -0.00996535, -0.0131675, -0.00788288, -0.0088203, 0.00359549, -0.00119461, -0.00727281, 0.00292098, 0.019947, -0.00193363, 0.00377587, 0.000137458, 0.00817546, -0.00394705, -0.00203546, -0.00187366, -0.00314586, -0.000370067, -0.00125017, -0.000832474, 0.000734872
-0.0122412, -0.00653789, 0.0340067, -0.0057941, 0.00670115, 0.00396265, -0.00221946, -0.0128289, 0.0054117, -0.00798851, 0.00113339, -0.0107288, 0.015327, 0.00354498, 0.000170374, -0.00331613, 0.00219346, -0.00126454, -0.00285905, -0.000779457, -0.00085366, -0.00236786, -0.000756067, -0.00163217, -0.000274474, -9.12843e-06
0.0289688, -0.0123319, -0.00973128, -0.0094541, 0.0254072, -0.0167974, 0.0148545, 0.00247912, -0.000500304, -0.00136851, -0.00279661, 0.00226119, -0.00171302, -0.00659702, -0.00570363, -0.00497613, 0.00450746, -0.00200454, -0.00086305, -0.000471457, -0.00056566, 0.00147814, -0.00105007, -0.00114417, -0.00207047, 0.000182872
0.0189568, 0.0209681, -0.0408133, -0.0012401, 0.00538515, 0.0276746, -0.00762146, -0.00095288, -0.0022863, -0.00726451, 0.00112939, -0.00775281, -0.00547702, -0.00423502, 0.00756637, -0.000302135, 0.00259746, -0.00171854, -0.00140105, 0.000138543, 0.00101834, 0.00107814, -0.00315807, -0.00127017, -0.000610474, -0.000409128
0.0350788, 0.0178761, -0.000653284, -0.0255801, 0.00213715, -0.00643935, -0.0119575, -0.00847688, 0.0035077, 0.0160795, -0.00711061, -0.00429881, -0.00513902, -1.01573e-06, -0.00183563, -0.00305613, 0.00397946, -0.00222454, -0.00085305, -0.000933457, 0.00375834, -0.00375986, 0.000325933, 0.00122983, -0.00124447, -0.000409128
-0.00824121, 0.0156001, -0.0288473, 0.0039039, 0.00891115, -0.0124234, 0.0315825, 0.00302712, -0.0027783, -0.000412507, -0.00527861, -0.00372881, 0.00558298, -0.00667102, 0.00235037, 0.000583865, 0.00601946, -0.00621654, -0.00433105, 0.000450543, 0.00088634, 0.000572136, -0.000886067, 0.000177831, -0.000902474, 0.00106887
-0.0274412, 0.0215261, 0.0230387, -0.0084041, 0.00482115, 0.00396265, -0.000327456, -0.00478288, -0.0092783, 0.0146475, -0.00327261, -0.00110881, -0.00942102, 0.00215098, -0.00463763, -0.00374413, -0.000632542, 0.00144346, 0.00249495, -0.00428746, 0.00264434, 0.00195814, 0.00164193, 9.9831e-05, -0.00315647, 6.48716e-05
-3.92133e-05, -0.000257892, -0.0131293, -0.0043621, -0.00677285, 0.00956665, -0.00289746, 0.0150571, -0.0101843, -0.00331051, -0.00288261, 0.000229188, -0.00385302, 0.017271, 0.000310374, 0.000389865, 0.000633458, -0.00125254, 0.00708495, -0.00246546, 0.00221634, -0.00253786, -0.000736067, 0.000743831, 0.00145953, -0.000281128
0.0225648, -0.0281259, -0.0194793, 0.0313519, 0.00543115, -0.00212335, -0.00218746, -0.00909488, -0.0032103, 0.00421949, 0.00711339, -0.000814812, -0.00451502, 0.00518098, -0.00186563, -0.00148413, -0.00348854, 0.00304146, -0.00288905, 0.00254454, 0.00188834, 0.00155614, -0.00135807, -0.00125617, -0.00251847, -0.000481128
0.0388888, 0.00265211, -0.0186913, 0.0026239, 0.0127652, -0.000171354, -0.0108235, -0.0100429, -0.0022203, 0.0106335, -0.00357261, -0.00536881, -0.00450502, 0.00378898, -0.00717163, -0.00428213, -0.00491254, 0.000617458, -0.00261505, 0.00318454, 0.00262834, -0.000873864, 0.000499933, -0.000516169, -0.00206047, -0.000455128
0.0202688, 0.0193261, -0.0251433, -0.0044081, -0.00711085, -0.0119814, 0.00149454, -0.00261488, -0.0021983, -0.00187651, -0.00626861, -0.00106481, -0.000463016, 0.015043, 0.00818037, -0.00316213, -0.00191654, 0.00312546, 0.00248695, 0.00215854, 0.00258634, -0.00290786, -0.00121607, -0.00105817, -0.00103247, -0.000247128
0.00273279, 0.0205381, 0.0282647, -0.0040501, -0.00868285, 0.00234865, -0.0173615, 0.0156931, -0.0015063, 0.00140549, 0.000721391, -0.00909281, -0.00400102, -0.00449302, 0.000598374, 0.000511865, -0.00557054, -0.00487054, -0.00289705, -0.00179346, -0.00169566, -0.00325586, -0.000844067, -0.00117417, -0.00184247, 0.000316872
0.0106508, 0.00784011, 0.0103327, -0.0118801, 0.00660915, 0.0230786, -0.00534946, -0.0187829, -0.0042203, 0.00765349, -0.00970061, -0.000634812, 0.00869498, -0.000649016, -0.00826763, -0.00419813, 0.000163458, -0.00493254, 0.00071095, -0.00418346, 0.00151034, -0.00163586, -0.00127607, -0.00346017, 0.00125553, 0.000670872
0.00893679, -0.000681892, -0.0118513, 0.0166799, -0.00255085, -0.0190774, 0.0103925, 0.00599712, 0.0073537, 0.00542749, -0.00980661, -0.0105908, -0.00377502, -0.00238902, 0.00352437, 0.00333987, -0.000104542, -0.00362254, 0.00420295, 0.00156854, -0.00278766, 0.00195014, -0.00134607, 0.000869831, -0.00198647, 0.000326872
0.0113008, 0.00587811, -0.00919328, 0.0055739, -0.00315685, -5.35382e-06, -0.00424746, 0.0116651, -0.0113823, -0.00389651, -0.00559861, -0.000800812, -0.000543016, 0.00426698, 0.00462237, 0.00409187, -0.00579454, 0.000739458, -0.00460505, -0.00185146, -0.00167766, 0.00262814, 0.00272593, 0.00115183, -0.00197447, 8.28716e-05
-0.0357932, -0.0208119, 0.0322947, -0.0039321, 0.0371352, 0.0146546, -0.000985456, -0.00243688, 0.0011057, 0.00906949, -0.00731861, -0.00636881, 0.00239498, 0.00505298, 0.00247237, -0.00881013, -0.00101454, -0.00477654, -0.00621505, -0.00286946, -0.00264366, 0.00107614, -0.00104807, 0.000987831, -0.00121647, -3.12843e-06
0.0358008, -0.0468419, -0.00910328, 0.0461499, 0.00246915, -0.0115414, 0.0142045, 0.00010512, -0.0072023, -0.00798251, 0.00990139, -0.00211081, -0.00608302, -0.010091, -0.00389763, -0.00591613, 0.00115746, -0.000186542, 0.00291295, -0.000913457, -0.00203166, 0.000174136, 0.00147793, -0.000304169, 0.00120953, -0.00135713
-0.00221921, -0.0164799, 0.0142567, -0.0029941, 0.0100292, -0.00474935, 0.00598854, 0.00204112, -0.0064863, 0.00500949, -0.00762261, -0.000732812, 0.000452984, 0.00633898, -0.00530163, -0.00257013, -0.00152854, -0.000266542, 0.00133295, 0.00504454, 0.00092434, -0.00209386, -0.000226067, 0.00241183, -0.00132847, 0.000768872
0.0313868, -0.00572989, -0.0277113, -0.0125741, 0.00425115, 0.0129646, -0.0163775, 0.00869312, 0.0082397, -0.00381251, -0.00989461, -0.00566681, 0.011187, -0.000569016, 0.00477837, 0.00253187, -0.00218654, 0.000915458, -0.00308305, -0.00112946, 0.00149034, 0.00101214, 0.000175933, 0.00126183, -0.00107447, 0.000920872
0.00842279, 0.0181621, -0.0363013, 0.0224079, -0.0133088, -0.00970135, -0.00351346, -0.00364488, 0.0093677, -0.00167251, -0.00326261, 0.00201919, -0.00103302, -0.00151702, 0.0163764, -0.00421413, -0.00452454, 0.00110546, 0.00656495, -0.00313346, 0.00229434, -0.00143386, -0.000652067, 0.00195983, -0.000428474, -0.000339128
0.0297028, -0.00873189, -0.00659328, -0.0019701, -0.00373285, 0.00549465, -0.00288146, 0.00635912, -0.000388304, -0.00737051, -0.00856661, 0.00399119, -0.00671902, -0.00116302, -0.00290763, 0.0162019, -0.00555454, 0.00145346, -5.50501e-05, -0.00392946, -0.00047766, 0.000234136, 0.000169933, -0.000786169, -0.00122447, -0.000555128
0.00868479, 0.0310501, 0.00454472, -0.0161161, 0.0319292, -0.00951735, -0.0133075, -0.00466688, -0.000972304, 0.000929493, -0.0109526, -0.00207281, 0.00314498, -0.00401102, -0.00253363, -0.00350613, 0.00199746, -0.00138854, -0.00601705, -0.00119546, -0.00050166, -0.000821864, -0.000606067, -0.000802169, -0.00349047, 0.000198872
0.0431128, -0.0294779, 0.00644072, 0.0068159, -0.00627885, -0.00642335, 0.000246544, 0.00975312, -0.0137543, 0.00221149, -0.00576661, 0.00724119, -0.00487902, -0.00207102, -0.00486363, -0.00484413, 0.00194546, -0.00175454, 0.00394495, 0.000490543, 0.00279234, -0.000501864, 0.000625933, -0.00194017, -0.00295847, -0.000107128
0.0399428, -0.0181139, 0.0186427, -0.0210721, -0.0153668, -0.00145935, -0.00436746, 0.00462712, -0.0023203, -0.00418051, -0.00263061, 0.000775188, -0.00148502, 0.000246984, 0.00539837, -0.00406013, 0.000915458, 0.00556946, -0.00114505, -0.00489746, 0.00190434, 0.000936136, 0.00237793, 0.00138783, -0.000830474, -0.000795128
-0.0134772, -0.0146059, 0.0107767, -0.0031721, 0.00566115, -0.000447354, 0.000440544, 0.00836512, -0.0052463, -0.000958507, -0.00525461, -0.00619481, 0.00283498, -0.00415302, 0.00556637, 0.0175779, -0.00416054, 0.000547458, 0.00176895, 6.6543e-05, -0.00119166, -1.86389e-06, 0.00177393, 0.00317183, -0.000720474, 0.00103287
-0.00948921, -0.0181819, 0.000592716, 0.0414659, -0.0109428, 0.00262865, 0.000424544, 0.00259312, 0.0050197, -0.0121545, -0.00435461, -0.00295081, -0.000515016, -0.00305902, 0.00452037, -0.000556135, 0.00124346, 9.45847e-06, -0.00017505, 0.00132654, 0.00273834, -0.000355864, 0.00146193, -0.000336169, -0.000856474, -9.71284e-05
0.0378108, 0.00407611, -0.0153593, 0.0040219, -0.0116208, 0.00585065, -0.0148415, 0.00116912, 0.0034977, -0.00274251, 0.0110274, -0.00651081, -0.000587016, 0.00166298, 0.00164237, 0.000517865, -0.00481254, -0.00393454, -0.00356305, -7.45701e-06, -0.00070566, -0.00526386, -0.000798067, 0.000309831, -0.00224047, 0.00140087
0.00389479, 0.00576411, -0.00516928, 0.0162999, 0.00397315, -0.00150535, -0.0124915, 0.0119951, -0.0021483, -0.00133651, -0.0101286, -0.00147081, -0.00760502, -0.000595016, 0.00297437, -0.00468413, -0.00271654, 0.0103555, 0.00024495, -0.00239346, -0.00369966, -0.000781864, 0.000993933, 0.000233831, 0.000201526, -0.000205128
-0.0344672, 0.0243921, 0.0400567, -0.0139241, -0.00514685, 0.00197065, 0.0106745, -0.00525288, -0.0038543, -0.00205051, -0.000752609, -0.000160812, -0.00378502, -0.00447902, 0.00109237, -0.00550413, -0.00355454, 0.00262746, 0.00347295, -0.000179457, 0.00070634, -0.00268386, 0.00122593, -0.000794169, 0.000311526, 5.88716e-05
-0.0167492, 0.0485541, 0.00429672, -0.0048301, -0.0137488, 0.00412065, -0.00917746, -0.00497088, 0.0016777, -0.00299051, 0.00424339, 0.00668519, -0.00355102, -0.000877016, -0.00169163, 0.000827865, 0.000241458, 0.00230946, -0.00523105, -0.00297146, 5.83396e-05, -0.00153386, -0.00266407, -0.000740169, -0.00142647, 0.000138872
0.0247848, -0.00808189, -0.00283128, 0.0244699, -0.00332285, -0.00170135, 2.05445e-05, -0.00997288, -0.0132603, -0.00212251, -0.00631061, -0.00214281, -0.00860502, 0.00215498, 0.000856374, 0.0115959, -0.00149054, -0.000812542, 0.00133895, 0.000872543, -0.00062566, -0.00316386, -0.000420067, 0.00269783, -0.00357847, -0.000349128
-0.0221452, 0.0130161, 0.0209027, 0.0021119, -0.0116448, 0.00611465, -0.00689146, 0.00499712, -0.0096043, 0.00365549, 0.00311739, 0.00360119, -0.00380102, 0.00537698, -0.000705626, -0.00525413, -0.000452542, 0.00409946, -0.00147505, 0.000786543, -0.00313166, -0.00112386, -2.00673e-05, -0.00139217, -0.000174474, 3.68716e-05
0.0193448, 0.0445941, -0.0238113, -0.0039541, -0.0138288, -0.00553535, -0.00357346, 0.00183712, 0.0043077, 0.000537493, 0.00149139, -0.00599881, -0.00458502, 0.00170298, -0.00622563, -0.00320213, -0.000342542, 0.00226146, -5.30501e-05, -0.000767457, -0.00169366, -0.000751864, -0.00275007, 0.00197983, -0.000978474, -5.12843e-06
-0.0200712, 0.00746611, -0.0114873, 0.0151499, 0.00681115, -0.00763135, -0.00841746, 0.0166551, 0.0043997, -0.000652507, -0.0100726, -0.00963481, -0.00151102, 0.00257498, 0.00720837, 0.00916187, -0.00487254, 0.00517346, -0.00162105, 0.00551254, -0.00206166, 0.000708136, -0.000450067, 0.000345831, -0.00188847, -0.000795128
-0.000623213, 0.0109161, -0.0151593, 0.0303459, -0.00957485, -0.00773935, -0.0191575, 0.0112771, 0.0047497, 0.00617349, 0.00938739, -0.00576081, -0.00574102, -0.00455902, -0.000647626, 0.00376187, -0.00447054, -0.00468254, -0.00193705, 0.00437654, -0.00284566, -3.86389e-06, 0.00112993, 0.00105383, -0.000134474, -0.000135128
0.0117628, -0.0238419, -0.0131273, 0.0186619, -0.000548845, -0.0109414, -0.00626546, 0.00958112, 0.0033677, 0.00561749, -0.00111261, 0.0109852, -0.00264502, -0.00406302, -0.00360763, 0.00217187, -0.00399254, 0.00301746, -0.00099505, -0.00257546, -0.00102766, 0.00483614, 0.000409933, 0.00492983, 0.000101526, -0.000699128
0.00277879, 0.0323501, 0.000836716, -0.0171941, -0.0143948, 0.00643865, -0.0150575, 0.0206731, -0.0044063, -0.00239651, -0.00198461, 0.00779719, -0.00407302, -0.00580502, -0.00121163, -0.00550413, 0.00831346, -0.00186654, -0.00234705, -0.00109546, 0.00127434, -0.000977864, -0.00224207, 0.00188783, -0.00149847, -0.000295128
-0.0182492, 0.0205581, -0.0282813, -0.0118321, 0.0140252, -0.00529335, 0.0158225, -0.00378688, 0.0043157, -0.00576251, -0.00712061, -0.00593081, -0.000131016, 0.018567, 0.0101064, 0.000573865, -0.00282854, -0.00420454, 0.00022695, 0.00446254, 0.00155234, 0.000950136, 0.00408393, 0.000501831, -0.00160847, -0.000717128
0.0108528, -0.00234589, -0.00369928, 0.0039219, 0.00957515, 0.00774465, 0.00178654, -0.00195088, -0.0035003, -0.00617451, -0.00492261, -0.00192281, -0.00175502, -0.00300502, -5.62605e-06, -0.000654135, 0.00240346, -0.00242054, -0.00457705, -0.000221457, 0.00244234, -0.000507864, 0.00112393, 0.000107831, -0.00221847, -7.71284e-05
0.0108948, 0.00296411, 0.0127587, -0.0132421, 0.00433715, -0.0113174, -0.00258946, 0.00561312, -0.0062803, -0.00907051, -0.00325461, 0.000909188, 0.00733298, 0.00647098, 0.000520374, -0.00103813, -2.65415e-05, 0.00358946, 0.00124895, -0.00253946, -0.00154166, -0.00192386, -0.00322407, 0.000815831, -0.00100447, -0.000403128
0.0237968, -0.0475299, 0.00616472, 0.0203159, 0.0104892, 0.00620665, -0.00668946, 0.00148112, -0.0059663, -0.00441651, 0.00538139, -0.00885481, -0.000707016, 0.00153498, 0.00195237, -0.00408013, 0.00554946, -0.00409654, -0.00236305, 0.00467254, 0.00102834, -0.00122186, -0.00209007, 0.000385831, -0.000508474, -0.000435128
-0.0171992, -0.0205459, -0.0151313, 0.0268799, 0.000425155, -0.00779135, -0.00145946, 0.0162691, 0.0030677, 0.00215549, 0.0104354, -0.00739681, 0.000560984, 0.00146898, -0.000849626, 0.00514387, 0.00338346, 0.00649746, -0.00027105, 0.000262543, -0.00193366, -0.00224386, -0.000354067, 0.000667831, -0.00192047, -0.000121128
0.0107688, 0.0615441, -0.0223593, -0.0232501, -0.0147028, -0.0102794, -0.00572546, 0.00126912, 0.0058697, 0.0179455, 0.00499539, -0.0108208, 0.00840898, -0.00814702, -0.00685163, -0.00380413, 0.00458346, -0.00456254, 0.00041895, -0.00215546, 0.00054634, -0.00232386, -0.000336067, -0.000556169, -0.000102474, -0.000373128
-0.0386992, -0.000935892, 0.00273072, 0.000859901, -0.0169768, 0.0120526, 0.0110245, -0.00530688, 0.0040997, 0.0210615, 0.00185339, 0.00268919, 0.00225498, 0.000554984, -0.00127363, 0.00115987, -0.00177654, 0.00270346, -0.00357305, 0.00120654, -0.00171566, 0.00616814, 0.000935933, 0.000737831, -0.00107647, -0.000759128
0.0578928, 0.00940611, -0.0314953, -0.0033401, -0.000856845, 0.0101066, 0.00248054, -0.00739688, -0.0085203, -0.0110585, 0.00597539, -0.00369281, -0.00479902, -0.00202502, -0.00672163, 0.00118987, -0.00217854, 0.00150546, 0.00056895, -0.00350746, -0.00082366, -0.000823864, 0.000771933, -0.000854169, -0.000914474, -0.000889128
0.0114268, -0.0179919, 0.0113907, 0.0100059, 0.00429315, -0.00721935, 0.0163985, -0.00700088, -0.0067923, -0.00640851, -0.00494061, -0.00918081, 0.00874698, 0.00214098, -0.000401626, 0.000939865, -0.00122054, -0.000250542, 0.00092695, -0.00306946, -9.76604e-05, -0.00267586, -0.00122007, 0.00134383, 0.000801526, 5.48716e-05
-0.00379521, -0.00478589, 0.00333072, -0.0012741, 0.00869515, 0.00368265, 0.00622054, -0.00808688, 0.0041697, 0.00232149, -0.000810609, 0.00475319, -0.00557702, -0.00514702, 0.00216037, 0.000927865, 0.00258746, -0.000764542, -0.00455105, -0.00524946, -0.00027166, 0.00116014, 0.000983933, 0.000483831, -0.00132047, 0.000156872
-0.0488672, 0.0233301, 0.0119367, -0.000658099, -0.00674285, 0.0330026, 0.0170145, -0.00787688, -0.0063863, -0.00282451, -0.00788461, 0.000171188, -0.00866302, 0.00153098, -0.00202163, -0.00110613, 0.00578746, -0.00102854, 0.00664695, -6.1457e-05, 0.00084834, -0.00325586, -0.00120007, -0.000364169, -0.00168047, 0.000352872
0.0392068, 0.0250161, -0.0417053, 0.0222079, -0.00609685, 0.000166646, -0.00465346, -0.00837488, 0.0024717, -0.00494851, -0.00446861, 9.51877e-05, 0.00174898, -0.00221302, -0.00748163, -0.00590013, -0.00239054, 0.00196746, -0.00450105, 0.000294543, -0.00020766, 0.000134136, 0.000981933, 9.3831e-05, -0.000440474, -0.00100313
-0.00488921, 0.0127481, 0.00574872, 0.0063099, -0.00417685, -0.00952335, 0.00114254, 0.00219712, 0.0020137, -0.000918507, -0.00592461, -0.00738681, 0.00298698, 0.00470098, 0.00578837, 0.00709787, -0.00225254, -0.00321254, -0.00527505, -0.00171946, 0.00048234, -0.00137586, -0.00132407, -0.00236817, -0.00122247, 0.000352872
-0.0269612, -0.00364589, 0.0282627, -0.0110541, 0.0204872, -0.00520335, 0.0120365, 0.00701712, -0.0068163, -0.00233451, -0.00644661, 0.00807119, -0.00560902, 0.00355298, -0.00525363, -0.00182613, -0.00643054, -0.00236854, -0.00196905, 0.000666543, 0.00502034, 0.000804136, -0.000302067, 0.00114383, -0.00113847, 0.000296872
-0.0404452, -0.00753789, 0.0319087, -0.0067061, 0.00193715, 0.0171406, 0.0215485, -0.00255488, -0.0091223, -0.00325251, -0.00690861, -0.00150481, 0.00250098, 0.00591498, -0.000247626, -0.00620613, -0.00527654, -1.85415e-05, 0.00449895, 0.00121854, 0.00118834, 0.000736136, -0.000834067, 0.00258183, -0.00121247, 0.000652872
0.0220808, -0.0213279, -0.0189453, 0.0125739, -0.00531285, 0.00149665, -0.00948946, -0.00296888, 0.0026857, -0.000894507, 0.00239739, 0.000183188, 0.00928498, -0.00116702, -0.00557763, 0.0186279, -0.000462542, -0.00108854, -0.00065105, -0.000899457, 0.00021834, -0.00119786, 0.00233593, 8.1831e-05, -0.00142247, -0.000561128
0.0260908, -0.0434439, 0.0201147, -0.0093881, 0.00984315, 0.00363265, 0.00145854, -0.00224288, -0.0071023, -0.00351451, -0.000722609, 0.0127052, -0.00931102, 0.00486298, 0.000642374, -0.00255613, 0.00386946, -0.00453054, -0.00076105, 0.00126254, 4.33955e-06, -0.00229586, -0.000102067, 0.00294583, -0.000768474, -0.000693128
-0.0266372, 0.0305881, 0.00830472, -0.0192221, 0.0110952, -0.00169935, 0.00133054, 0.00311912, -0.0046783, -0.00269451, -0.00430461, 0.00674519, 0.00184098, 0.00274098, 0.000576374, 0.00221587, -0.000736542, -0.00523254, -0.00037105, -0.00207746, -0.00201166, -0.000799864, -0.00142607, 0.00253783, -0.000920474, 0.00171687
0.0569548, -0.00948389, -0.00550928, -0.0080301, 0.0104852, 0.00315465, 0.00356054, -0.00163288, -0.0134523, -0.00409451, -0.00336061, 0.000517188, -0.00368302, -0.00719702, -0.00500963, -0.00102413, -0.00203254, -5.25415e-05, -0.00094505, -0.00302146, -0.00145366, -0.00264586, -0.000662067, 0.000197831, -0.000970474, -0.000609128
0.0181248, 0.00394011, 0.0569027, -0.0107381, -0.00795485, -0.00487335, -0.0160115, -0.00945888, -0.0073323, -0.00460251, -0.00852861, 0.00334919, -0.00270902, -0.00450102, -0.000559626, -0.00515013, 0.00224946, -0.000380542, 0.00257895, -6.9457e-05, -0.00081566, -0.000581864, 0.000525933, -0.00147017, -0.00139047, -0.000543128
0.0438308, -0.00273389, -0.00703728, -0.0067841, 0.00163715, -0.00540535, -0.00324746, -0.00320288, -0.000834304, -0.0106205, -0.00455661, -0.00611881, 0.00225098, 0.00699298, 0.00383637, 0.000231865, -0.00463054, -0.00265054, -0.00015505, -0.000147457, 0.00112434, -0.00130586, 0.00152993, -0.00155217, -0.000420474, -3.11284e-05
-0.00523721, 0.00657411, 0.0187987, -0.0036041, 0.00589115, 0.0130266, -0.00778146, -0.0112969, -0.000386304, -0.00460051, -0.00371261, 0.00189119, -0.00668702, 0.00308298, -0.00923163, 0.000115865, 0.00459946, -0.00236454, 0.00448095, -0.00145746, -0.00125566, 4.41361e-05, 0.000353933, -0.00139417, 3.75258e-05, 0.000112872
0.0277808, -0.0266739, -0.0183273, 0.0251059, 0.00977715, -0.0143574, 0.00110454, 0.00744112, -0.0071443, 0.000797493, -0.00406261, -0.00679481, -0.00356102, 0.00451698, -0.00428163, 0.00194987, 0.00226746, 0.00146946, 0.00139295, 0.00387654, -0.00068166, 0.00130614, -0.00113207, -0.00127817, -0.000216474, -0.000275128
0.0221048, -0.0128859, -0.0349273, -0.0208021, 0.0126032, 0.00337665, 0.0183985, -0.00493488, -0.0053663, -0.00261051, -0.00581261, 0.00772119, 0.00414898, 0.011847, -0.00314963, 8.78653e-05, -0.000930542, 0.000431458, 0.00208295, 0.000406543, 0.00029834, 0.00181214, 0.00200193, 0.00296383, 0.00133553, -0.000201128
