1, 2, 3, 4, 5, 6, 7, 8, 9, 10, 11, 12, 13, 14, 15, 16, 17, 18, 19, 20, 21, 22, 23, 24, 25
1, 1, 1.53608, 2.79456, 3.76166, 4.50364, 5.24696, 6.37129, 7.52127, 8.34195, 9.00783, 10.1104, 10.9921, 11.8839, 12.9316, 14.0787, 15.2319, 16.0483, 17.2784, 18.3429, 19.4171, 20.5911, 21.5491, 22.6684, 23.8329
1, 1, 1.20112, 2.34526, 2.97353, 4.07637, 4.05861, 5.2161, 6.43445, 6.9864, 7.41863, 8.52816, 9.34204, 9.97939, 11.1564, 12.4315, 13.6421, 14.3419, 15.6638, 17.1001, 18.0673, 19.2666, 20.464, 21.4291, 23.1794
1, 1, 1.19414, 2.00864, 2.73989, 3.61852, 3.22338, 4.27324, 5.97247, 5.84006, 6.91226, 7.27369, 7.98501, 8.6102, 9.73225, 11.2606, 12.3063, 12.9729, 14.3998, 16.4251, 17.0963, 18.2758, 19.4685, 20.7744, 22.4523
1, 1, 1.34955, 1.99325, 2.76643, 2.88394, 2.95901, 4.17286, 5.8689, 5.36291, 6.07892, 6.04486, 7.30892, 7.26672, 8.29393, 10.2954, 11.1707, 11.9344, 12.8518, 15.6585, 15.9754, 17.7079, 19.1039, 20.0174, 21.8111
1, 1, 1.30908, 1.84946, 2.82557, 2.80617, 2.56792, 3.4986, 5.60521, 5.00813, 5.46166, 5.52764, 6.93878, 6.8636, 7.23922, 9.15068, 10.3405, 10.6308, 12.0058, 14.7665, 15.0329, 16.7058, 18.4718, 19.2179, 20.8537
1, 1.48857, 1.23397, 1.87566, 2.78667, 2.72148, 2.56921, 3.52406, 5.39779, 4.90304, 4.87047, 4.82062, 6.40143, 5.74349, 6.7541, 8.75107, 9.22493, 9.48396, 11.5656, 14.065, 14.4863, 15.8588, 17.4553, 18.4561, 20.3725
1, 1.31138, 1.27739, 2.01867, 2.27052, 2.87482, 3.5349, 3.11343, 5.0562, 4.87456, 4.67821, 4.61923, 5.90426, 5.31703, 6.76646, 8.1105, 8.88042, 8.92027, 10.8555, 13.3548, 13.5595, 15.0134, 16.6022, 18.1199, 20.1098
1, 1.02651, 1.62005, 2.5621, 2.4187, 2.57714, 3.90527, 3.41781, 4.97372, 4.7069, 4.90727, 4.82655, 4.88472, 4.90773, 6.55041, 8.09186, 8.695, 8.02645, 10.6255, 12.163, 12.8345, 14.1742, 16.4168, 17.8116, 19.7951
1, 1, 1.63775, 3.09951, 2.28824, 2.55872, 3.95758, 3.75227, 4.48914, 4.46969, 4.63789, 4.81112, 4.68382, 4.60033, 6.28357, 7.36148, 8.01743, 7.29042, 10.1481, 11.0717, 11.8626, 13.7971, 15.67, 17.5406, 19.6102
1, 1.14175, 1.62665, 2.63228, 2.34818, 2.60923, 3.68293, 3.81699, 4.86292, 4.51057, 4.17759, 4.97464, 4.75267, 3.9184, 5.9233, 7.10116, 7.1768, 7.29174, 9.63051, 10.7933, 10.9839, 13.573, 14.7088, 16.7875, 19.0092
1, 1.23341, 1.70648, 3.53386, 2.07341, 2.77036, 3.1475, 3.31136, 5.06213, 4.0683, 3.94261, 4.64614, 4.52844, 3.64414, 6.32884, 7.17676, 6.80747, 7.17214, 9.04207, 10.3713, 11.2345, 13.0801, 14.6582, 16.5328, 18.7065
1, 1.33614, 1.91719, 2.92506, 2.47196, 2.44138, 2.78559, 3.2434, 4.59159, 4.17023, 3.72557, 4.76097, 4.7756, 4.10647, 5.72957, 6.68335, 6.30254, 6.76972, 8.94253, 10.1815, 10.9217, 12.6141, 14.0076, 16.249, 18.5725
1, 1.37906, 1.8377, 2.87067, 2.5753, 2.62776, 3.36709, 2.96706, 4.16802, 4.06061, 4.06704, 4.6591, 4.82162, 4.31755, 5.103, 6.52805, 6.59837, 6.95762, 8.41291, 9.71463, 10.3736, 11.8023, 13.1384, 15.5569, 18.1143
1, 1.30436, 1.84534, 2.53344, 2.57316, 2.50527, 3.16505, 3.28636, 4.21272, 4.69783, 4.20342, 4.66854, 5.07374, 4.26761, 4.97977, 6.46156, 6.12343, 6.89328, 8.51801, 8.94948, 9.93743, 11.8732, 12.7237, 14.7379, 17.9644
1, 1.30623, 1.68136, 2.82401, 2.62147, 2.67464, 2.87531, 3.25735, 3.97459, 4.82725, 4.23167, 4.5383, 4.79419, 4.0062, 4.77773, 6.00094, 6.23877, 7.05061, 7.99876, 8.22288, 10.0034, 11.5605, 12.5551, 13.6613, 17.9874
1, 1.47874, 1.7222, 2.93871, 2.72967, 2.70724, 2.93172, 3.32509, 4.28311, 4.66074, 4.4195, 4.62598, 4.57529, 3.71437, 4.69996, 5.4627, 6.30654, 6.82575, 7.96801, 8.13431, 9.89747, 11.0881, 12.1539, 13.4633, 17.8026
1, 1.16541, 1.87873, 2.78278, 2.88334, 2.63873, 3.20615, 3.42772, 4.02018, 4.70115, 4.53586, 4.65252, 4.38433, 3.44491, 4.74733, 5.47197, 6.06617, 6.92952, 7.58995, 8.11821, 9.55003, 10.8744, 12.0082, 13.2132, 17.5835
1, 1.20907, 1.68681, 2.44167, 2.91137, 2.6212, 3.48604, 3.51094, 3.90569, 4.62399, 4.49085, 4.52766, 4.39675, 3.52538, 5.33098, 5.2453, 5.94463, 6.82118, 7.61652, 8.24826, 8.87508, 10.8855, 11.2551, 12.3123, 17.0075
1, 1.48584, 1.52977, 2.06215, 3.02742, 2.73009, 3.50026, 3.48632, 4.15238, 4.39993, 4.17813, 4.45841, 4.21788, 3.55258, 5.05604, 5.46805, 5.77213, 6.50796, 7.43569, 8.09187, 9.14631, 10.8481, 11.3039, 12.2395, 16.8247
1, 1.51301, 1.50375, 2.29811, 2.78437, 2.78614, 3.24928, 3.59429, 4.10223, 4.17544, 4.2907, 4.42692, 4.06686, 3.63517, 5.0583, 5.49004, 5.67045, 6.49884, 7.72124, 7.69206, 10.3274, 10.2584, 11.0188, 11.993, 16.7384
1, 1.46473, 1.36185, 2.54454, 2.80693, 2.91112, 2.74186, 3.70277, 4.21375, 4.38407, 4.61465, 4.34826, 3.87358, 3.82597, 5.49126, 5.39983, 5.71415, 6.3507, 7.56235, 7.63559, 9.66546, 10.0648, 10.794, 12.2548, 16.7691
1, 1.4176, 1.18476, 2.29798, 2.74819, 2.82573, 2.81145, 3.66325, 4.28463, 4.30405, 4.57898, 4.24944, 3.7167, 3.90686, 5.52579, 5.25153, 5.68399, 6.18716, 7.43154, 7.51174, 9.30411, 10.2226, 10.8643, 12.5502, 16.6026
1, 1.21286, 1.28746, 2.451, 2.64674, 2.84082, 2.81587, 3.40024, 4.2471, 4.28515, 4.65757, 4.30726, 3.49695, 3.84731, 5.61397, 5.39952, 5.69024, 5.93525, 7.12487, 7.58071, 9.15931, 10.1426, 10.7611, 12.5105, 16.5519
1, 1.251, 1.40804, 2.47628, 2.537, 2.81302, 2.67048, 3.52304, 4.29894, 4.34623, 4.54881, 4.24037, 3.52288, 3.50363, 5.52631, 5.26425, 5.72376, 5.56456, 7.20025, 7.61179, 9.02702, 10.1067, 10.638, 12.5065, 16.4324
1, 1.08998, 1.67033, 2.47676, 2.43217, 2.83379, 2.59792, 3.43549, 4.34996, 4.31297, 4.40515, 4.10974, 3.60734, 3.20148, 5.35695, 5.15255, 5.69983, 5.57478, 7.13315, 7.34861, 8.58559, 10.1778, 10.6258, 12.0557, 16.4394
1, 1.12313, 1.77018, 2.50799, 2.43238, 2.82941, 2.40815, 3.29483, 4.29329, 4.29273, 4.51236, 4.18798, 3.46465, 3.48659, 5.33534, 5.13345, 5.86485, 6.0152, 7.106, 7.50843, 8.55587, 10.121, 10.4559, 11.21, 16.2141
1, 1.23585, 2.08818, 2.16055, 2.50749, 2.81469, 2.40742, 3.29988, 4.24167, 4.3007, 4.45006, 4.20709, 3.43221, 3.66118, 5.39212, 5.16113, 5.77226, 6.03284, 7.08984, 7.49226, 8.28669, 10.3623, 10.5895, 10.965, 15.9702
1, 1.28065, 1.67309, 2.1546, 2.47691, 2.75988, 2.74604, 3.13241, 4.26823, 4.36974, 4.60124, 4.26405, 3.3687, 4.17981, 5.41464, 5.11397, 5.74558, 5.9097, 7.31073, 7.46569, 7.91842, 10.2805, 10.4517, 10.7755, 15.7786
1, 1.32776, 1.63787, 2.04365, 2.4325, 2.74688, 2.65921, 3.15747, 4.23674, 4.28897, 4.48207, 4.34249, 3.14353, 4.03721, 5.35917, 5.10473, 5.61932, 5.91666, 7.20634, 7.57844, 8.18523, 10.1236, 10.3802, 9.85325, 15.7254
1, 1.16749, 1.42308, 2.10245, 2.70891, 2.73668, 2.67741, 3.13593, 4.14567, 4.30425, 4.29135, 4.29139, 3.54724, 4.18687, 5.30927, 5.18944, 5.5501, 5.93348, 7.01333, 7.53854, 8.44177, 10.3506, 10.3868, 9.45735, 15.6483
1, 1.20558, 1.55509, 1.94481, 2.69541, 2.65167, 2.6134, 2.95286, 4.11345, 4.34398, 4.39861, 4.2252, 3.45117, 4.48302, 5.25339, 5.19022, 5.37084, 5.95515, 7.22308, 7.5914, 8.58339, 10.3023, 10.3224, 9.58147, 15.6695
1, 1.20286, 1.43401, 1.87209, 2.87486, 2.63713, 2.51302, 3.01136, 4.01546, 4.30042, 4.48759, 4.24462, 3.97799, 4.14096, 5.09563, 5.0613, 5.34856, 5.78092, 7.26794, 7.45604, 8.80109, 10.1513, 10.2514, 9.78979, 15.6395
1, 1.08562, 1.52151, 2.03299, 2.86392, 2.56204, 2.50984, 3.02975, 3.96782, 4.31539, 4.32505, 4.18747, 3.99005, 3.76316, 5.13363, 5.06781, 5.22817, 5.80235, 7.25133, 7.49202, 8.41038, 10.3202, 10.6402, 9.68075, 15.6591
1, 1.12331, 1.42437, 2.05145, 2.74405, 2.64793, 2.48149, 3.11377, 3.91995, 4.33287, 4.31675, 4.13464, 4.09349, 4.00414, 5.26322, 5.11361, 5.26432, 5.80891, 7.23535, 7.47505, 8.75308, 10.1555, 10.5679, 9.97871, 15.5163
1, 1.02117, 1.32457, 2.1864, 2.89312, 2.76975, 2.57621, 3.07084, 3.95151, 4.35368, 4.40904, 4.28809, 4.10402, 3.67697, 4.92398, 5.13083, 5.37217, 5.75929, 7.10383, 7.40143, 8.65282, 10.0195, 10.4454, 10.1479, 15.6056
1, 1.08255, 1.32332, 2.10516, 2.93898, 2.80253, 2.5929, 2.9537, 3.96999, 4.24672, 4.31838, 4.2216, 4.09604, 3.33961, 5.06881, 5.12821, 5.76552, 5.72852, 7.19005, 7.42182, 8.94351, 10.0738, 10.3001, 9.89938, 15.5218
1, 1.12332, 1.27949, 2.13897, 2.87723, 2.80553, 2.79696, 2.85498, 3.90839, 4.21768, 4.27779, 4.23912, 4.08589, 3.00848, 4.95884, 5.0508, 5.67496, 5.58824, 7.17599, 7.43181, 9.29073, 10.0096, 10.1558, 9.57839, 15.4815
1, 1.03483, 1.45196, 2.168, 2.86217, 2.93964, 2.79646, 2.70969, 3.89099, 4.12159, 4.28938, 4.20098, 4.19885, 2.95609, 4.79722, 5.10112, 5.67341, 5.30945, 7.09555, 7.37368, 9.03851, 9.90918, 10.1229, 9.84763, 15.3984
1, 1.09178, 1.34765, 2.01, 2.74831, 2.88008, 2.74756, 3.008, 3.91038, 4.12228, 4.26, 4.21152, 4.48707, 3.10544, 4.87874, 5.11431, 5.64777, 5.20772, 7.1002, 7.59564, 9.12652, 9.7501, 10.305, 9.49953, 15.374
1, 1.09001, 1.35566, 2.04515, 2.70488, 2.80428, 2.79096, 2.92562, 3.90857, 4.14486, 4.21792, 4.1455, 4.45271, 3.54149, 4.82532, 5.06695, 5.68488, 5.15327, 7.08825, 7.53096, 9.21333, 9.81832, 10.3431, 9.75275, 15.426
1, 1.10482, 1.3359, 2.01324, 2.57444, 2.79233, 2.93401, 2.9861, 3.91833, 4.13554, 4.23544, 4.16429, 4.34964, 3.82562, 4.89251, 5.052, 5.78597, 5.16832, 7.11922, 7.58572, 8.95621, 9.96162, 10.3804, 9.61448, 15.3906
1, 1.13706, 1.29311, 1.97405, 2.58029, 2.81655, 3.06114, 3.03439, 3.90298, 4.09482, 4.21104, 4.1827, 4.31875, 3.676, 4.84999, 5.06825, 5.8112, 5.3834, 7.17833, 7.6146, 8.87356, 10.0505, 10.2252, 9.34952, 15.3485
1, 1.21634, 1.36897, 1.94437, 2.53044, 2.73396, 2.98379, 3.04156, 3.89011, 4.15631, 4.09271, 4.22003, 4.17492, 3.6091, 4.70188, 5.04797, 5.69555, 5.32344, 7.12511, 7.59737, 8.54445, 10.0748, 10.0798, 9.10771, 15.2382
1, 1.17562, 1.52001, 1.85963, 2.52093, 2.71975, 2.91517, 2.93476, 3.86184, 4.15161, 4.08975, 4.20372, 4.19466, 3.58467, 4.68421, 5.00684, 5.74513, 5.37553, 7.03825, 7.4932, 8.73474, 9.99811, 10.1393, 9.13724, 15.189
1, 1.19062, 1.51409, 1.87858, 2.47247, 2.72934, 2.84028, 2.92713, 3.88731, 4.15051, 4.06866, 4.22219, 4.1791, 3.50401, 4.67688, 4.9913, 5.71884, 5.38264, 6.87368, 7.46445, 8.77327, 9.95851, 10.1436, 8.91449, 15.1733
1, 1.15123, 1.5008, 1.91802, 2.48436, 2.70131, 2.86071, 2.96419, 3.8616, 4.15791, 4.09366, 4.26761, 4.31451, 3.5183, 4.77808, 4.97931, 5.66344, 5.4341, 6.84436, 7.49264, 8.58898, 9.9554, 10.2526, 8.93948, 15.1736
1, 1.1804, 1.4957, 1.8414, 2.46517, 2.69359, 2.74073, 3.02587, 3.87192, 4.15726, 4.05234, 4.23752, 4.31476, 3.65676, 4.76054, 4.9671, 5.5935, 5.45681, 6.89851, 7.54687, 8.56959, 9.89133, 10.2986, 8.98698, 15.1345
1, 1.15913, 1.48392, 1.99078, 2.43862, 2.69135, 2.51114, 3.02477, 3.88386, 4.15455, 4.08816, 4.26231, 4.36417, 3.865, 4.80215, 4.9454, 5.56474, 5.34327, 6.96261, 7.59048, 8.60736, 9.88113, 10.3749, 8.83869, 15.113
1, 1.19528, 1.50733, 2.09059, 2.45168, 2.66117, 2.49797, 2.92775, 3.88986, 4.13594, 4.07885, 4.28611, 4.27592, 3.73221, 4.82305, 4.90508, 5.52495, 5.57963, 6.89524, 7.55697, 8.56944, 9.80559, 10.2407, 8.93395, 15.0635
1, 1.20815, 1.44899, 2.09038, 2.43578, 2.67226, 2.4355, 2.90363, 3.86765, 4.133, 4.03686, 4.33567, 4.33131, 3.79981, 4.8853, 4.9344, 5.39861, 5.58266, 6.93515, 7.50674, 8.42112, 9.69529, 10.1186, 9.08203, 15.0612
1, 1.19793, 1.49738, 2.08918, 2.39434, 2.71101, 2.62495, 2.82001, 3.84334, 4.09318, 3.97452, 4.30652, 4.47375, 3.80118, 4.8781, 4.91133, 5.42886, 5.59035, 6.92782, 7.47747, 8.36764, 9.60459, 10.133, 9.0248, 15.0657
1, 1.18011, 1.48975, 2.06834, 2.3718, 2.67157, 2.64593, 2.91332, 3.82818, 4.16461, 3.94708, 4.31403, 4.51328, 3.78734, 4.80331, 4.8983, 5.48913, 5.76722, 6.93823, 7.53875, 8.38828, 9.51223, 10.2585, 9.14849, 15.0537
1, 1.17276, 1.46066, 1.99309, 2.41393, 2.69935, 2.59802, 2.9286, 3.8441, 4.13402, 3.97921, 4.34359, 4.4301, 3.91032, 4.85067, 4.96638, 5.37581, 5.70663, 7.03392, 7.55238, 8.31655, 9.62995, 10.1633, 9.19217, 15.058
1, 1.15348, 1.41088, 1.92932, 2.47374, 2.71087, 2.70855, 2.873, 3.83311, 4.07281, 4.06201, 4.35947, 4.26357, 3.87429, 4.81967, 4.98673, 5.41967, 5.71488, 7.00571, 7.55544, 8.14695, 9.59119, 10.245, 9.16672, 15.0289
1, 1.17187, 1.41463, 2.03157, 2.47856, 2.68477, 2.73619, 2.86031, 3.8084, 4.04329, 4.16117, 4.31982, 4.20873, 3.79349, 4.77522, 5.05232, 5.41597, 5.71995, 6.96247, 7.54513, 8.18227, 9.52874, 10.2851, 9.34158, 15.0134
1, 1.14402, 1.50085, 1.94809, 2.45993, 2.69137, 2.65942, 2.84172, 3.80215, 4.06505, 4.15432, 4.30235, 4.20251, 3.92069, 4.77229, 5.04434, 5.46286, 5.68483, 6.96068, 7.53286, 8.10129, 9.55236, 10.2561, 9.41975, 14.9847
1, 1.11989, 1.42527, 2.04431, 2.47729, 2.67628, 2.63131, 2.84223, 3.78841, 4.11081, 4.11761, 4.26361, 4.13905, 3.94759, 4.84026, 5.04039, 5.43, 5.67937, 6.88593, 7.55504, 8.14771, 9.57311, 10.3422, 9.43835, 14.9627
1, 1.12716, 1.41829, 1.95881, 2.45286, 2.65593, 2.60212, 2.88647, 3.78938, 4.10996, 4.11122, 4.27829, 4.17013, 3.90605, 4.78832, 5.04805, 5.43163, 5.67373, 6.88477, 7.5481, 8.19313, 9.51192, 10.3827, 9.58958, 14.9774
1, 1.13741, 1.43933, 1.93137, 2.46242, 2.62416, 2.50512, 2.86696, 3.83187, 4.06426, 4.14717, 4.26969, 4.26581, 3.94594, 4.7561, 5.06477, 5.48758, 5.66051, 6.81411, 7.57526, 8.28635, 9.57858, 10.3076, 9.56611, 14.9529
1, 1.14762, 1.41144, 1.98548, 2.42794, 2.61505, 2.40554, 2.899, 3.82063, 4.02425, 4.17514, 4.23776, 4.2774, 3.9491, 4.69131, 5.08219, 5.51445, 5.59708, 6.88274, 7.57881, 8.31853, 9.67216, 10.2969, 9.55701, 14.9501
1, 1.15895, 1.41519, 1.99322, 2.44664, 2.61864, 2.28253, 2.9006, 3.83698, 3.99182, 4.1497, 4.24783, 4.25683, 3.93586, 4.69442, 5.05636, 5.51256, 5.59911, 6.88015, 7.61164, 8.33563, 9.53833, 10.3362, 9.55796, 14.9202
1, 1.12759, 1.3974, 2.00496, 2.42749, 2.62443, 2.46499, 2.89154, 3.85438, 3.97626, 4.1633, 4.29653, 4.29065, 3.85259, 4.67755, 5.0189, 5.45287, 5.64196, 6.89406, 7.60514, 8.31834, 9.4907, 10.2834, 9.60368, 14.9205
1, 1.11773, 1.42265, 1.98346, 2.41057, 2.62516, 2.48058, 2.86273, 3.84939, 4.01006, 4.16759, 4.29542, 4.32073, 3.83638, 4.67552, 5.0229, 5.49885, 5.64856, 6.86984, 7.60608, 8.22247, 9.47206, 10.2106, 9.57008, 14.9108
1, 1.08647, 1.41708, 1.96701, 2.43567, 2.61386, 2.53408, 2.87405, 3.84958, 3.965, 4.15916, 4.25052, 4.30157, 3.80734, 4.64241, 4.99377, 5.57412, 5.57921, 6.86959, 7.59218, 8.21466, 9.44849, 10.1667, 9.59941, 14.9102
1, 1.07857, 1.41537, 1.99625, 2.40681, 2.62232, 2.68413, 2.90303, 3.86063, 3.95999, 4.13351, 4.23351, 4.29346, 3.77673, 4.65759, 4.95621, 5.5492, 5.57612, 6.87212, 7.59303, 8.21716, 9.43698, 10.1907, 9.56777, 14.8886
1, 1.03857, 1.42134, 2.01146, 2.41666, 2.62957, 2.70929, 2.88964, 3.84807, 3.94844, 4.1378, 4.18468, 4.37871, 3.81011, 4.6534, 4.95804, 5.54932, 5.62654, 6.84513, 7.6019, 8.26354, 9.4313, 10.1769, 9.6395, 14.9001
1, 1.04558, 1.40645, 1.9746, 2.40998, 2.62745, 2.72953, 2.92102, 3.84432, 3.96966, 4.16962, 4.1812, 4.34543, 3.78956, 4.61723, 4.97932, 5.57745, 5.64711, 6.83469, 7.61061, 8.18091, 9.45572, 10.1315, 9.73761, 14.8992
1, 1.05792, 1.37456, 1.99857, 2.40764, 2.63878, 2.69072, 2.94958, 3.83416, 3.95584, 4.14595, 4.19579, 4.39318, 3.87065, 4.66189, 4.97839, 5.59269, 5.63452, 6.82392, 7.58329, 8.13027, 9.44232, 10.1438, 9.72852, 14.8866
1, 1.0623, 1.37286, 2.0017, 2.39766, 2.65325, 2.60462, 3.02781, 3.8315, 3.97236, 4.15035, 4.19905, 4.35745, 3.82569, 4.64147, 4.96083, 5.60597, 5.62292, 6.84897, 7.61406, 8.13374, 9.40389, 10.1352, 9.74113, 14.8864
1, 1.08483, 1.3862, 1.97402, 2.39626, 2.65663, 2.55617, 3.03467, 3.8263, 3.99777, 4.1614, 4.1975, 4.35285, 3.88417, 4.63795, 4.99159, 5.56351, 5.59439, 6.84417, 7.65691, 8.13518, 9.426, 10.1423, 9.7255, 14.8865
1, 1.0826, 1.38451, 1.98177, 2.38021, 2.65284, 2.51392, 3.03038, 3.82438, 4.02817, 4.17702, 4.19614, 4.31119, 3.82734, 4.66324, 4.99442, 5.61019, 5.62746, 6.85242, 7.66047, 8.06372, 9.42052, 10.1729, 9.74068, 14.8789
1, 1.04011, 1.39278, 1.9836, 2.37326, 2.65203, 2.61965, 3.01071, 3.80985, 4.10108, 4.16663, 4.20115, 4.28662, 3.7724, 4.68937, 4.97885, 5.58079, 5.62203, 6.85239, 7.64105, 8.0925, 9.41382, 10.138, 9.71876, 14.8801
1, 1.06468, 1.38771, 1.98613, 2.38462, 2.65596, 2.6423, 2.98475, 3.80292, 4.10061, 4.1807, 4.19281, 4.28611, 3.75155, 4.71989, 4.9551, 5.54718, 5.66656, 6.8446, 7.64514, 8.05432, 9.4013, 10.1279, 9.70897, 14.8713
1, 1.05788, 1.36613, 1.98073, 2.38942, 2.65365, 2.59388, 3.00445, 3.79223, 4.09766, 4.1771, 4.21081, 4.30218, 3.75672, 4.72798, 4.933, 5.538, 5.6574, 6.84376, 7.64224, 8.09789, 9.40671, 10.1275, 9.72901, 14.8774
1, 1.07367, 1.35893, 1.96325, 2.38519, 2.64372, 2.66497, 3.03005, 3.79345, 4.06753, 4.18403, 4.2128, 4.25864, 3.78235, 4.7254, 4.91126, 5.53803, 5.67238, 6.84435, 7.62898, 8.08639, 9.40314, 10.1262, 9.73081, 14.8728
1, 1.06389, 1.36224, 2.00153, 2.37513, 2.63791, 2.61128, 3.03376, 3.79143, 4.09275, 4.1971, 4.2163, 4.27011, 3.78307, 4.72507, 4.88877, 5.57696, 5.67453, 6.83064, 7.63029, 8.05703, 9.40767, 10.1024, 9.74347, 14.8724
1, 1.07354, 1.37097, 2.01726, 2.38937, 2.62815, 2.63403, 3.01367, 3.77718, 4.06748, 4.18723, 4.22245, 4.27671, 3.83779, 4.70047, 4.87065, 5.57588, 5.66165, 6.83219, 7.62363, 8.05071, 9.43833, 10.0464, 9.73864, 14.8619
1, 1.06988, 1.36357, 2.00561, 2.38402, 2.64244, 2.59541, 3.02893, 3.79686, 4.06419, 4.19685, 4.21858, 4.26391, 3.82356, 4.71508, 4.88326, 5.60117, 5.66997, 6.82935, 7.62788, 8.05835, 9.45231, 10.0412, 9.75012, 14.8609
1, 1.06575, 1.35114, 2.01222, 2.38312, 2.6505, 2.61065, 3.01183, 3.78911, 4.07366, 4.19858, 4.21555, 4.25691, 3.84427, 4.71769, 4.91291, 5.58412, 5.65831, 6.83564, 7.63419, 8.07213, 9.47522, 10.0232, 9.73687, 14.8577
1, 1.05067, 1.35108, 2.01199, 2.37916, 2.65001, 2.63795, 3.01742, 3.78732, 4.05181, 4.20538, 4.21221, 4.24912, 3.83181, 4.74605, 4.91261, 5.58912, 5.65916, 6.83289, 7.64447, 8.07789, 9.46858, 10.0292, 9.73819, 14.8609
1, 1.04295, 1.34898, 2.00983, 2.38733, 2.64904, 2.60916, 3.00802, 3.80327, 4.05853, 4.20709, 4.18726, 4.24727, 3.82768, 4.72544, 4.89118, 5.58836, 5.63806, 6.82822, 7.64572, 8.09494, 9.43879, 10.0254, 9.74353, 14.8592
1, 1.04629, 1.32887, 2.03721, 2.40221, 2.64513, 2.59539, 2.98913, 3.795, 4.04729, 4.22369, 4.19161, 4.21625, 3.81056, 4.72022, 4.85716, 5.57602, 5.63808, 6.8201, 7.64669, 8.1083, 9.40997, 10.0047, 9.75399, 14.8601
1, 1.04835, 1.31177, 2.03458, 2.41051, 2.64603, 2.5967, 2.99018, 3.79947, 4.05191, 4.21256, 4.17756, 4.21804, 3.78809, 4.71175, 4.83715, 5.57269, 5.64718, 6.81941, 7.6516, 8.08467, 9.36858, 10.017, 9.76987, 14.8589
1, 1.04676, 1.32703, 2.04468, 2.43314, 2.65036, 2.55806, 3.00971, 3.79364, 4.04543, 4.21231, 4.17271, 4.2119, 3.7679, 4.71567, 4.86168, 5.55432, 5.65937, 6.81582, 7.67444, 8.05162, 9.37769, 10.0116, 9.78285, 14.8529
1, 1.04321, 1.3334, 2.03898, 2.44053, 2.64443, 2.56815, 3.01583, 3.79198, 4.04738, 4.20447, 4.16033, 4.21199, 3.7589, 4.70586, 4.8743, 5.52995, 5.66606, 6.80542, 7.66645, 8.03873, 9.39489, 10.0407, 9.78099, 14.8503
1, 1.04762, 1.32445, 2.0474, 2.43139, 2.65267, 2.58451, 3.02893, 3.7888, 4.05454, 4.20981, 4.16338, 4.21347, 3.74288, 4.69788, 4.89488, 5.54118, 5.66269, 6.79661, 7.65291, 8.03515, 9.39451, 10.0296, 9.76115, 14.8507
1, 1.05036, 1.332, 2.04107, 2.42683, 2.64913, 2.58644, 3.03045, 3.78874, 4.04378, 4.19763, 4.16272, 4.19902, 3.71482, 4.72032, 4.8782, 5.54078, 5.66003, 6.79968, 7.63748, 8.04544, 9.39469, 10.0393, 9.78069, 14.8521
1, 1.05991, 1.33907, 2.04542, 2.43256, 2.64205, 2.55656, 3.02283, 3.78336, 4.03833, 4.20591, 4.16998, 4.21314, 3.69304, 4.71451, 4.8597, 5.5339, 5.6618, 6.79795, 7.62888, 8.03932, 9.40347, 10.0358, 9.77653, 14.8518
1, 1.05453, 1.34547, 2.04943, 2.42736, 2.63517, 2.55506, 3.02024, 3.78355, 4.03838, 4.20627, 4.17179, 4.20787, 3.75519, 4.72967, 4.82582, 5.55285, 5.65767, 6.79739, 7.62629, 8.02349, 9.3835, 10.0248, 9.77401, 14.8512
1, 1.05174, 1.34055, 2.05066, 2.42729, 2.62624, 2.55575, 3.00618, 3.77757, 4.03701, 4.21159, 4.16889, 4.2083, 3.7938, 4.7454, 4.85005, 5.5519, 5.66007, 6.78683, 7.63459, 8.03373, 9.38117, 10.0131, 9.77978, 14.8443
1, 1.053, 1.35459, 2.06189, 2.41999, 2.62351, 2.5414, 3.01811, 3.77478, 4.02438, 4.20107, 4.16928, 4.20965, 3.81358, 4.73999, 4.88383, 5.53868, 5.66716, 6.78779, 7.64255, 8.00923, 9.39978, 10.0225, 9.79549, 14.845
1, 1.04224, 1.34757, 2.06289, 2.42189, 2.62425, 2.54171, 3.00914, 3.77574, 4.02362, 4.21693, 4.17717, 4.22581, 3.82421, 4.73262, 4.89078, 5.54593, 5.68022, 6.78384, 7.6461, 8.02575, 9.43238, 10.0163, 9.79653, 14.8431
1, 1.04585, 1.3468, 2.05968, 2.42559, 2.62312, 2.52768, 3.00927, 3.78589, 4.02485, 4.22359, 4.17681, 4.21505, 3.83713, 4.71735, 4.87573, 5.56534, 5.69547, 6.78224, 7.63668, 8.03316, 9.39621, 10.0202, 9.79915, 14.8426
1, 1.05215, 1.34606, 2.05387, 2.42579, 2.61774, 2.52588, 3.022, 3.78675, 4.02426, 4.23388, 4.17494, 4.21445, 3.87511, 4.71158, 4.86351, 5.57189, 5.71535, 6.76667, 7.64329, 8.05171, 9.39496, 10.0087, 9.7998, 14.8355
1, 1.05318, 1.35758, 2.05512, 2.42449, 2.60994, 2.52942, 3.01095, 3.78962, 4.01823, 4.22832, 4.1705, 4.20572, 3.85772, 4.7029, 4.87179, 5.55994, 5.74134, 6.76115, 7.64494, 8.04986, 9.38168, 10.0031, 9.80636, 14.8356
1, 1.0558, 1.34744, 2.05453, 2.42371, 2.62497, 2.53459, 3.02238, 3.795, 4.01659, 4.22828, 4.1656, 4.19365, 3.84234, 4.71387, 4.86563, 5.54763, 5.73032, 6.75204, 7.65184, 8.05768, 9.3543, 9.9836, 9.82746, 14.836
1, 1.06377, 1.3505, 2.05256, 2.42366, 2.62342, 2.54517, 3.02134, 3.79364, 4.01323, 4.21844, 4.17215, 4.18697, 3.82613, 4.69985, 4.8769, 5.53275, 5.72675, 6.74093, 7.65276, 8.05478, 9.34668, 9.98388, 9.83899, 14.8392
1, 1.06252, 1.35986, 2.05698, 2.42128, 2.62096, 2.54618, 3.02604, 3.79961, 4.00564, 4.2171, 4.17202, 4.18002, 3.78833, 4.69549, 4.86366, 5.56469, 5.72926, 6.72974, 7.65638, 8.04684, 9.3457, 9.97482, 9.84836, 14.8372
1, 1.06389, 1.35909, 2.05357, 2.42569, 2.61549, 2.56247, 3.01958, 3.79619, 4.00902, 4.21404, 4.17165, 4.17746, 3.78961, 4.69873, 4.85785, 5.55135, 5.73323, 6.7368, 7.65769, 8.04755, 9.33362, 9.97409, 9.8475, 14.8372
1, 1.0705, 1.35607, 2.05086, 2.42573, 2.61939, 2.58142, 3.01149, 3.7868, 4.01335, 4.21122, 4.16997, 4.18404, 3.78457, 4.69461, 4.84688, 5.54099, 5.72867, 6.73529, 7.65353, 8.04765, 9.35769, 9.97545, 9.85758, 14.8359
1, 1.07103, 1.35281, 2.04707, 2.42794, 2.62022, 2.58529, 3.0009, 3.78887, 4.01884, 4.21368, 4.17081, 4.17644, 3.7522, 4.68897, 4.81715, 5.52485, 5.73076, 6.73769, 7.64732, 8.05931, 9.3509, 9.96662, 9.8499, 14.8349
1, 1.07711, 1.34526, 2.04914, 2.43038, 2.6227, 2.58627, 3.00595, 3.79349, 4.0237, 4.20583, 4.17744, 4.15753, 3.81455, 4.68703, 4.81338, 5.52464, 5.73052, 6.7328, 7.64818, 8.05651, 9.36878, 9.96541, 9.82093, 14.8324
1, 1.07385, 1.35342, 2.04837, 2.43132, 2.62036, 2.59255, 3.01056, 3.79388, 4.01774, 4.20594, 4.17157, 4.16374, 3.78242, 4.69329, 4.81363, 5.52416, 5.72131, 6.72814, 7.64631, 8.05913, 9.36324, 9.96869, 9.82462, 14.8298
1, 1.07591, 1.35039, 2.04534, 2.43372, 2.61766, 2.59287, 3.01986, 3.78808, 4.01497, 4.217, 4.16277, 4.15564, 3.78127, 4.69031, 4.79786, 5.53085, 5.73028, 6.72982, 7.65179, 8.06529, 9.37156, 9.96915, 9.83034, 14.823
1, 1.07643, 1.35251, 2.05027, 2.43368, 2.61748, 2.60101, 3.01237, 3.7858, 4.00159, 4.2098, 4.15461, 4.14627, 3.7949, 4.69087, 4.80172, 5.52396, 5.71549, 6.72557, 7.64399, 8.07232, 9.35255, 9.96921, 9.83243, 14.8263
1, 1.07984, 1.3543, 2.05067, 2.43117, 2.61851, 2.59977, 3.01485, 3.78258, 4.00054, 4.21272, 4.14783, 4.14204, 3.80873, 4.69337, 4.78885, 5.52816, 5.71033, 6.72444, 7.64489, 8.07252, 9.35054, 9.96477, 9.82199, 14.824
1, 1.07848, 1.3533, 2.05359, 2.43319, 2.62607, 2.58724, 3.02742, 3.78191, 4.00886, 4.20851, 4.13016, 4.1376, 3.8307, 4.68905, 4.7934, 5.54194, 5.71653, 6.72955, 7.645, 8.09393, 9.34485, 9.96571, 9.82301, 14.8263
1, 1.07432, 1.35674, 2.05326, 2.43216, 2.6288, 2.59176, 3.03088, 3.7815, 4.00683, 4.20609, 4.14783, 4.13791, 3.83879, 4.68984, 4.79981, 5.54887, 5.72164, 6.73414, 7.64846, 8.1042, 9.34975, 9.96665, 9.83988, 14.8223
1, 1.072, 1.35751, 2.05581, 2.43331, 2.62567, 2.58671, 3.03102, 3.78029, 4.00125, 4.20268, 4.15235, 4.14527, 3.83717, 4.69387, 4.80108, 5.54491, 5.71981, 6.73598, 7.6464, 8.10119, 9.35065, 9.96615, 9.84733, 14.8217
1, 1.0719, 1.36213, 2.05469, 2.43352, 2.62401, 2.59696, 3.04322, 3.77913, 3.99991, 4.19755, 4.15296, 4.13938, 3.85336, 4.69244, 4.79875, 5.5448, 5.71182, 6.73669, 7.64228, 8.12576, 9.34625, 9.96376, 9.84647, 14.8191
1, 1.07426, 1.36163, 2.05656, 2.43407, 2.62794, 2.59293, 3.05735, 3.77923, 3.99818, 4.18828, 4.15024, 4.13109, 3.84846, 4.68601, 4.80169, 5.57065, 5.70908, 6.73318, 7.64826, 8.12267, 9.33284, 9.96501, 9.84876, 14.8185
1, 1.07424, 1.36156, 2.05641, 2.43608, 2.62836, 2.58787, 3.0647, 3.77694, 3.99489, 4.18749, 4.15687, 4.12918, 3.85761, 4.68721, 4.80594, 5.57343, 5.70803, 6.73352, 7.6548, 8.12353, 9.33333, 9.96243, 9.84439, 14.8146
1, 1.07457, 1.35989, 2.05368, 2.43604, 2.62873, 2.5806, 3.06736, 3.77456, 3.98936, 4.18321, 4.1477, 4.13475, 3.89077, 4.68268, 4.8057, 5.57707, 5.71001, 6.73267, 7.65253, 8.1197, 9.33614, 9.96011, 9.85001, 14.8135
1, 1.07211, 1.35693, 2.05383, 2.43552, 2.63099, 2.59184, 3.06319, 3.77482, 3.98257, 4.18195, 4.1434, 4.13253, 3.87383, 4.67907, 4.80939, 5.58053, 5.70528, 6.7327, 7.65138, 8.1129, 9.33411, 9.962, 9.87237, 14.8088
1, 1.07547, 1.35084, 2.05357, 2.43679, 2.63005, 2.58643, 3.05792, 3.77354, 3.98103, 4.18224, 4.14582, 4.12881, 3.86501, 4.6738, 4.80918, 5.58975, 5.71032, 6.73192, 7.65036, 8.11566, 9.33284, 9.96253, 9.86881, 14.8063
1, 1.07477, 1.35238, 2.0519, 2.44101, 2.63065, 2.57675, 3.06014, 3.77217, 3.98162, 4.18257, 4.14369, 4.13988, 3.89183, 4.67643, 4.80911, 5.58611, 5.71319, 6.73118, 7.65009, 8.11395, 9.32063, 9.961, 9.86202, 14.8051
1, 1.07591, 1.35487, 2.04942, 2.43998, 2.63294, 2.58345, 3.05767, 3.76934, 3.97048, 4.18468, 4.14399, 4.14307, 3.88108, 4.67712, 4.81137, 5.59412, 5.71571, 6.72996, 7.64552, 8.11023, 9.32125, 9.9655, 9.8504, 14.805
1, 1.07583, 1.35585, 2.04556, 2.43764, 2.63068, 2.58521, 3.0612, 3.77315, 3.97638, 4.18482, 4.14486, 4.15213, 3.87812, 4.67554, 4.80634, 5.59194, 5.71409, 6.73053, 7.65425, 8.11001, 9.31877, 9.96299, 9.85322, 14.803
1, 1.07671, 1.35957, 2.0457, 2.437, 2.63394, 2.58545, 3.06263, 3.77082, 3.98569, 4.17939, 4.14357, 4.15698, 3.86522, 4.6731, 4.80515, 5.59561, 5.71244, 6.72721, 7.65437, 8.10808, 9.31873, 9.95919, 9.85182, 14.7982
1, 1.07813, 1.36077, 2.04462, 2.43627, 2.63728, 2.58721, 3.05869, 3.77177, 3.98265, 4.17689, 4.1453, 4.15723, 3.85761, 4.67548, 4.8012, 5.58727, 5.71235, 6.72593, 7.65382, 8.10453, 9.3158, 9.95947, 9.84686, 14.796
1, 1.07893, 1.36133, 2.04276, 2.43848, 2.63406, 2.5868, 3.05413, 3.7697, 3.98891, 4.17701, 4.14448, 4.15868, 3.86628, 4.67439, 4.80374, 5.59166, 5.71441, 6.72692, 7.6528, 8.10461, 9.31025, 9.95982, 9.8564, 14.7923
1, 1.07998, 1.3609, 2.03814, 2.43948, 2.63213, 2.59369, 3.04903, 3.76998, 3.98598, 4.17732, 4.14221, 4.15812, 3.86612, 4.6733, 4.80073, 5.59178, 5.71609, 6.72594, 7.65181, 8.0994, 9.30015, 9.95913, 9.85751, 14.7886
1, 1.07936, 1.36069, 2.03854, 2.43794, 2.62912, 2.59337, 3.04588, 3.76962, 3.9832, 4.17554, 4.13711, 4.16405, 3.8739, 4.67488, 4.80177, 5.60126, 5.71474, 6.72618, 7.65228, 8.10486, 9.30408, 9.95774, 9.86412, 14.7883
1, 1.07781, 1.36106, 2.03588, 2.43619, 2.62874, 2.6001, 3.04266, 3.77263, 3.97826, 4.17779, 4.13865, 4.16237, 3.87721, 4.67879, 4.79868, 5.60034, 5.71765, 6.72534, 7.65606, 8.10666, 9.30548, 9.96125, 9.86472, 14.7887
1, 1.0775, 1.3635, 2.0363, 2.44009, 2.62639, 2.59509, 3.04122, 3.77223, 3.98098, 4.17676, 4.13469, 4.16211, 3.87381, 4.68003, 4.79926, 5.59674, 5.71761, 6.72604, 7.65355, 8.10592, 9.30412, 9.96108, 9.86753, 14.7869
1, 1.07666, 1.36382, 2.03776, 2.43974, 2.62434, 2.59352, 3.04901, 3.77185, 3.97832, 4.1771, 4.13224, 4.16061, 3.87386, 4.67931, 4.80145, 5.59247, 5.71287, 6.72575, 7.65147, 8.10308, 9.30891, 9.95826, 9.87514, 14.7831
1, 1.07356, 1.36454, 2.04079, 2.43919, 2.62133, 2.59787, 3.05519, 3.77458, 3.98114, 4.17965, 4.13404, 4.15421, 3.87215, 4.67661, 4.80003, 5.58753, 5.71561, 6.72632, 7.6513, 8.10548, 9.31643, 9.95596, 9.87538, 14.7801
1, 1.07364, 1.36312, 2.03882, 2.43902, 2.62475, 2.59468, 3.05722, 3.77582, 3.97886, 4.1823, 4.13371, 4.15357, 3.87394, 4.6786, 4.79929, 5.58688, 5.71792, 6.72619, 7.64479, 8.10044, 9.30992, 9.95505, 9.87016, 14.7757
1, 1.07532, 1.36269, 2.04037, 2.43961, 2.62881, 2.59417, 3.05653, 3.77622, 3.97949, 4.17798, 4.1333, 4.14907, 3.87117, 4.67792, 4.7984, 5.58315, 5.72077, 6.72771, 7.64154, 8.10143, 9.304, 9.95352, 9.87682, 14.7738
1, 1.07267, 1.36519, 2.04461, 2.43918, 2.63093, 2.59676, 3.05765, 3.77574, 3.97747, 4.17974, 4.136, 4.14851, 3.86635, 4.67714, 4.80167, 5.57823, 5.71976, 6.72767, 7.63651, 8.10568, 9.30719, 9.95177, 9.87672, 14.7692
1, 1.07153, 1.36724, 2.04549, 2.4392, 2.63037, 2.59781, 3.06412, 3.77631, 3.97354, 4.17954, 4.13496, 4.14539, 3.8682, 4.67633, 4.80191, 5.5842, 5.72146, 6.72717, 7.6311, 8.10914, 9.30417, 9.9535, 9.87928, 14.7683
1, 1.07146, 1.3674, 2.0458, 2.43919, 2.63199, 2.59561, 3.07071, 3.77613, 3.9764, 4.17962, 4.13455, 4.14134, 3.86613, 4.6756, 4.8019, 5.60113, 5.71863, 6.72664, 7.63151, 8.10923, 9.30601, 9.95224, 9.87798, 14.7647
1, 1.07319, 1.36863, 2.04533, 2.43819, 2.63364, 2.59745, 3.06915, 3.77632, 3.97377, 4.18101, 4.13312, 4.13973, 3.86418, 4.67677, 4.80039, 5.59731, 5.71885, 6.72631, 7.62988, 8.10851, 9.3045, 9.9522, 9.88005, 14.7589
1, 1.07332, 1.37142, 2.04581, 2.43846, 2.63703, 2.59712, 3.07216, 3.77583, 3.97357, 4.18301, 4.13367, 4.14633, 3.8621, 4.67572, 4.80005, 5.60052, 5.72077, 6.72652, 7.62707, 8.10608, 9.29758, 9.95214, 9.88365, 14.7558
1, 1.07363, 1.37108, 2.04812, 2.43732, 2.63974, 2.59694, 3.06984, 3.77553, 3.97513, 4.18201, 4.13212, 4.14474, 3.86464, 4.67185, 4.80007, 5.59691, 5.72015, 6.72638, 7.62646, 8.10574, 9.28834, 9.95133, 9.87961, 14.7543
1, 1.07294, 1.37226, 2.04925, 2.43704, 2.63765, 2.59776, 3.06666, 3.77484, 3.97463, 4.17923, 4.13134, 4.14666, 3.8634, 4.6742, 4.79995, 5.60436, 5.72077, 6.72675, 7.62716, 8.10405, 9.29024, 9.95405, 9.88071, 14.7521
1, 1.07374, 1.37224, 2.05076, 2.4373, 2.63541, 2.59714, 3.06395, 3.77426, 3.97478, 4.1795, 4.13208, 4.14541, 3.86561, 4.67409, 4.79833, 5.60729, 5.7224, 6.72635, 7.62446, 8.1048, 9.28741, 9.95421, 9.87968, 14.7485
1, 1.07379, 1.37, 2.05203, 2.43864, 2.63525, 2.59742, 3.06074, 3.77427, 3.97676, 4.17945, 4.13049, 4.14332, 3.86251, 4.67212, 4.79669, 5.60214, 5.72167, 6.72583, 7.62687, 8.10259, 9.28909, 9.9526, 9.87806, 14.7441
1, 1.07625, 1.3689, 2.05098, 2.43821, 2.63567, 2.59655, 3.05617, 3.77406, 3.9779, 4.17686, 4.13019, 4.14376, 3.86375, 4.67101, 4.79578, 5.59661, 5.72175, 6.72599, 7.62897, 8.10327, 9.28917, 9.95193, 9.87745, 14.7432
1, 1.07647, 1.36829, 2.05232, 2.43815, 2.63776, 2.5967, 3.05545, 3.77395, 3.9794, 4.17523, 4.12815, 4.14332, 3.86112, 4.66955, 4.79466, 5.59, 5.72044, 6.72584, 7.62847, 8.10421, 9.28463, 9.95016, 9.88004, 14.7404
1, 1.07691, 1.36478, 2.05125, 2.43764, 2.63998, 2.59804, 3.06108, 3.77395, 3.97866, 4.17543, 4.12896, 4.14347, 3.86213, 4.66866, 4.79432, 5.58876, 5.7204, 6.72631, 7.62833, 8.10286, 9.28419, 9.95031, 9.88678, 14.7403
1, 1.0771, 1.36278, 2.04963, 2.43739, 2.63779, 2.59782, 3.06679, 3.77413, 3.97773, 4.17494, 4.12822, 4.141, 3.86628, 4.66795, 4.79312, 5.59543, 5.72002, 6.72619, 7.62729, 8.10038, 9.28292, 9.94955, 9.88868, 14.7385
1, 1.07751, 1.35978, 2.05402, 2.43786, 2.63499, 2.59664, 3.06343, 3.774, 3.97458, 4.17309, 4.12681, 4.14094, 3.87015, 4.66661, 4.79067, 5.60407, 5.72247, 6.72675, 7.62803, 8.10418, 9.28079, 9.95056, 9.88748, 14.7378
1, 1.07705, 1.36002, 2.05495, 2.43767, 2.63467, 2.5968, 3.06415, 3.77386, 3.97426, 4.17081, 4.12752, 4.13967, 3.86977, 4.66823, 4.7873, 5.60639, 5.72172, 6.72674, 7.62785, 8.10381, 9.28451, 9.94892, 9.88958, 14.7355
1, 1.07699, 1.35788, 2.05616, 2.43824, 2.63606, 2.59676, 3.06689, 3.77408, 3.97237, 4.17252, 4.12848, 4.13721, 3.86895, 4.6678, 4.78661, 5.6156, 5.72091, 6.7266, 7.63052, 8.10419, 9.28394, 9.94878, 9.8893, 14.7341
1, 1.07636, 1.35812, 2.05552, 2.4383, 2.63634, 2.59578, 3.06791, 3.77433, 3.97162, 4.17283, 4.12764, 4.13678, 3.87031, 4.67074, 4.78685, 5.62061, 5.72221, 6.7264, 7.62968, 8.10753, 9.28025, 9.9491, 9.88868, 14.7319
1, 1.07702, 1.35722, 2.05524, 2.43858, 2.63494, 2.59594, 3.06613, 3.77455, 3.97103, 4.17395, 4.12668, 4.13702, 3.86927, 4.67025, 4.78614, 5.61754, 5.72277, 6.72643, 7.62777, 8.1084, 9.27892, 9.94893, 9.89079, 14.7292
1, 1.0776, 1.35567, 2.05471, 2.43911, 2.63466, 2.59493, 3.06766, 3.77434, 3.97074, 4.17296, 4.125, 4.13644, 3.87141, 4.66978, 4.78514, 5.61632, 5.72213, 6.72609, 7.62776, 8.11038, 9.27883, 9.94845, 9.89373, 14.7277
1, 1.07792, 1.35506, 2.055, 2.43919, 2.63332, 2.59447, 3.06459, 3.775, 3.97133, 4.17291, 4.12457, 4.13558, 3.87085, 4.67031, 4.78328, 5.61743, 5.72146, 6.72589, 7.6268, 8.11238, 9.28008, 9.94774, 9.8908, 14.7288
1, 1.07678, 1.35454, 2.05579, 2.43951, 2.6332, 2.59486, 3.06742, 3.77478, 3.97221, 4.17356, 4.1243, 4.13534, 3.87005, 4.67186, 4.78505, 5.61773, 5.72117, 6.72569, 7.62761, 8.1146, 9.27936, 9.94789, 9.88974, 14.7254
1, 1.07682, 1.35446, 2.05929, 2.44067, 2.63201, 2.59412, 3.06563, 3.77444, 3.97057, 4.1724, 4.12429, 4.13571, 3.87062, 4.67091, 4.78412, 5.61741, 5.72347, 6.7256, 7.62573, 8.11422, 9.27944, 9.94837, 9.88867, 14.7222
1, 1.07655, 1.35573, 2.06011, 2.44037, 2.62971, 2.59419, 3.065, 3.77457, 3.97067, 4.17113, 4.12542, 4.13654, 3.86925, 4.67063, 4.78292, 5.61502, 5.72304, 6.72555, 7.62747, 8.11479, 9.2841, 9.94859, 9.88709, 14.7227
1, 1.0768, 1.35484, 2.06077, 2.44023, 2.63025, 2.59386, 3.06589, 3.77483, 3.97009, 4.17113, 4.12553, 4.1361, 3.86867, 4.67005, 4.78249, 5.61542, 5.72234, 6.72531, 7.62658, 8.11276, 9.28256, 9.94799, 9.88959, 14.7247
1, 1.07683, 1.35398, 2.05954, 2.43961, 2.63345, 2.59394, 3.06616, 3.77495, 3.97096, 4.17199, 4.1253, 4.13717, 3.86658, 4.66969, 4.78404, 5.61574, 5.72208, 6.72544, 7.62777, 8.11167, 9.28271, 9.94784, 9.89038, 14.722
1, 1.07756, 1.35314, 2.06, 2.43985, 2.63212, 2.5938, 3.06746, 3.77506, 3.96962, 4.1709, 4.12523, 4.13655, 3.86836, 4.67066, 4.78369, 5.62004, 5.72187, 6.72542, 7.62785, 8.11046, 9.28207, 9.94737, 9.88936, 14.718
1, 1.07776, 1.35361, 2.05844, 2.43948, 2.63169, 2.59416, 3.06649, 3.77481, 3.97032, 4.17005, 4.12471, 4.13744, 3.86924, 4.66948, 4.78389, 5.62052, 5.72106, 6.72524, 7.62803, 8.10925, 9.28244, 9.9474, 9.89368, 14.7175
1, 1.07801, 1.3525, 2.05819, 2.43981, 2.62967, 2.59394, 3.06716, 3.7743, 3.96953, 4.1697, 4.12527, 4.13721, 3.87128, 4.6694, 4.78375, 5.62342, 5.72095, 6.72524, 7.63031, 8.1101, 9.28254, 9.94688, 9.89382, 14.7137
1, 1.07835, 1.35063, 2.05776, 2.43967, 2.6289, 2.59386, 3.06606, 3.77414, 3.9706, 4.16983, 4.1248, 4.13744, 3.87182, 4.66913, 4.7837, 5.62398, 5.72175, 6.72532, 7.62953, 8.11272, 9.28171, 9.94693, 9.89447, 14.7128
1, 1.07853, 1.3522, 2.05799, 2.43977, 2.6271, 2.59382, 3.0657, 3.77414, 3.97028, 4.16981, 4.12486, 4.13755, 3.87252, 4.66818, 4.78258, 5.62474, 5.72145, 6.72521, 7.6292, 8.11234, 9.28227, 9.94672, 9.89417, 14.7122
1, 1.07877, 1.35114, 2.05942, 2.4395, 2.62655, 2.59376, 3.0655, 3.77406, 3.97075, 4.16833, 4.12584, 4.13802, 3.87203, 4.66948, 4.78373, 5.62364, 5.72178, 6.72526, 7.62905, 8.11095, 9.2825, 9.94711, 9.89281, 14.711
1, 1.07867, 1.3512, 2.05883, 2.43943, 2.62476, 2.59348, 3.06498, 3.77401, 3.97128, 4.1686, 4.12594, 4.13809, 3.87301, 4.67024, 4.78398, 5.62566, 5.72257, 6.72509, 7.629, 8.1105, 9.28213, 9.94723, 9.89315, 14.7093
1, 1.07857, 1.35316, 2.05831, 2.4396, 2.62516, 2.59314, 3.06449, 3.77403, 3.97146, 4.16805, 4.12554, 4.13733, 3.87246, 4.67305, 4.78425, 5.62537, 5.72172, 6.72511, 7.62861, 8.10969, 9.28173, 9.94736, 9.89236, 14.7078
1, 1.07823, 1.35239, 2.05744, 2.43956, 2.62624, 2.59318, 3.06336, 3.77398, 3.97122, 4.16869, 4.12513, 4.13744, 3.87233, 4.67131, 4.78395, 5.62589, 5.72145, 6.72519, 7.6293, 8.10876, 9.28131, 9.94743, 9.89173, 14.707
1, 1.07786, 1.35261, 2.0571, 2.43946, 2.62752, 2.59295, 3.06301, 3.77388, 3.9715, 4.16837, 4.1253, 4.13795, 3.87146, 4.67055, 4.78398, 5.62648, 5.72185, 6.72522, 7.62998, 8.10915, 9.28161, 9.94753, 9.88945, 14.7034
1, 1.07784, 1.35207, 2.05788, 2.43938, 2.62673, 2.59294, 3.0624, 3.77378, 3.97133, 4.16852, 4.125, 4.13774, 3.8724, 4.67056, 4.78335, 5.62601, 5.72324, 6.72519, 7.62968, 8.11069, 9.28123, 9.94758, 9.89029, 14.7051
1, 1.07781, 1.3513, 2.05819, 2.43942, 2.63005, 2.59278, 3.06146, 3.77348, 3.97192, 4.16841, 4.1246, 4.13777, 3.8719, 4.67048, 4.7844, 5.62552, 5.72332, 6.72526, 7.62905, 8.11228, 9.28012, 9.94741, 9.89074, 14.7028
1, 1.07777, 1.35069, 2.05987, 2.43924, 2.62905, 2.59295, 3.06096, 3.77322, 3.9717, 4.16811, 4.12442, 4.13832, 3.872, 4.67066, 4.78463, 5.62378, 5.72319, 6.72538, 7.62895, 8.11146, 9.27997, 9.94738, 9.8902, 14.7014
1, 1.07787, 1.35017, 2.05964, 2.43924, 2.62975, 2.59291, 3.0594, 3.77309, 3.97172, 4.16809, 4.12433, 4.13809, 3.87279, 4.67175, 4.78456, 5.62086, 5.72288, 6.72552, 7.62866, 8.11398, 9.27961, 9.94724, 9.89115, 14.701
1, 1.07831, 1.34974, 2.05892, 2.43943, 2.62917, 2.5929, 3.0592, 3.77314, 3.97175, 4.1678, 4.12461, 4.13752, 3.87273, 4.67097, 4.78493, 5.61947, 5.72293, 6.7255, 7.62882, 8.11382, 9.27809, 9.9468, 9.89126, 14.6979
1, 1.07836, 1.34885, 2.06023, 2.43941, 2.62886, 2.593, 3.05971, 3.77335, 3.9714, 4.16732, 4.12433, 4.13692, 3.87256, 4.67094, 4.78513, 5.62007, 5.72285, 6.72555, 7.6284, 8.11364, 9.27791, 9.94657, 9.89189, 14.6964
1, 1.07869, 1.34865, 2.06033, 2.43923, 2.62806, 2.59297, 3.05992, 3.77339, 3.97153, 4.16712, 4.12428, 4.13693, 3.87306, 4.67079, 4.78486, 5.62066, 5.72249, 6.72552, 7.62826, 8.11487, 9.27723, 9.94661, 9.89181, 14.6952
1, 1.07858, 1.34753, 2.0614, 2.43898, 2.62822, 2.5929, 3.06068, 3.77308, 3.97177, 4.16676, 4.12459, 4.13704, 3.87434, 4.67031, 4.7849, 5.62069, 5.72254, 6.72556, 7.62799, 8.11334, 9.27735, 9.94706, 9.8922, 14.6939
1, 1.07828, 1.34655, 2.06166, 2.43919, 2.62889, 2.59278, 3.0609, 3.77298, 3.97208, 4.16639, 4.12457, 4.13888, 3.8755, 4.67065, 4.78485, 5.62317, 5.72219, 6.72544, 7.62761, 8.1116, 9.27733, 9.94755, 9.89233, 14.6915
1, 1.07814, 1.34498, 2.06105, 2.43952, 2.62865, 2.59298, 3.06133, 3.77296, 3.97187, 4.16585, 4.12468, 4.13932, 3.87479, 4.6711, 4.78497, 5.62242, 5.72179, 6.72547, 7.62668, 8.11, 9.27767, 9.94765, 9.89327, 14.693
1, 1.07829, 1.34575, 2.0614, 2.43939, 2.62822, 2.59294, 3.06091, 3.77302, 3.97189, 4.16594, 4.12465, 4.13932, 3.87505, 4.6711, 4.78495, 5.62112, 5.7219, 6.72543, 7.62672, 8.11062, 9.27752, 9.94723, 9.89378, 14.6926
1, 1.07855, 1.34517, 2.06232, 2.4392, 2.62857, 2.59292, 3.05965, 3.77299, 3.97167, 4.16681, 4.12453, 4.14097, 3.87502, 4.67099, 4.78462, 5.62608, 5.72191, 6.72536, 7.62639, 8.10872, 9.27817, 9.94737, 9.8944, 14.6892
1, 1.07865, 1.34448, 2.06219, 2.43917, 2.62816, 2.59281, 3.05943, 3.77295, 3.97174, 4.168, 4.1245, 4.14073, 3.8753, 4.67142, 4.78482, 5.62783, 5.72261, 6.72541, 7.62649, 8.10852, 9.27832, 9.94742, 9.89389, 14.6879
1, 1.07841, 1.34484, 2.06217, 2.43902, 2.62852, 2.5928, 3.05872, 3.77303, 3.97169, 4.16846, 4.12449, 4.14039, 3.87581, 4.67113, 4.78514, 5.62781, 5.72258, 6.72534, 7.62614, 8.10998, 9.27846, 9.94738, 9.89405, 14.6867
1, 1.07783, 1.34527, 2.062, 2.43906, 2.62849, 2.59271, 3.05895, 3.77306, 3.97202, 4.16904, 4.12436, 4.14072, 3.87587, 4.67172, 4.78595, 5.62878, 5.72276, 6.72527, 7.62631, 8.10936, 9.2782, 9.94751, 9.89424, 14.6881
1, 1.07778, 1.34549, 2.06181, 2.43933, 2.62834, 2.59274, 3.05904, 3.77302, 3.972, 4.16815, 4.1243, 4.14033, 3.87545, 4.67135, 4.78598, 5.62851, 5.72255, 6.72537, 7.62627, 8.11022, 9.27865, 9.94747, 9.89407, 14.6862
1, 1.0781, 1.34664, 2.06172, 2.43911, 2.62901, 2.5929, 3.05955, 3.77295, 3.9721, 4.1674, 4.12424, 4.14021, 3.87557, 4.67131, 4.78604, 5.62828, 5.72264, 6.72531, 7.62577, 8.10993, 9.27819, 9.9476, 9.89353, 14.683
1, 1.07797, 1.34727, 2.0617, 2.4392, 2.6293, 2.59281, 3.05872, 3.77291, 3.97227, 4.16718, 4.12422, 4.14031, 3.87546, 4.67178, 4.78612, 5.62706, 5.72254, 6.72531, 7.62549, 8.1109, 9.27803, 9.94767, 9.89391, 14.6836
1, 1.07827, 1.34776, 2.06184, 2.4391, 2.62976, 2.59284, 3.05864, 3.77284, 3.97234, 4.16641, 4.12412, 4.13993, 3.8751, 4.67149, 4.78619, 5.62664, 5.72243, 6.72534, 7.6255, 8.11035, 9.27807, 9.94778, 9.89336, 14.6806
1, 1.07862, 1.34865, 2.06138, 2.43898, 2.62899, 2.59294, 3.05768, 3.77276, 3.9724, 4.16711, 4.12412, 4.13983, 3.87508, 4.67215, 4.78592, 5.62761, 5.72236, 6.72534, 7.62537, 8.10946, 9.27825, 9.94783, 9.8928, 14.6781
1, 1.07828, 1.34843, 2.06098, 2.43905, 2.62872, 2.59305, 3.05794, 3.77281, 3.97237, 4.1672, 4.12419, 4.13968, 3.87516, 4.67244, 4.78579, 5.62924, 5.72261, 6.72532, 7.62504, 8.10914, 9.27836, 9.94779, 9.89296, 14.6787
1, 1.07846, 1.34805, 2.06123, 2.43928, 2.62888, 2.59324, 3.05728, 3.77274, 3.97253, 4.16664, 4.12413, 4.13927, 3.87499, 4.67234, 4.78585, 5.62991, 5.72247, 6.72529, 7.62473, 8.10847, 9.27841, 9.94786, 9.89359, 14.6776
1, 1.07853, 1.34873, 2.06105, 2.43925, 2.62919, 2.59327, 3.05724, 3.77271, 3.97241, 4.16661, 4.12398, 4.13874, 3.87514, 4.672, 4.78583, 5.63185, 5.72258, 6.7253, 7.62479, 8.10897, 9.27808, 9.94789, 9.89304, 14.6765
1, 1.07876, 1.34838, 2.06124, 2.43902, 2.62911, 2.59352, 3.05672, 3.77276, 3.9724, 4.16703, 4.12404, 4.13944, 3.87511, 4.67227, 4.78573, 5.63277, 5.72251, 6.72527, 7.6245, 8.10896, 9.27769, 9.94777, 9.89294, 14.677
1, 1.07913, 1.34732, 2.06098, 2.43897, 2.62932, 2.59388, 3.05724, 3.7728, 3.97237, 4.16715, 4.12409, 4.13916, 3.87501, 4.67213, 4.78561, 5.63183, 5.72236, 6.72536, 7.6245, 8.10902, 9.27772, 9.94775, 9.89275, 14.6755
1, 1.07932, 1.34762, 2.06126, 2.43899, 2.62899, 2.59375, 3.05686, 3.77271, 3.97242, 4.16709, 4.12395, 4.13928, 3.87566, 4.67206, 4.78576, 5.63185, 5.72262, 6.72532, 7.6243, 8.10873, 9.27748, 9.94774, 9.89246, 14.675
1, 1.07926, 1.34905, 2.06118, 2.43906, 2.62911, 2.59373, 3.05619, 3.77276, 3.97232, 4.16714, 4.12373, 4.14001, 3.87577, 4.67206, 4.78564, 5.63232, 5.72258, 6.72529, 7.62423, 8.10862, 9.27727, 9.94771, 9.89205, 14.6749
1, 1.07915, 1.34868, 2.06105, 2.43934, 2.62866, 2.59384, 3.05631, 3.77275, 3.9723, 4.16704, 4.12377, 4.13994, 3.87559, 4.67188, 4.78544, 5.63339, 5.72252, 6.72529, 7.62419, 8.10854, 9.27739, 9.94766, 9.89173, 14.6736
1, 1.07932, 1.34698, 2.06103, 2.4394, 2.62933, 2.59379, 3.05627, 3.77273, 3.9722, 4.16708, 4.12364, 4.13968, 3.87549, 4.6721, 4.78543, 5.63394, 5.72246, 6.72527, 7.6242, 8.10866, 9.27748, 9.9475, 9.89134, 14.6732
1, 1.07948, 1.34695, 2.06067, 2.43942, 2.62919, 2.5937, 3.05588, 3.77276, 3.9724, 4.16687, 4.12357, 4.13941, 3.87549, 4.67205, 4.78531, 5.63487, 5.72237, 6.72526, 7.62414, 8.10912, 9.27719, 9.94752, 9.89168, 14.6725
1, 1.07964, 1.34577, 2.06072, 2.43951, 2.62889, 2.59392, 3.056, 3.77274, 3.97239, 4.16671, 4.12351, 4.13967, 3.87533, 4.67211, 4.78533, 5.63642, 5.72211, 6.72522, 7.62417, 8.10922, 9.27723, 9.94748, 9.89172, 14.6719
1, 1.07987, 1.34662, 2.06063, 2.43955, 2.62897, 2.59392, 3.05582, 3.77267, 3.97254, 4.16662, 4.12349, 4.13928, 3.87538, 4.67201, 4.78521, 5.63627, 5.72216, 6.72524, 7.62395, 8.10954, 9.27738, 9.94754, 9.89175, 14.6696
1, 1.07987, 1.34618, 2.06058, 2.43949, 2.6292, 2.5939, 3.05633, 3.77259, 3.97251, 4.16653, 4.12349, 4.13914, 3.87579, 4.67201, 4.78522, 5.6364, 5.72212, 6.72531, 7.62384, 8.10984, 9.2772, 9.94752, 9.89193, 14.6705
1, 1.07957, 1.34547, 2.06087, 2.43953, 2.62916, 2.59388, 3.05605, 3.77256, 3.97254, 4.16673, 4.12348, 4.13895, 3.8759, 4.67198, 4.78518, 5.63575, 5.72221, 6.72529, 7.62394, 8.11012, 9.2773, 9.94747, 9.89165, 14.669
1, 1.07959, 1.34472, 2.06089, 2.43964, 2.62915, 2.59379, 3.05572, 3.77255, 3.97263, 4.16664, 4.12341, 4.13874, 3.87598, 4.67185, 4.78506, 5.63474, 5.72223, 6.72526, 7.62409, 8.11055, 9.27725, 9.94748, 9.89155, 14.6677
1, 1.0798, 1.3436, 2.06086, 2.43958, 2.6289, 2.5938, 3.05564, 3.77253, 3.97262, 4.16646, 4.1234, 4.13873, 3.87637, 4.67199, 4.78496, 5.63438, 5.72233, 6.72528, 7.62418, 8.11101, 9.27707, 9.94745, 9.89132, 14.6671
1, 1.08004, 1.34473, 2.06083, 2.43952, 2.62894, 2.59368, 3.05606, 3.77252, 3.97263, 4.16648, 4.12328, 4.13855, 3.87627, 4.67199, 4.78497, 5.63324, 5.72219, 6.72526, 7.62411, 8.11074, 9.27685, 9.94742, 9.89104, 14.6659
1, 1.08012, 1.3451, 2.06072, 2.43956, 2.62943, 2.59365, 3.05561, 3.77249, 3.97269, 4.16626, 4.12327, 4.1389, 3.87625, 4.67188, 4.78487, 5.63327, 5.72204, 6.72527, 7.62394, 8.11096, 9.27675, 9.94739, 9.89012, 14.6666
1, 1.08012, 1.34472, 2.06085, 2.43955, 2.62907, 2.5937, 3.05574, 3.77254, 3.97273, 4.16602, 4.12313, 4.13876, 3.8762, 4.67192, 4.78494, 5.63326, 5.72192, 6.7253, 7.624, 8.11059, 9.27686, 9.94734, 9.89033, 14.6655
1, 1.08017, 1.34439, 2.06089, 2.43952, 2.62907, 2.59368, 3.05602, 3.77247, 3.9727, 4.1659, 4.12312, 4.13874, 3.87629, 4.67199, 4.78505, 5.6322, 5.72194, 6.72527, 7.62394, 8.1104, 9.27702, 9.94742, 9.89063, 14.6644
1, 1.08001, 1.34542, 2.06087, 2.43976, 2.62929, 2.59368, 3.05597, 3.77248, 3.97277, 4.16572, 4.12303, 4.13881, 3.8764, 4.67202, 4.78484, 5.63204, 5.72181, 6.72522, 7.62383, 8.11005, 9.27708, 9.9474, 9.89092, 14.6638
1, 1.07961, 1.34516, 2.06114, 2.43978, 2.62913, 2.59374, 3.05597, 3.77244, 3.97272, 4.16594, 4.12301, 4.13865, 3.87619, 4.67197, 4.78472, 5.63221, 5.72181, 6.72524, 7.6238, 8.10977, 9.27709, 9.94743, 9.89084, 14.6643
1, 1.07948, 1.34553, 2.06113, 2.43984, 2.62907, 2.59376, 3.05601, 3.77241, 3.97275, 4.16579, 4.123, 4.13866, 3.87631, 4.67191, 4.78468, 5.632, 5.7218, 6.72525, 7.62395, 8.10988, 9.27699, 9.94743, 9.8914, 14.6638
1, 1.07944, 1.34488, 2.06105, 2.43986, 2.62922, 2.5937, 3.05622, 3.77245, 3.97273, 4.16557, 4.12293, 4.13896, 3.8763, 4.67196, 4.78472, 5.63169, 5.72182, 6.72523, 7.62392, 8.11009, 9.27703, 9.94743, 9.89166, 14.6633
1, 1.07956, 1.34395, 2.06117, 2.43979, 2.62912, 2.59369, 3.05614, 3.77249, 3.97272, 4.16551, 4.12296, 4.13893, 3.87627, 4.67216, 4.78465, 5.63096, 5.72185, 6.72526, 7.62383, 8.11045, 9.27698, 9.94742, 9.89211, 14.6631
1, 1.07951, 1.3438, 2.06116, 2.43978, 2.62917, 2.59368, 3.05626, 3.77249, 3.97268, 4.16533, 4.123, 4.13876, 3.87625, 4.67213, 4.78487, 5.62998, 5.72189, 6.72526, 7.6237, 8.11038, 9.27699, 9.94742, 9.89195, 14.6625
1, 1.07966, 1.34389, 2.06108, 2.43991, 2.62909, 2.59364, 3.05618, 3.77249, 3.97269, 4.16507, 4.12298, 4.13883, 3.87616, 4.6721, 4.78483, 5.6303, 5.72186, 6.72523, 7.62367, 8.11031, 9.27697, 9.94741, 9.89177, 14.6608
1, 1.07953, 1.34404, 2.06111, 2.43989, 2.62905, 2.59364, 3.05633, 3.77241, 3.9727, 4.16495, 4.12305, 4.13873, 3.87612, 4.67203, 4.78477, 5.63064, 5.7218, 6.72525, 7.62368, 8.11069, 9.27695, 9.94742, 9.89128, 14.6591
1, 1.07946, 1.34451, 2.06102, 2.43982, 2.62904, 2.59362, 3.0564, 3.7724, 3.97268, 4.1649, 4.12306, 4.1387, 3.87613, 4.6721, 4.78471, 5.63078, 5.72195, 6.72524, 7.62357, 8.11093, 9.27697, 9.94745, 9.89159, 14.6587
1, 1.07939, 1.34475, 2.06101, 2.43984, 2.62903, 2.59363, 3.05653, 3.77237, 3.97267, 4.16479, 4.12301, 4.13875, 3.87606, 4.67217, 4.78494, 5.63019, 5.72196, 6.72525, 7.62357, 8.11079, 9.27697, 9.94748, 9.89238, 14.6583
1, 1.0793, 1.34477, 2.06115, 2.43981, 2.62905, 2.59363, 3.05656, 3.77239, 3.97262, 4.16469, 4.12299, 4.13874, 3.87601, 4.67223, 4.78493, 5.63035, 5.72196, 6.72525, 7.6236, 8.11107, 9.27697, 9.9475, 9.89231, 14.6578
1, 1.07932, 1.34448, 2.06116, 2.43977, 2.62908, 2.59359, 3.05658, 3.77241, 3.97261, 4.16491, 4.12294, 4.13873, 3.87603, 4.67225, 4.78494, 5.6298, 5.72189, 6.72524, 7.6236, 8.111, 9.27683, 9.94749, 9.89237, 14.6563
1, 1.07935, 1.3444, 2.06122, 2.43978, 2.62907, 2.59355, 3.05674, 3.7724, 3.97261, 4.16473, 4.12293, 4.13859, 3.87602, 4.6723, 4.78489, 5.62952, 5.72207, 6.72524, 7.62354, 8.11064, 9.27682, 9.9475, 9.89242, 14.6564
1, 1.07948, 1.34499, 2.06118, 2.43976, 2.62908, 2.59358, 3.05668, 3.77238, 3.9726, 4.16471, 4.12293, 4.13853, 3.87595, 4.67231, 4.78483, 5.62912, 5.72211, 6.72525, 7.62354, 8.1107, 9.27675, 9.94752, 9.89226, 14.6566
1, 1.07976, 1.34505, 2.06116, 2.43972, 2.62911, 2.59356, 3.05661, 3.77239, 3.97258, 4.16478, 4.12296, 4.13846, 3.87594, 4.67229, 4.78484, 5.62914, 5.72215, 6.72523, 7.62347, 8.1107, 9.27671, 9.94749, 9.8921, 14.6558
1, 1.07972, 1.34502, 2.06122, 2.43971, 2.6291, 2.59356, 3.05646, 3.77234, 3.97257, 4.16469, 4.12295, 4.13829, 3.87597, 4.6723, 4.78496, 5.629, 5.72213, 6.72524, 7.62349, 8.11066, 9.27663, 9.94748, 9.89263, 14.6535
1, 1.07978, 1.34524, 2.06123, 2.43967, 2.62912, 2.59355, 3.05653, 3.7723, 3.97259, 4.16473, 4.12297, 4.13822, 3.87604, 4.67229, 4.78491, 5.62897, 5.72219, 6.72523, 7.62351, 8.11041, 9.27661, 9.94748, 9.89239, 14.6534
1, 1.08002, 1.34501, 2.06122, 2.43962, 2.6291, 2.59354, 3.05655, 3.77232, 3.97259, 4.16475, 4.12295, 4.13812, 3.87606, 4.67223, 4.78489, 5.62894, 5.72222, 6.72523, 7.62349, 8.11029, 9.27659, 9.94745, 9.8927, 14.6527
1, 1.08005, 1.34491, 2.06125, 2.43964, 2.62907, 2.59352, 3.05677, 3.77233, 3.97259, 4.16465, 4.1229, 4.1381, 3.8761, 4.6723, 4.78496, 5.62845, 5.72229, 6.72523, 7.62359, 8.11013, 9.27661, 9.94745, 9.89275, 14.6514
1, 1.08011, 1.34476, 2.06131, 2.43962, 2.62903, 2.59349, 3.05691, 3.77236, 3.97261, 4.16473, 4.12288, 4.13798, 3.87604, 4.67229, 4.78498, 5.62796, 5.72223, 6.72522, 7.62368, 8.10988, 9.27661, 9.94746, 9.89292, 14.6513
1, 1.08, 1.34462, 2.06134, 2.43962, 2.62898, 2.59347, 3.05704, 3.77237, 3.97263, 4.16472, 4.12292, 4.13794, 3.87599, 4.67226, 4.785, 5.62747, 5.72227, 6.72522, 7.62363, 8.1098, 9.27668, 9.94746, 9.89378, 14.6514
1, 1.08013, 1.34463, 2.06131, 2.43957, 2.62901, 2.59344, 3.05734, 3.77235, 3.97262, 4.1647, 4.12295, 4.13786, 3.8759, 4.67225, 4.78497, 5.62838, 5.72225, 6.72521, 7.62362, 8.10989, 9.27667, 9.94744, 9.89407, 14.6506
1, 1.08021, 1.34439, 2.0613, 2.43961, 2.62899, 2.59347, 3.05729, 3.77237, 3.9726, 4.16463, 4.12293, 4.13785, 3.87615, 4.67232, 4.78497, 5.6281, 5.7222, 6.72522, 7.62368, 8.11001, 9.27668, 9.94747, 9.89414, 14.6497
1, 1.0802, 1.34436, 2.0613, 2.43963, 2.62902, 2.59348, 3.05726, 3.77236, 3.97258, 4.16459, 4.12292, 4.13782, 3.87612, 4.67232, 4.78497, 5.62831, 5.72218, 6.7252, 7.62368, 8.11022, 9.27667, 9.94748, 9.89416, 14.6483
1, 1.08021, 1.34445, 2.06129, 2.43964, 2.62898, 2.59347, 3.05732, 3.77233, 3.97254, 4.16456, 4.12293, 4.13795, 3.87619, 4.67232, 4.78496, 5.62831, 5.72221, 6.72521, 7.62364, 8.1101, 9.27665, 9.94746, 9.89427, 14.6477
1, 1.08008, 1.34449, 2.06131, 2.43966, 2.629, 2.59346, 3.05734, 3.77231, 3.97252, 4.1646, 4.1229, 4.13794, 3.8762, 4.67234, 4.78494, 5.62871, 5.72218, 6.7252, 7.6237, 8.11017, 9.27664, 9.94745, 9.89432, 14.6475
1, 1.08003, 1.3444, 2.06134, 2.43967, 2.62898, 2.59346, 3.05751, 3.77232, 3.97253, 4.16468, 4.12288, 4.13794, 3.87622, 4.67233, 4.78496, 5.62893, 5.72222, 6.7252, 7.62371, 8.11005, 9.27661, 9.94745, 9.89441, 14.6464
1, 1.08017, 1.34426, 2.06131, 2.43964, 2.62894, 2.59345, 3.05752, 3.77234, 3.9726, 4.16472, 4.12285, 4.13808, 3.87614, 4.67229, 4.78495, 5.62925, 5.72219, 6.7252, 7.62368, 8.11008, 9.27658, 9.94745, 9.89434, 14.6463
1, 1.08016, 1.34428, 2.06131, 2.4396, 2.62898, 2.59346, 3.05747, 3.77236, 3.97268, 4.16473, 4.12286, 4.13811, 3.87614, 4.67228, 4.78495, 5.62914, 5.72221, 6.7252, 7.62369, 8.10999, 9.27665, 9.94745, 9.89442, 14.6457
1, 1.08018, 1.34412, 2.06131, 2.4396, 2.62901, 2.59347, 3.05741, 3.77233, 3.97264, 4.16477, 4.12285, 4.13805, 3.87613, 4.67224, 4.78496, 5.62898, 5.72222, 6.7252, 7.62366, 8.10996, 9.27664, 9.94745, 9.89434, 14.6452
1, 1.08015, 1.34417, 2.06132, 2.43961, 2.62899, 2.59349, 3.05733, 3.7723, 3.97262, 4.16474, 4.12282, 4.13815, 3.87614, 4.67224, 4.78496, 5.62891, 5.72222, 6.7252, 7.62364, 8.10995, 9.27661, 9.94745, 9.89446, 14.6456
1, 1.08015, 1.34419, 2.06132, 2.43963, 2.629, 2.5935, 3.05724, 3.77232, 3.97263, 4.16474, 4.12283, 4.13809, 3.87611, 4.67225, 4.78497, 5.62905, 5.72221, 6.72519, 7.62358, 8.10994, 9.27662, 9.94745, 9.8945, 14.645
1, 1.08018, 1.34424, 2.06132, 2.43961, 2.62908, 2.59352, 3.05714, 3.7723, 3.97262, 4.16469, 4.12283, 4.13799, 3.87612, 4.67224, 4.78496, 5.62941, 5.72221, 6.7252, 7.62358, 8.10997, 9.27659, 9.94745, 9.89447, 14.6441
1, 1.08021, 1.34407, 2.06133, 2.4396, 2.62908, 2.59352, 3.05703, 3.77231, 3.97261, 4.16466, 4.12283, 4.13801, 3.87611, 4.6722, 4.78493, 5.62928, 5.72222, 6.7252, 7.62358, 8.10997, 9.27659, 9.94745, 9.89448, 14.6438
1, 1.08023, 1.34409, 2.06133, 2.4396, 2.62906, 2.59352, 3.05706, 3.77231, 3.9726, 4.16463, 4.12282, 4.13804, 3.87613, 4.67223, 4.78496, 5.62914, 5.7222, 6.72519, 7.62357, 8.10998, 9.27658, 9.94745, 9.89434, 14.6432
1, 1.08022, 1.34421, 2.06133, 2.43963, 2.62905, 2.59353, 3.05715, 3.77229, 3.9726, 4.16458, 4.12283, 4.13799, 3.87615, 4.6722, 4.78496, 5.6287, 5.72219, 6.72519, 7.62357, 8.11016, 9.27659, 9.94745, 9.8944, 14.6425
1, 1.08021, 1.34435, 2.06133, 2.43963, 2.62908, 2.59356, 3.05712, 3.77227, 3.97259, 4.16453, 4.12283, 4.13801, 3.87618, 4.6722, 4.78493, 5.62831, 5.72219, 6.72519, 7.62358, 8.1102, 9.27659, 9.94744, 9.89455, 14.6417
1, 1.08018, 1.34427, 2.06133, 2.43962, 2.62909, 2.59355, 3.05708, 3.77227, 3.97258, 4.16455, 4.12283, 4.1381, 3.87617, 4.67218, 4.785, 5.62828, 5.72218, 6.72519, 7.62358, 8.11021, 9.27659, 9.94745, 9.89456, 14.6407
1, 1.08012, 1.34434, 2.06133, 2.43963, 2.62909, 2.59355, 3.05705, 3.77226, 3.97257, 4.16454, 4.12285, 4.13802, 3.8762, 4.67218, 4.785, 5.62851, 5.72216, 6.72519, 7.62359, 8.11021, 9.27657, 9.94745, 9.89473, 14.6402
1, 1.08016, 1.34437, 2.06132, 2.43965, 2.62909, 2.59356, 3.05709, 3.77224, 3.97256, 4.16452, 4.12286, 4.13803, 3.87621, 4.67218, 4.785, 5.62847, 5.72213, 6.72519, 7.62357, 8.11016, 9.27656, 9.94745, 9.89489, 14.6396
1, 1.08015, 1.34435, 2.06132, 2.43966, 2.62909, 2.59356, 3.05707, 3.77221, 3.97255, 4.16449, 4.12286, 4.13801, 3.87618, 4.67217, 4.785, 5.62835, 5.72213, 6.72519, 7.62356, 8.11012, 9.27655, 9.94744, 9.8949, 14.6388
1, 1.08015, 1.3445, 2.06131, 2.43965, 2.62909, 2.59354, 3.05695, 3.7722, 3.97253, 4.16442, 4.12286, 4.13798, 3.87617, 4.67216, 4.78498, 5.62847, 5.72212, 6.72519, 7.62356, 8.1101, 9.27654, 9.94745, 9.89483, 14.6376
1, 1.08015, 1.34448, 2.06131, 2.43965, 2.62908, 2.59354, 3.05691, 3.77219, 3.97248, 4.16439, 4.12286, 4.138, 3.87619, 4.67218, 4.78498, 5.62825, 5.72211, 6.72519, 7.62355, 8.11013, 9.27653, 9.94745, 9.89474, 14.6373
1, 1.08016, 1.34452, 2.06131, 2.43966, 2.6291, 2.59353, 3.05676, 3.77219, 3.97246, 4.16436, 4.12286, 4.13796, 3.8762, 4.67215, 4.78498, 5.62845, 5.72209, 6.7252, 7.62355, 8.1101, 9.27653, 9.94745, 9.89465, 14.6373
1, 1.08013, 1.34449, 2.06132, 2.43967, 2.62908, 2.59353, 3.05685, 3.77218, 3.97246, 4.16432, 4.12285, 4.13794, 3.87621, 4.67214, 4.78499, 5.62854, 5.7221, 6.7252, 7.62357, 8.11009, 9.27654, 9.94745, 9.89456, 14.6372
