0.044308, 0.03345, 0.018528, 0.012674, 0.008164, 0.006162, 0.005692, 0.005254, 0.00406, 0.003178, 0.001282, 0.002914, 0.002484, 0.002814, 0.001944, 0.001896, 0.00204, 0.001598, 0.00155, 0.000862, 0.000878, 0.00128, 0.000644, 0.001038, 0.00082, 0.834486
0.045618, 0.051308, 0.043096, 0.024946, 0.013884, 0.02056, 0.010146, 0.00913, 0.007354, 0.004986, 0.003354, 0.004434, 0.004282, 0.00336, 0.003254, 0.003268, 0.002952, 0.002774, 0.002116, 0.002988, 0.002096, 0.001836, 0.002374, 0.001616, 0.002442, 0.725826
0.089864, 0.070362, 0.066608, 0.028312, 0.024994, 0.019756, 0.013728, 0.010674, 0.013238, 0.006198, 0.012498, 0.006504, 0.005924, 0.00659, 0.005184, 0.00612, 0.004348, 0.004552, 0.003942, 0.00516, 0.003974, 0.003434, 0.002932, 0.0035, 0.00232, 0.579284
0.13315, 0.067908, 0.085178, 0.04195, 0.034018, 0.01246, 0.023204, 0.023456, 0.018544, 0.012256, 0.008322, 0.005968, 0.010154, 0.006206, 0.00463, 0.007464, 0.005508, 0.006426, 0.002534, 0.004862, 0.00349, 0.00483, 0.005232, 0.00324, 0.002866, 0.466144
0.20643, 0.060922, 0.062754, 0.03545, 0.035112, 0.02835, 0.019702, 0.012124, 0.015906, 0.014236, 0.010916, 0.011518, 0.012762, 0.013298, 0.007048, 0.00631, 0.007364, 0.00498, 0.005116, 0.004392, 0.004386, 0.00296, 0.00419, 0.003252, 0.001824, 0.408698
0.121068, 0.142106, 0.059376, 0.044416, 0.03137, 0.028302, 0.030782, 0.026288, 0.017058, 0.017812, 0.011178, 0.008954, 0.010746, 0.005544, 0.010648, 0.01059, 0.005742, 0.005742, 0.00721, 0.005542, 0.005656, 0.003836, 0.002776, 0.003578, 0.003348, 0.380332
0.14457, 0.071724, 0.072742, 0.050668, 0.013842, 0.036908, 0.06243, 0.013604, 0.015154, 0.01916, 0.016064, 0.015138, 0.01138, 0.011668, 0.015888, 0.008854, 0.009864, 0.00834, 0.005434, 0.005664, 0.004002, 0.004006, 0.00358, 0.00505, 0.00416, 0.370106
0.085992, 0.061842, 0.10487, 0.068032, 0.040404, 0.019244, 0.040552, 0.036808, 0.018962, 0.016536, 0.02398, 0.022866, 0.004692, 0.012028, 0.012742, 0.013728, 0.01084, 0.006156, 0.008626, 0.00355, 0.005062, 0.004178, 0.006096, 0.005282, 0.004022, 0.36291
0.158688, 0.070736, 0.069024, 0.060676, 0.026068, 0.030192, 0.03213, 0.0358, 0.012192, 0.015466, 0.013678, 0.018328, 0.014426, 0.013564, 0.012264, 0.007614, 0.00701, 0.007212, 0.006784, 0.004032, 0.004098, 0.00583, 0.003782, 0.005526, 0.004516, 0.360364
0.133008, 0.106758, 0.066154, 0.028544, 0.036634, 0.033892, 0.022708, 0.027608, 0.02837, 0.020624, 0.01, 0.022592, 0.01932, 0.008538, 0.011294, 0.011166, 0.005798, 0.012452, 0.006662, 0.007554, 0.004576, 0.006426, 0.003066, 0.003866, 0.002588, 0.359802
0.126014, 0.099328, 0.076748, 0.078826, 0.01455, 0.039038, 0.015448, 0.008588, 0.024798, 0.009448, 0.013478, 0.010174, 0.012968, 0.013002, 0.021624, 0.01482, 0.008818, 0.011286, 0.00631, 0.006896, 0.00973, 0.005128, 0.00671, 0.005518, 0.003814, 0.356938
0.11429, 0.098612, 0.088876, 0.022682, 0.06648, 0.014144, 0.019744, 0.022682, 0.00963, 0.022686, 0.01413, 0.02219, 0.024306, 0.027852, 0.006682, 0.007332, 0.007694, 0.00885, 0.00975, 0.007976, 0.006634, 0.005404, 0.004112, 0.005488, 0.004652, 0.357122
0.105596, 0.091814, 0.059284, 0.040396, 0.041038, 0.043214, 0.052908, 0.014552, 0.010692, 0.016346, 0.029128, 0.015266, 0.01918, 0.022396, 0.00623, 0.011436, 0.015778, 0.014414, 0.0064, 0.00648, 0.005496, 0.00394, 0.003342, 0.004108, 0.002868, 0.357698
0.11329, 0.077168, 0.068222, 0.028946, 0.032752, 0.022884, 0.023654, 0.041136, 0.021756, 0.042394, 0.02335, 0.019018, 0.0241, 0.016812, 0.013402, 0.012702, 0.006754, 0.01171, 0.011598, 0.004982, 0.006192, 0.008072, 0.004912, 0.003802, 0.004512, 0.35588
0.145874, 0.087, 0.04605, 0.05785, 0.037426, 0.044344, 0.020914, 0.024198, 0.013078, 0.024174, 0.020274, 0.013196, 0.010704, 0.012552, 0.012172, 0.006256, 0.014094, 0.014444, 0.00526, 0.005244, 0.008806, 0.005792, 0.006, 0.003074, 0.005656, 0.355568
0.066676, 0.110236, 0.073786, 0.048728, 0.041914, 0.033754, 0.033074, 0.029316, 0.0318, 0.013616, 0.024684, 0.022866, 0.012486, 0.012116, 0.014146, 0.005156, 0.0135, 0.00933, 0.010236, 0.008572, 0.007724, 0.005016, 0.004866, 0.005812, 0.003992, 0.356598
0.137628, 0.044792, 0.089306, 0.03422, 0.04407, 0.024982, 0.04088, 0.03061, 0.010552, 0.021474, 0.02288, 0.020048, 0.013406, 0.012666, 0.016826, 0.014088, 0.00831, 0.014088, 0.006404, 0.00903, 0.006332, 0.006286, 0.006082, 0.005684, 0.003858, 0.355498
0.154196, 0.094954, 0.039876, 0.02477, 0.035068, 0.029316, 0.039336, 0.029186, 0.015368, 0.01615, 0.017932, 0.01145, 0.01827, 0.019812, 0.027846, 0.008916, 0.010028, 0.010558, 0.010956, 0.010204, 0.004602, 0.007766, 0.002816, 0.003576, 0.001544, 0.355504
0.108606, 0.13247, 0.044584, 0.022014, 0.040898, 0.043504, 0.031182, 0.024466, 0.033114, 0.010074, 0.010076, 0.014094, 0.012486, 0.01862, 0.010088, 0.019586, 0.009264, 0.007414, 0.008012, 0.007758, 0.010248, 0.007376, 0.00727, 0.006296, 0.00405, 0.35645
0.114682, 0.090778, 0.062708, 0.05982, 0.015102, 0.037912, 0.022014, 0.03124, 0.017808, 0.010488, 0.023398, 0.016318, 0.013574, 0.019822, 0.015788, 0.014502, 0.010298, 0.01227, 0.015282, 0.005856, 0.015454, 0.003258, 0.004898, 0.005688, 0.004726, 0.356316
0.101266, 0.078844, 0.044042, 0.057302, 0.03493, 0.04463, 0.013468, 0.030598, 0.027198, 0.029846, 0.029596, 0.013302, 0.012674, 0.021814, 0.025198, 0.01119, 0.013482, 0.00992, 0.00783, 0.008604, 0.004534, 0.005976, 0.005442, 0.007668, 0.005792, 0.354854
0.189782, 0.0795, 0.038156, 0.02826, 0.027194, 0.021272, 0.033854, 0.023654, 0.025102, 0.015664, 0.018232, 0.01243, 0.013858, 0.019668, 0.016506, 0.00978, 0.011648, 0.009852, 0.008486, 0.008056, 0.0059, 0.00926, 0.007488, 0.007672, 0.003666, 0.35506
0.1275, 0.057266, 0.08893, 0.05392, 0.02373, 0.03309, 0.03095, 0.013634, 0.017822, 0.018664, 0.022256, 0.022806, 0.012526, 0.016536, 0.017516, 0.018606, 0.012624, 0.00872, 0.006002, 0.009834, 0.007252, 0.00681, 0.006084, 0.006428, 0.004866, 0.355628
0.109624, 0.093844, 0.088546, 0.044722, 0.023536, 0.027052, 0.022904, 0.032308, 0.024622, 0.023706, 0.015064, 0.013404, 0.018682, 0.010508, 0.013796, 0.00926, 0.013334, 0.007252, 0.011924, 0.009488, 0.007434, 0.007244, 0.006002, 0.006568, 0.00415, 0.355026
0.145848, 0.054314, 0.105696, 0.04285, 0.02442, 0.034496, 0.026156, 0.020494, 0.024142, 0.017404, 0.01407, 0.009182, 0.020142, 0.011416, 0.012276, 0.010328, 0.011736, 0.01261, 0.009326, 0.005956, 0.005394, 0.008654, 0.006846, 0.004764, 0.005576, 0.355904
0.08458, 0.095224, 0.081006, 0.045172, 0.03295, 0.030312, 0.019544, 0.017946, 0.016036, 0.018154, 0.02395, 0.02517, 0.013872, 0.025402, 0.015228, 0.01321, 0.017862, 0.01907, 0.010028, 0.011378, 0.008178, 0.00683, 0.00561, 0.003362, 0.002352, 0.357574
0.068128, 0.11224, 0.104702, 0.013986, 0.039356, 0.028686, 0.030684, 0.025932, 0.016754, 0.020464, 0.01652, 0.020394, 0.016862, 0.022598, 0.017216, 0.015026, 0.009156, 0.012714, 0.010224, 0.008902, 0.006452, 0.011742, 0.008144, 0.00547, 0.002358, 0.35529
0.114064, 0.09696, 0.021372, 0.042174, 0.030112, 0.022882, 0.05734, 0.01388, 0.022652, 0.025302, 0.027246, 0.023336, 0.016012, 0.029936, 0.01638, 0.011792, 0.011372, 0.010326, 0.016504, 0.00878, 0.005894, 0.00619, 0.005604, 0.005784, 0.00322, 0.354886
0.155364, 0.096168, 0.061918, 0.031988, 0.029162, 0.028892, 0.02409, 0.027668, 0.01766, 0.012666, 0.01274, 0.024436, 0.011634, 0.014716, 0.013972, 0.01344, 0.007822, 0.012576, 0.00761, 0.010886, 0.01054, 0.00506, 0.006164, 0.002974, 0.00478, 0.355074
0.14173, 0.052266, 0.036702, 0.049528, 0.059466, 0.029518, 0.032334, 0.023666, 0.012992, 0.021278, 0.009456, 0.014556, 0.031368, 0.021808, 0.014278, 0.01864, 0.009564, 0.012738, 0.005494, 0.008474, 0.010212, 0.011968, 0.007034, 0.004702, 0.004552, 0.355676
0.117724, 0.097066, 0.091394, 0.023356, 0.031638, 0.019062, 0.024532, 0.010466, 0.017478, 0.023336, 0.025878, 0.01377, 0.01478, 0.024658, 0.014238, 0.013952, 0.005584, 0.012788, 0.01696, 0.010144, 0.009484, 0.006694, 0.00607, 0.00727, 0.005776, 0.355902
0.137188, 0.085922, 0.044878, 0.03203, 0.052124, 0.02874, 0.021676, 0.031324, 0.012096, 0.01544, 0.024164, 0.02028, 0.03765, 0.009864, 0.011854, 0.005152, 0.011462, 0.009348, 0.012076, 0.006332, 0.009884, 0.004854, 0.006064, 0.007616, 0.005036, 0.356946
0.122332, 0.055496, 0.08687, 0.070342, 0.031712, 0.019954, 0.030404, 0.02757, 0.015846, 0.021424, 0.0099, 0.01339, 0.018364, 0.009162, 0.016804, 0.014408, 0.007614, 0.012876, 0.010012, 0.009994, 0.00556, 0.011252, 0.012396, 0.006, 0.005818, 0.3545
0.095198, 0.099076, 0.044602, 0.046042, 0.020742, 0.045684, 0.028044, 0.033688, 0.016196, 0.02152, 0.018834, 0.01417, 0.021312, 0.024766, 0.019028, 0.01712, 0.014088, 0.012588, 0.010086, 0.008706, 0.011328, 0.003882, 0.005868, 0.008386, 0.002832, 0.356214
0.09631, 0.05076, 0.044656, 0.064094, 0.050508, 0.049294, 0.04084, 0.021152, 0.023674, 0.021658, 0.02631, 0.033338, 0.018302, 0.008236, 0.006388, 0.015236, 0.016878, 0.011202, 0.006674, 0.007402, 0.007506, 0.004782, 0.005272, 0.007688, 0.00735, 0.35449
0.100584, 0.11313, 0.066986, 0.029452, 0.03863, 0.036302, 0.032642, 0.014392, 0.022546, 0.008964, 0.012, 0.011848, 0.017616, 0.008034, 0.020472, 0.01368, 0.026858, 0.01158, 0.013532, 0.00969, 0.01138, 0.00899, 0.005118, 0.004818, 0.003558, 0.357198
0.128484, 0.105102, 0.0565, 0.049226, 0.024538, 0.031624, 0.05178, 0.016676, 0.012914, 0.01642, 0.015638, 0.020686, 0.017566, 0.008208, 0.01185, 0.007874, 0.009004, 0.008854, 0.010088, 0.009442, 0.01153, 0.00598, 0.005274, 0.004458, 0.004452, 0.355832
0.117668, 0.043986, 0.116274, 0.047738, 0.030608, 0.052318, 0.030682, 0.013242, 0.018076, 0.009646, 0.020596, 0.01378, 0.022428, 0.016032, 0.01043, 0.018326, 0.012374, 0.005798, 0.007886, 0.007246, 0.005996, 0.005244, 0.00652, 0.008636, 0.00354, 0.35493
0.107926, 0.119886, 0.038338, 0.013404, 0.01688, 0.02111, 0.026012, 0.055348, 0.023494, 0.019842, 0.016014, 0.020174, 0.028084, 0.024044, 0.018806, 0.01518, 0.011442, 0.009606, 0.010788, 0.017278, 0.00938, 0.004136, 0.009614, 0.003722, 0.004848, 0.354644
0.119398, 0.085632, 0.069992, 0.050652, 0.025846, 0.019302, 0.035476, 0.017394, 0.02018, 0.022214, 0.014964, 0.008162, 0.01667, 0.03338, 0.013534, 0.00883, 0.014054, 0.010722, 0.010106, 0.006592, 0.009272, 0.009402, 0.00756, 0.008986, 0.007004, 0.354676
0.088442, 0.096828, 0.060064, 0.035036, 0.013276, 0.028978, 0.04472, 0.032506, 0.022348, 0.018638, 0.021462, 0.022034, 0.01447, 0.027738, 0.018842, 0.012108, 0.01641, 0.012974, 0.012068, 0.011572, 0.005624, 0.010942, 0.00749, 0.005168, 0.004348, 0.355914
0.09203, 0.10646, 0.05282, 0.033996, 0.03396, 0.035902, 0.041482, 0.030516, 0.017252, 0.0153, 0.016204, 0.021652, 0.01675, 0.012616, 0.013578, 0.01608, 0.013522, 0.01935, 0.013128, 0.010558, 0.00739, 0.009896, 0.00447, 0.00408, 0.004248, 0.35676
0.11343, 0.129596, 0.096842, 0.03662, 0.02321, 0.013068, 0.023772, 0.026408, 0.018012, 0.027314, 0.005254, 0.024148, 0.012902, 0.015182, 0.008848, 0.010896, 0.006956, 0.010386, 0.008114, 0.008216, 0.004668, 0.008352, 0.004806, 0.004448, 0.00253, 0.356022
0.136336, 0.063842, 0.117796, 0.0265, 0.03083, 0.02755, 0.024974, 0.012472, 0.015524, 0.019126, 0.018988, 0.01602, 0.018722, 0.016794, 0.014792, 0.008336, 0.015106, 0.014446, 0.006878, 0.004016, 0.010916, 0.005352, 0.007942, 0.006884, 0.004012, 0.355846
0.119542, 0.09641, 0.065346, 0.047046, 0.02316, 0.03378, 0.024884, 0.024532, 0.025498, 0.019594, 0.016772, 0.021998, 0.017238, 0.014498, 0.015298, 0.011548, 0.010884, 0.012742, 0.004102, 0.007552, 0.008966, 0.006336, 0.00703, 0.004098, 0.004964, 0.356182
0.108326, 0.058808, 0.06327, 0.050748, 0.035648, 0.022436, 0.032556, 0.031462, 0.01491, 0.02099, 0.022862, 0.026086, 0.024638, 0.01862, 0.022426, 0.012246, 0.009444, 0.01442, 0.009292, 0.010892, 0.005504, 0.007566, 0.008774, 0.006904, 0.0055, 0.355672
0.11518, 0.110464, 0.065578, 0.02603, 0.028082, 0.028422, 0.018942, 0.034354, 0.022996, 0.019638, 0.01306, 0.013252, 0.017942, 0.02399, 0.014472, 0.012366, 0.008968, 0.013402, 0.01333, 0.012188, 0.008068, 0.005472, 0.007796, 0.007134, 0.003872, 0.355002
0.096192, 0.067952, 0.06365, 0.08067, 0.026788, 0.030236, 0.009322, 0.025442, 0.023118, 0.019304, 0.025554, 0.023646, 0.020324, 0.025902, 0.019072, 0.011412, 0.010834, 0.007122, 0.013514, 0.011354, 0.00917, 0.00729, 0.00822, 0.004696, 0.004496, 0.35472
0.066788, 0.12281, 0.075508, 0.06881, 0.036326, 0.020486, 0.029246, 0.012004, 0.021954, 0.01692, 0.01763, 0.022986, 0.01323, 0.012584, 0.01758, 0.009676, 0.01041, 0.025004, 0.007252, 0.007274, 0.007578, 0.00503, 0.004492, 0.007958, 0.003414, 0.35705
0.127002, 0.100566, 0.045024, 0.042752, 0.028364, 0.035486, 0.024278, 0.02173, 0.014482, 0.019258, 0.012142, 0.026804, 0.021274, 0.02106, 0.020712, 0.017348, 0.006536, 0.012612, 0.012844, 0.006584, 0.005424, 0.004134, 0.004892, 0.008504, 0.00538, 0.354808
0.1087, 0.074628, 0.088706, 0.04251, 0.022038, 0.044968, 0.053052, 0.01327, 0.01448, 0.01359, 0.009506, 0.0134, 0.025648, 0.017998, 0.015102, 0.010912, 0.014048, 0.012836, 0.010158, 0.007476, 0.007196, 0.005, 0.007224, 0.005776, 0.005722, 0.356056
0.120054, 0.0674, 0.0637, 0.03806, 0.026236, 0.015642, 0.033284, 0.04137, 0.016298, 0.032172, 0.014482, 0.020178, 0.020234, 0.017152, 0.00976, 0.012016, 0.015336, 0.020692, 0.011326, 0.01305, 0.008942, 0.005176, 0.009116, 0.008544, 0.004794, 0.354986
0.091602, 0.077726, 0.054696, 0.02706, 0.04697, 0.043378, 0.024322, 0.028388, 0.025402, 0.013952, 0.025826, 0.024076, 0.012588, 0.025628, 0.020002, 0.02489, 0.006458, 0.009396, 0.016582, 0.010104, 0.006388, 0.01127, 0.00515, 0.007344, 0.005768, 0.355034
0.140798, 0.065154, 0.047292, 0.030218, 0.050734, 0.036702, 0.047478, 0.014452, 0.01674, 0.00912, 0.034344, 0.021872, 0.008026, 0.015502, 0.01266, 0.017502, 0.015068, 0.012906, 0.008682, 0.009386, 0.00402, 0.006388, 0.008686, 0.006098, 0.003414, 0.356758
0.07552, 0.109952, 0.069062, 0.065986, 0.034484, 0.017066, 0.035198, 0.022726, 0.012802, 0.013972, 0.035338, 0.009786, 0.014164, 0.012934, 0.0117, 0.024406, 0.012196, 0.012758, 0.007912, 0.008256, 0.009454, 0.005778, 0.00789, 0.010324, 0.004258, 0.356078
0.1458, 0.048228, 0.103516, 0.022846, 0.026264, 0.03508, 0.017104, 0.021754, 0.018314, 0.024532, 0.018198, 0.014276, 0.017448, 0.026852, 0.015436, 0.012502, 0.015882, 0.01, 0.010486, 0.008182, 0.005782, 0.00849, 0.006202, 0.008408, 0.003418, 0.355
0.157468, 0.055664, 0.034098, 0.069472, 0.039888, 0.021014, 0.025028, 0.025732, 0.016136, 0.028838, 0.013562, 0.009786, 0.013464, 0.019958, 0.023422, 0.013132, 0.009784, 0.012016, 0.005868, 0.01109, 0.01011, 0.008326, 0.009434, 0.007064, 0.004036, 0.35561
0.139588, 0.097332, 0.063734, 0.017724, 0.022128, 0.018664, 0.025292, 0.034948, 0.020836, 0.019572, 0.018256, 0.022432, 0.020396, 0.014472, 0.009298, 0.015568, 0.012588, 0.012042, 0.010528, 0.008474, 0.009914, 0.005584, 0.008238, 0.01011, 0.006568, 0.355714
0.100148, 0.100254, 0.079412, 0.033474, 0.037674, 0.013312, 0.014104, 0.021108, 0.034132, 0.010702, 0.026514, 0.016214, 0.024782, 0.021656, 0.011248, 0.017202, 0.017036, 0.01159, 0.006032, 0.012078, 0.011196, 0.010242, 0.004312, 0.005988, 0.003496, 0.356094
0.13121, 0.09885, 0.049786, 0.063558, 0.014, 0.025364, 0.014614, 0.03389, 0.016526, 0.012468, 0.024388, 0.010388, 0.01883, 0.018254, 0.00748, 0.017018, 0.014868, 0.008722, 0.015604, 0.009572, 0.00947, 0.010926, 0.006532, 0.006328, 0.005236, 0.356118
0.100304, 0.09885, 0.07, 0.046018, 0.044502, 0.033622, 0.01188, 0.026066, 0.02692, 0.014334, 0.014378, 0.021582, 0.016156, 0.016418, 0.01618, 0.008792, 0.012252, 0.012574, 0.010404, 0.012712, 0.009036, 0.002582, 0.008668, 0.006616, 0.003034, 0.35612
0.132036, 0.049766, 0.053278, 0.047216, 0.019866, 0.034792, 0.063484, 0.022758, 0.026682, 0.016842, 0.02239, 0.031472, 0.021184, 0.009262, 0.013046, 0.007132, 0.007018, 0.015006, 0.011848, 0.008366, 0.00772, 0.005638, 0.004396, 0.007898, 0.005508, 0.355396
0.11987, 0.073448, 0.089754, 0.033898, 0.022354, 0.031614, 0.033616, 0.017332, 0.018526, 0.026824, 0.02044, 0.01834, 0.02054, 0.016014, 0.015372, 0.014714, 0.017132, 0.012876, 0.008222, 0.009274, 0.004904, 0.00679, 0.00373, 0.00552, 0.00451, 0.354386
0.176416, 0.048134, 0.061926, 0.036542, 0.050486, 0.022228, 0.03966, 0.029264, 0.020574, 0.00938, 0.017108, 0.006862, 0.016094, 0.014796, 0.010384, 0.007358, 0.019364, 0.00736, 0.010584, 0.007084, 0.008094, 0.006654, 0.004778, 0.007624, 0.005414, 0.355832
0.109716, 0.075574, 0.065478, 0.055288, 0.010736, 0.038512, 0.053012, 0.034078, 0.024888, 0.018464, 0.013064, 0.013642, 0.017062, 0.014904, 0.018478, 0.006186, 0.009928, 0.012186, 0.01092, 0.009288, 0.00853, 0.007124, 0.008276, 0.005346, 0.00327, 0.35605
0.126802, 0.035044, 0.074514, 0.04992, 0.041444, 0.036856, 0.034654, 0.02131, 0.014952, 0.017038, 0.020576, 0.00551, 0.028074, 0.021624, 0.014896, 0.014326, 0.012454, 0.01706, 0.006948, 0.01048, 0.010346, 0.007376, 0.006108, 0.00972, 0.006804, 0.355164
0.120028, 0.097164, 0.047498, 0.023818, 0.026542, 0.02924, 0.033574, 0.036868, 0.018648, 0.025328, 0.027364, 0.017608, 0.013614, 0.015424, 0.009142, 0.018352, 0.015318, 0.014516, 0.00903, 0.010334, 0.004616, 0.009154, 0.004418, 0.010454, 0.005376, 0.356572
0.093002, 0.103336, 0.028312, 0.056786, 0.030434, 0.042188, 0.024732, 0.034828, 0.01594, 0.01575, 0.012854, 0.023574, 0.02486, 0.028972, 0.024846, 0.01369, 0.014164, 0.011034, 0.009126, 0.005014, 0.005802, 0.00679, 0.007718, 0.006192, 0.004036, 0.35602
0.0905, 0.093184, 0.064962, 0.044816, 0.023248, 0.043912, 0.018452, 0.04833, 0.019168, 0.0251, 0.020752, 0.019876, 0.01223, 0.011268, 0.011148, 0.01021, 0.013802, 0.01126, 0.014454, 0.01434, 0.008616, 0.00535, 0.00636, 0.007194, 0.005456, 0.356012
0.055032, 0.116882, 0.087962, 0.023148, 0.031416, 0.034404, 0.022802, 0.027768, 0.01813, 0.0272, 0.02249, 0.018018, 0.017106, 0.027668, 0.014852, 0.021118, 0.007616, 0.009796, 0.009796, 0.015694, 0.008508, 0.009182, 0.007496, 0.00575, 0.005512, 0.354654
0.121844, 0.083462, 0.064462, 0.049012, 0.017124, 0.026984, 0.024328, 0.024118, 0.019524, 0.0278, 0.023362, 0.01815, 0.011154, 0.007572, 0.022782, 0.014636, 0.01838, 0.015864, 0.01217, 0.009748, 0.003328, 0.007272, 0.009088, 0.00749, 0.004276, 0.35607
0.150878, 0.030354, 0.082986, 0.044436, 0.025272, 0.030124, 0.048854, 0.019374, 0.013818, 0.037158, 0.016468, 0.020756, 0.013446, 0.008692, 0.022316, 0.009428, 0.008318, 0.01182, 0.010604, 0.005506, 0.010712, 0.007226, 0.004258, 0.005138, 0.005706, 0.356352
0.07236, 0.124414, 0.056706, 0.044846, 0.046878, 0.036384, 0.034874, 0.018076, 0.016946, 0.019638, 0.023802, 0.014786, 0.017826, 0.013976, 0.022686, 0.007676, 0.008134, 0.018104, 0.009128, 0.010002, 0.005042, 0.006906, 0.006082, 0.005866, 0.003756, 0.355106
0.153156, 0.075394, 0.02614, 0.037984, 0.039446, 0.027652, 0.020988, 0.032022, 0.015508, 0.01906, 0.018144, 0.027964, 0.02157, 0.019024, 0.017768, 0.00861, 0.011126, 0.011156, 0.010432, 0.008476, 0.012714, 0.008058, 0.006906, 0.008226, 0.006812, 0.355664
0.11623, 0.116122, 0.051816, 0.028592, 0.026572, 0.017644, 0.046932, 0.033136, 0.02112, 0.013266, 0.022066, 0.019798, 0.007008, 0.022856, 0.015014, 0.00915, 0.012446, 0.014778, 0.01075, 0.00635, 0.007162, 0.00741, 0.006846, 0.00675, 0.004374, 0.355812
0.105922, 0.066778, 0.075304, 0.077724, 0.019134, 0.02232, 0.017508, 0.026814, 0.019324, 0.02584, 0.02397, 0.020482, 0.021158, 0.018082, 0.015632, 0.009412, 0.018082, 0.012812, 0.007024, 0.009454, 0.005502, 0.00807, 0.00506, 0.00763, 0.005394, 0.355568
0.061748, 0.108778, 0.086366, 0.05845, 0.05471, 0.017654, 0.03709, 0.018394, 0.013012, 0.01303, 0.015566, 0.021564, 0.019988, 0.028482, 0.008798, 0.0106, 0.012268, 0.009968, 0.011062, 0.007412, 0.007716, 0.010062, 0.002912, 0.006144, 0.002926, 0.3553
0.115132, 0.077512, 0.049512, 0.030038, 0.023896, 0.053052, 0.01885, 0.031744, 0.032014, 0.018778, 0.023546, 0.016632, 0.0135, 0.014924, 0.020334, 0.016468, 0.016934, 0.01422, 0.009694, 0.01038, 0.009356, 0.008884, 0.006532, 0.007754, 0.005212, 0.355102
0.119784, 0.077234, 0.039956, 0.050914, 0.031248, 0.044784, 0.036024, 0.018018, 0.015472, 0.022894, 0.02022, 0.017218, 0.015228, 0.022806, 0.016644, 0.019374, 0.009088, 0.009674, 0.012872, 0.01081, 0.009956, 0.00947, 0.00563, 0.00509, 0.004696, 0.354896
0.132102, 0.055122, 0.067176, 0.042492, 0.026154, 0.03018, 0.0393, 0.028388, 0.019206, 0.01174, 0.022352, 0.017214, 0.015196, 0.014686, 0.024722, 0.013842, 0.013536, 0.012664, 0.009514, 0.011608, 0.00913, 0.00711, 0.007444, 0.006752, 0.00636, 0.35601
0.145004, 0.068486, 0.062592, 0.040148, 0.04848, 0.029446, 0.020806, 0.020438, 0.033256, 0.022516, 0.020222, 0.008822, 0.017206, 0.01673, 0.008518, 0.009936, 0.012256, 0.006248, 0.008916, 0.00948, 0.010336, 0.005342, 0.006606, 0.007196, 0.004978, 0.356036
0.125416, 0.095542, 0.026234, 0.08037, 0.05861, 0.025016, 0.025398, 0.01613, 0.013166, 0.014644, 0.026672, 0.020578, 0.0069, 0.013408, 0.013696, 0.008152, 0.009712, 0.012448, 0.007926, 0.009382, 0.00978, 0.005618, 0.005242, 0.007672, 0.005812, 0.356476
0.133252, 0.09273, 0.035068, 0.038852, 0.048738, 0.032672, 0.031306, 0.0262, 0.024902, 0.0221, 0.013988, 0.011788, 0.01864, 0.01251, 0.012722, 0.010118, 0.011622, 0.015148, 0.01036, 0.010224, 0.005738, 0.004978, 0.008088, 0.008082, 0.00501, 0.355164
0.03742, 0.081572, 0.099736, 0.059716, 0.071982, 0.037908, 0.012162, 0.03558, 0.01411, 0.016118, 0.019258, 0.016016, 0.015216, 0.013476, 0.017284, 0.019082, 0.008326, 0.015732, 0.00941, 0.0137, 0.005, 0.008348, 0.006394, 0.007696, 0.003434, 0.355324
0.117726, 0.076218, 0.082164, 0.032264, 0.046968, 0.020754, 0.036206, 0.029058, 0.01846, 0.020978, 0.01554, 0.012514, 0.017972, 0.015712, 0.011428, 0.016848, 0.007462, 0.014444, 0.00745, 0.007384, 0.00693, 0.008824, 0.01025, 0.00641, 0.004516, 0.35552
0.087594, 0.101242, 0.044252, 0.060158, 0.013698, 0.047112, 0.038768, 0.032306, 0.016968, 0.02383, 0.022316, 0.020344, 0.018592, 0.014332, 0.012538, 0.01826, 0.015002, 0.01132, 0.008174, 0.006426, 0.007956, 0.007656, 0.005558, 0.004874, 0.005646, 0.355078
0.121486, 0.096738, 0.089108, 0.028384, 0.02224, 0.02348, 0.03178, 0.026468, 0.02042, 0.01297, 0.01199, 0.01826, 0.010754, 0.012178, 0.025728, 0.009998, 0.01234, 0.011638, 0.011556, 0.006324, 0.009884, 0.007698, 0.008308, 0.008464, 0.006028, 0.355778
0.070706, 0.118272, 0.085758, 0.053868, 0.047892, 0.017226, 0.012756, 0.020832, 0.014458, 0.015926, 0.025, 0.023618, 0.025744, 0.01384, 0.012872, 0.009954, 0.010858, 0.013036, 0.010018, 0.007394, 0.007446, 0.008336, 0.006414, 0.006142, 0.005368, 0.356266
0.11983, 0.067154, 0.08241, 0.052042, 0.01786, 0.018834, 0.02972, 0.023802, 0.020728, 0.019802, 0.019662, 0.020026, 0.014696, 0.03097, 0.02404, 0.007302, 0.017286, 0.010898, 0.0104, 0.00856, 0.006136, 0.006038, 0.005402, 0.006288, 0.005256, 0.354858
0.136854, 0.075358, 0.054496, 0.045948, 0.032716, 0.016572, 0.031254, 0.016666, 0.012204, 0.018566, 0.02302, 0.016224, 0.018224, 0.026782, 0.023546, 0.019186, 0.012172, 0.013434, 0.006962, 0.01124, 0.010058, 0.00747, 0.005444, 0.007346, 0.003058, 0.3552
0.069574, 0.092448, 0.108138, 0.068908, 0.011524, 0.026142, 0.01875, 0.03409, 0.016194, 0.00978, 0.011432, 0.01903, 0.018768, 0.022918, 0.012758, 0.020568, 0.009036, 0.015116, 0.010982, 0.010968, 0.004058, 0.009582, 0.008306, 0.008464, 0.005738, 0.356728
0.135978, 0.032622, 0.044908, 0.045376, 0.039134, 0.032588, 0.031022, 0.018564, 0.022132, 0.019094, 0.032766, 0.025366, 0.027032, 0.02089, 0.012046, 0.015416, 0.01452, 0.016914, 0.008924, 0.01005, 0.01169, 0.0107, 0.005966, 0.006724, 0.00466, 0.354918
0.085696, 0.107088, 0.06455, 0.033672, 0.04391, 0.028584, 0.01619, 0.025726, 0.036302, 0.020964, 0.025616, 0.018316, 0.011222, 0.021194, 0.008776, 0.01027, 0.017492, 0.017176, 0.009848, 0.00649, 0.010044, 0.003978, 0.00763, 0.006902, 0.005292, 0.357072
0.078622, 0.118924, 0.06492, 0.02773, 0.033618, 0.020128, 0.028654, 0.035746, 0.021988, 0.019114, 0.02811, 0.017056, 0.017508, 0.026626, 0.012802, 0.011214, 0.01433, 0.01804, 0.003888, 0.01122, 0.01212, 0.007542, 0.004708, 0.006674, 0.00234, 0.356378
0.10001, 0.092542, 0.108938, 0.0464, 0.028142, 0.01662, 0.035296, 0.015874, 0.024992, 0.013796, 0.014168, 0.0152, 0.012418, 0.013548, 0.011722, 0.015936, 0.008618, 0.01907, 0.007958, 0.009724, 0.008006, 0.006304, 0.005726, 0.007384, 0.00555, 0.356058
0.10156, 0.100134, 0.02698, 0.040936, 0.029758, 0.062198, 0.036778, 0.036844, 0.028148, 0.017956, 0.01935, 0.01519, 0.010984, 0.014392, 0.021376, 0.012226, 0.008852, 0.009332, 0.006624, 0.01133, 0.01034, 0.005094, 0.003098, 0.00892, 0.00566, 0.35594
0.082476, 0.123802, 0.080962, 0.037056, 0.032716, 0.027566, 0.041964, 0.02448, 0.018348, 0.016404, 0.010048, 0.023828, 0.01364, 0.014524, 0.00774, 0.017318, 0.00849, 0.01132, 0.006186, 0.00947, 0.007624, 0.00688, 0.007014, 0.008, 0.006774, 0.35537
0.079698, 0.080274, 0.105122, 0.057146, 0.023176, 0.025976, 0.03191, 0.031304, 0.030982, 0.01285, 0.017972, 0.01855, 0.013874, 0.010684, 0.012958, 0.00946, 0.02189, 0.013316, 0.006556, 0.010304, 0.006444, 0.00757, 0.004734, 0.00763, 0.004582, 0.355038
0.103074, 0.094542, 0.063926, 0.030556, 0.053084, 0.020764, 0.048118, 0.016948, 0.013826, 0.023182, 0.016454, 0.01836, 0.016264, 0.018206, 0.018024, 0.011732, 0.00808, 0.013702, 0.01346, 0.009614, 0.00861, 0.006396, 0.006752, 0.00648, 0.005496, 0.35435
0.096318, 0.120966, 0.055054, 0.033908, 0.033106, 0.039304, 0.049002, 0.015726, 0.003826, 0.023738, 0.016924, 0.01745, 0.022684, 0.016724, 0.0125, 0.01017, 0.009356, 0.010832, 0.009934, 0.007506, 0.008446, 0.010538, 0.007364, 0.00797, 0.00477, 0.355884
0.140842, 0.089752, 0.055294, 0.031504, 0.043136, 0.033052, 0.034844, 0.01382, 0.024576, 0.024348, 0.021784, 0.019332, 0.011838, 0.010888, 0.011702, 0.004686, 0.008062, 0.01326, 0.011808, 0.006922, 0.01167, 0.006792, 0.003986, 0.005416, 0.004978, 0.355708
0.066904, 0.118282, 0.04191, 0.049688, 0.043114, 0.036356, 0.031896, 0.031888, 0.028792, 0.023448, 0.010904, 0.023506, 0.004128, 0.033126, 0.014198, 0.012598, 0.01238, 0.012334, 0.007902, 0.009492, 0.00755, 0.010296, 0.006498, 0.002568, 0.004354, 0.355888
0.097746, 0.068, 0.098024, 0.039972, 0.03732, 0.025606, 0.037464, 0.030808, 0.021258, 0.014738, 0.019528, 0.013902, 0.022982, 0.00937, 0.021262, 0.014002, 0.012308, 0.008796, 0.008266, 0.008318, 0.009314, 0.006786, 0.008316, 0.007156, 0.004404, 0.354354
0.113402, 0.099908, 0.05471, 0.032634, 0.04305, 0.025304, 0.031116, 0.035122, 0.007656, 0.017162, 0.031488, 0.012166, 0.010614, 0.017586, 0.012812, 0.007148, 0.014482, 0.016392, 0.011556, 0.011844, 0.010342, 0.009182, 0.007162, 0.00739, 0.002906, 0.356866
0.120586, 0.090422, 0.07716, 0.061226, 0.03276, 0.03067, 0.039522, 0.01713, 0.014872, 0.008358, 0.01067, 0.013176, 0.010214, 0.022452, 0.016344, 0.015748, 0.010106, 0.005216, 0.007966, 0.004884, 0.010412, 0.003882, 0.006984, 0.006912, 0.006888, 0.35544
0.098562, 0.108688, 0.07482, 0.04444, 0.022226, 0.033836, 0.029248, 0.028746, 0.013284, 0.01876, 0.023324, 0.014506, 0.014048, 0.022086, 0.018212, 0.007082, 0.014024, 0.00963, 0.009832, 0.009696, 0.008478, 0.007238, 0.004422, 0.004778, 0.0044, 0.355634
0.06784, 0.077066, 0.062668, 0.053812, 0.042504, 0.0493, 0.017114, 0.04002, 0.018808, 0.028546, 0.01309, 0.008806, 0.014228, 0.023908, 0.01098, 0.016592, 0.017158, 0.016196, 0.014534, 0.009222, 0.014552, 0.006532, 0.007546, 0.006782, 0.006696, 0.3555
0.075698, 0.059646, 0.085138, 0.041442, 0.02753, 0.038416, 0.036216, 0.029996, 0.019356, 0.017384, 0.015358, 0.029656, 0.018212, 0.020362, 0.016702, 0.017344, 0.01507, 0.015248, 0.013814, 0.011272, 0.01168, 0.008786, 0.007494, 0.009542, 0.00316, 0.355478
0.116258, 0.069882, 0.07178, 0.05464, 0.039664, 0.021804, 0.023936, 0.025816, 0.017458, 0.013818, 0.014232, 0.021776, 0.024138, 0.01739, 0.020216, 0.014658, 0.010774, 0.011322, 0.012034, 0.007744, 0.007354, 0.007908, 0.006632, 0.008034, 0.00514, 0.355592
0.073962, 0.085926, 0.091412, 0.037, 0.034262, 0.025622, 0.046112, 0.04122, 0.01783, 0.01816, 0.012324, 0.019126, 0.012416, 0.02393, 0.013964, 0.012364, 0.012392, 0.008008, 0.01122, 0.006592, 0.01804, 0.006464, 0.005564, 0.0064, 0.003932, 0.355758
0.0679, 0.107872, 0.064424, 0.053538, 0.036184, 0.04554, 0.024048, 0.041992, 0.020742, 0.017902, 0.007754, 0.016354, 0.010872, 0.015918, 0.00852, 0.016062, 0.02589, 0.01075, 0.007256, 0.01327, 0.007076, 0.004296, 0.007758, 0.007136, 0.005132, 0.355814
0.087614, 0.086584, 0.066872, 0.041884, 0.043718, 0.03281, 0.023084, 0.035024, 0.014016, 0.016536, 0.018286, 0.024912, 0.016116, 0.022104, 0.017232, 0.016742, 0.01404, 0.011724, 0.010976, 0.013244, 0.008828, 0.00782, 0.005104, 0.00542, 0.003172, 0.356138
0.14457, 0.090302, 0.057618, 0.027046, 0.03269, 0.032448, 0.020724, 0.029398, 0.014364, 0.014822, 0.013956, 0.00906, 0.023804, 0.031648, 0.009446, 0.013728, 0.014342, 0.013946, 0.009604, 0.007566, 0.006366, 0.008404, 0.005436, 0.00825, 0.004802, 0.35566
0.159574, 0.056472, 0.05158, 0.043746, 0.030146, 0.03871, 0.047976, 0.019032, 0.021246, 0.01425, 0.017608, 0.013652, 0.015328, 0.010208, 0.011172, 0.01694, 0.014084, 0.008438, 0.010648, 0.008258, 0.005102, 0.007106, 0.008326, 0.0126, 0.002688, 0.35511
0.112096, 0.132658, 0.037868, 0.040932, 0.040562, 0.027598, 0.021558, 0.018044, 0.01641, 0.01837, 0.019848, 0.021796, 0.013966, 0.013446, 0.009682, 0.01372, 0.016422, 0.017186, 0.009476, 0.008432, 0.009908, 0.007284, 0.007374, 0.005526, 0.00379, 0.356048
0.085868, 0.076146, 0.075604, 0.03202, 0.055994, 0.033574, 0.015774, 0.02916, 0.016524, 0.020342, 0.019862, 0.015596, 0.031034, 0.033122, 0.019088, 0.013828, 0.010696, 0.01544, 0.009634, 0.008934, 0.00739, 0.004182, 0.005588, 0.004746, 0.004616, 0.355238
0.091164, 0.105918, 0.079572, 0.028126, 0.02669, 0.039722, 0.04228, 0.021236, 0.013066, 0.007334, 0.022138, 0.019132, 0.022106, 0.011208, 0.016718, 0.016458, 0.016706, 0.014834, 0.009138, 0.00591, 0.00638, 0.007884, 0.011422, 0.00372, 0.00539, 0.355748
0.111556, 0.085334, 0.072616, 0.022092, 0.020004, 0.021652, 0.0341, 0.03257, 0.031602, 0.027096, 0.01959, 0.019936, 0.028728, 0.015868, 0.013248, 0.0076, 0.011154, 0.01073, 0.011374, 0.01603, 0.008276, 0.006802, 0.004178, 0.00736, 0.00405, 0.356454
0.078918, 0.104862, 0.085754, 0.04364, 0.02902, 0.046278, 0.03126, 0.028764, 0.012948, 0.030258, 0.010696, 0.016576, 0.02433, 0.009754, 0.012234, 0.012238, 0.01485, 0.010856, 0.00568, 0.009258, 0.007348, 0.007668, 0.003136, 0.006158, 0.002236, 0.35528
0.094852, 0.113548, 0.073906, 0.03563, 0.02886, 0.045198, 0.034116, 0.01602, 0.023902, 0.015966, 0.014938, 0.02177, 0.018298, 0.012554, 0.019518, 0.008902, 0.006356, 0.012344, 0.00849, 0.00861, 0.006634, 0.006636, 0.00727, 0.005212, 0.003828, 0.356642
0.090884, 0.103464, 0.070712, 0.031548, 0.046624, 0.016024, 0.029854, 0.015524, 0.012228, 0.02846, 0.019638, 0.01702, 0.019866, 0.024748, 0.013808, 0.01748, 0.016004, 0.01489, 0.012432, 0.008248, 0.008458, 0.005876, 0.007302, 0.009526, 0.002968, 0.356414
0.133022, 0.10669, 0.0644, 0.017392, 0.039856, 0.02102, 0.047146, 0.015334, 0.021702, 0.015238, 0.01994, 0.01453, 0.017096, 0.017788, 0.01399, 0.00919, 0.012544, 0.014244, 0.00862, 0.008352, 0.005176, 0.004692, 0.006176, 0.006964, 0.003162, 0.355736
0.133652, 0.073558, 0.065756, 0.045268, 0.021116, 0.01684, 0.029892, 0.018538, 0.018714, 0.015858, 0.01583, 0.01025, 0.027682, 0.025464, 0.01855, 0.015712, 0.020204, 0.010824, 0.011146, 0.00956, 0.012188, 0.008978, 0.005522, 0.008642, 0.005294, 0.354962
0.11951, 0.057066, 0.07045, 0.024706, 0.020766, 0.029072, 0.050442, 0.01904, 0.03706, 0.013448, 0.024418, 0.02148, 0.01486, 0.021486, 0.022088, 0.007932, 0.01161, 0.01631, 0.00848, 0.012218, 0.009798, 0.008198, 0.010962, 0.006792, 0.005804, 0.356004
0.105026, 0.079964, 0.085794, 0.046, 0.06308, 0.019818, 0.014454, 0.022356, 0.01807, 0.023628, 0.016848, 0.010598, 0.01741, 0.013872, 0.01798, 0.015156, 0.009462, 0.012384, 0.012586, 0.00689, 0.00779, 0.007132, 0.00673, 0.00747, 0.003896, 0.355606
0.132114, 0.070496, 0.069974, 0.052876, 0.029906, 0.022158, 0.025062, 0.045276, 0.018386, 0.015552, 0.020316, 0.013094, 0.015156, 0.017992, 0.014282, 0.018184, 0.009236, 0.006078, 0.009708, 0.007442, 0.006212, 0.009848, 0.003702, 0.008756, 0.00255, 0.355644
0.104264, 0.031952, 0.072884, 0.061734, 0.028666, 0.019162, 0.048216, 0.03976, 0.037278, 0.024702, 0.025746, 0.023204, 0.007198, 0.01541, 0.01081, 0.010828, 0.009066, 0.016536, 0.012596, 0.008992, 0.010484, 0.01077, 0.004554, 0.00666, 0.003428, 0.3551
0.127622, 0.088192, 0.055264, 0.029158, 0.03143, 0.046184, 0.016548, 0.030758, 0.029018, 0.01532, 0.025408, 0.01774, 0.016738, 0.020864, 0.019766, 0.012098, 0.011944, 0.015568, 0.010104, 0.003748, 0.003598, 0.004718, 0.005886, 0.004752, 0.002662, 0.354912
0.067328, 0.116756, 0.063296, 0.054728, 0.03866, 0.047394, 0.028208, 0.023654, 0.023488, 0.021126, 0.008524, 0.017612, 0.010294, 0.012896, 0.014204, 0.011956, 0.009868, 0.015956, 0.017092, 0.006152, 0.009468, 0.005226, 0.005336, 0.009188, 0.00413, 0.35746
0.084562, 0.034136, 0.093558, 0.072552, 0.02831, 0.040544, 0.044996, 0.029114, 0.016472, 0.014916, 0.02432, 0.02629, 0.016876, 0.009954, 0.014142, 0.021874, 0.009348, 0.011056, 0.010406, 0.004926, 0.012524, 0.009158, 0.00527, 0.006544, 0.002478, 0.355674
0.08563, 0.06164, 0.086798, 0.04968, 0.033138, 0.028318, 0.037126, 0.044046, 0.02582, 0.01116, 0.018746, 0.015412, 0.012576, 0.021332, 0.014224, 0.014552, 0.016614, 0.015038, 0.008466, 0.005024, 0.011448, 0.006134, 0.0088, 0.007822, 0.004844, 0.355612
0.096038, 0.084856, 0.068978, 0.04542, 0.032838, 0.04004, 0.015826, 0.042612, 0.01859, 0.026718, 0.01968, 0.017218, 0.011604, 0.013686, 0.014506, 0.013888, 0.023182, 0.007644, 0.008546, 0.009498, 0.008508, 0.00873, 0.005452, 0.005892, 0.003116, 0.356934
0.067038, 0.133964, 0.079156, 0.038308, 0.020916, 0.03933, 0.044654, 0.021148, 0.022696, 0.012632, 0.023754, 0.01413, 0.01513, 0.01431, 0.017924, 0.009764, 0.009758, 0.012862, 0.009172, 0.007612, 0.007636, 0.00673, 0.006902, 0.007814, 0.002056, 0.354604
0.039574, 0.090886, 0.091684, 0.047942, 0.03657, 0.046454, 0.027904, 0.035188, 0.014218, 0.01918, 0.025122, 0.020612, 0.030656, 0.014418, 0.013538, 0.012896, 0.014948, 0.015714, 0.011626, 0.006732, 0.006022, 0.003708, 0.006888, 0.008538, 0.003454, 0.355528
0.121004, 0.095166, 0.064052, 0.065148, 0.016032, 0.042246, 0.02913, 0.01743, 0.016202, 0.024952, 0.01621, 0.012546, 0.014544, 0.022696, 0.008388, 0.013944, 0.009304, 0.011262, 0.009826, 0.008568, 0.008044, 0.00285, 0.006064, 0.004158, 0.004398, 0.355836
0.118654, 0.065616, 0.079988, 0.054982, 0.028296, 0.021574, 0.03916, 0.01538, 0.01153, 0.017892, 0.011368, 0.01529, 0.022492, 0.015332, 0.020706, 0.013486, 0.019638, 0.013762, 0.012824, 0.009892, 0.006734, 0.00879, 0.01025, 0.007322, 0.003964, 0.355078
0.090276, 0.113996, 0.06709, 0.057604, 0.037732, 0.021792, 0.023672, 0.017704, 0.013606, 0.020376, 0.020272, 0.022246, 0.014622, 0.02306, 0.01546, 0.008368, 0.01558, 0.015558, 0.007956, 0.005976, 0.009236, 0.005854, 0.00716, 0.005818, 0.003306, 0.35568
0.13623, 0.088554, 0.043052, 0.054008, 0.055156, 0.03034, 0.034338, 0.017082, 0.020606, 0.027178, 0.0192, 0.010118, 0.012904, 0.009944, 0.011542, 0.008824, 0.006316, 0.01088, 0.007468, 0.012288, 0.005702, 0.008892, 0.004556, 0.005494, 0.003088, 0.35624
0.084064, 0.171102, 0.05395, 0.03256, 0.025026, 0.033258, 0.01835, 0.01453, 0.017426, 0.024524, 0.01101, 0.016814, 0.0191, 0.021496, 0.013098, 0.01074, 0.006446, 0.012626, 0.011686, 0.011648, 0.009342, 0.007746, 0.005838, 0.006128, 0.004896, 0.356596
0.126162, 0.095284, 0.059224, 0.057488, 0.031692, 0.04084, 0.03311, 0.023676, 0.018794, 0.02542, 0.013528, 0.007598, 0.01662, 0.009542, 0.01259, 0.010406, 0.005932, 0.009, 0.009504, 0.008482, 0.009584, 0.003662, 0.00428, 0.008742, 0.003932, 0.354908
0.099802, 0.102042, 0.024406, 0.029786, 0.02342, 0.04053, 0.049988, 0.042474, 0.020414, 0.01663, 0.020204, 0.023542, 0.018438, 0.021512, 0.013612, 0.012704, 0.011082, 0.01233, 0.01454, 0.008942, 0.006552, 0.007254, 0.007192, 0.011698, 0.005448, 0.355458
0.153176, 0.09402, 0.040126, 0.024836, 0.027612, 0.020786, 0.027124, 0.041128, 0.024032, 0.016228, 0.017218, 0.013694, 0.008878, 0.031294, 0.01417, 0.010116, 0.020562, 0.011444, 0.009534, 0.007764, 0.005308, 0.00654, 0.005534, 0.008178, 0.00444, 0.356258
0.101394, 0.100772, 0.03027, 0.096792, 0.043928, 0.0191, 0.013716, 0.01548, 0.01775, 0.008832, 0.011906, 0.010028, 0.017664, 0.029212, 0.013084, 0.006858, 0.02199, 0.019674, 0.016242, 0.010238, 0.013714, 0.005954, 0.009042, 0.005468, 0.005086, 0.355806
0.125536, 0.069146, 0.070634, 0.05545, 0.028104, 0.02961, 0.033312, 0.028048, 0.017622, 0.018516, 0.011004, 0.023492, 0.013226, 0.016706, 0.0193, 0.005066, 0.015294, 0.009962, 0.010494, 0.008854, 0.007836, 0.01105, 0.00318, 0.008772, 0.004176, 0.35561
0.08577, 0.084196, 0.034418, 0.057914, 0.049006, 0.038428, 0.030036, 0.03394, 0.02532, 0.01312, 0.026374, 0.024584, 0.009664, 0.01552, 0.01469, 0.011904, 0.02271, 0.010026, 0.009164, 0.014032, 0.009086, 0.007106, 0.006592, 0.006254, 0.00459, 0.355556
0.12523, 0.061812, 0.071456, 0.033936, 0.034786, 0.03276, 0.014664, 0.029062, 0.025728, 0.016842, 0.020806, 0.012954, 0.016304, 0.022364, 0.023706, 0.014654, 0.018634, 0.016758, 0.008824, 0.007442, 0.01364, 0.00431, 0.00788, 0.005936, 0.004208, 0.355304
0.11077, 0.115342, 0.05038, 0.038524, 0.041154, 0.021946, 0.033754, 0.018924, 0.024592, 0.017658, 0.024006, 0.012644, 0.018914, 0.014142, 0.014258, 0.011372, 0.008228, 0.014496, 0.010878, 0.005622, 0.009916, 0.00634, 0.00639, 0.009048, 0.00407, 0.356632
0.13924, 0.109958, 0.04048, 0.035414, 0.046818, 0.029076, 0.010412, 0.032014, 0.016118, 0.018622, 0.014872, 0.009148, 0.015248, 0.026618, 0.01445, 0.010634, 0.010568, 0.00983, 0.006666, 0.009122, 0.011546, 0.00758, 0.0056, 0.0097, 0.004626, 0.35564
0.127736, 0.100632, 0.055656, 0.047296, 0.035112, 0.022298, 0.020314, 0.01139, 0.035588, 0.022354, 0.019124, 0.015948, 0.014342, 0.015378, 0.017366, 0.00837, 0.014334, 0.009952, 0.008044, 0.007362, 0.01128, 0.009252, 0.005082, 0.003142, 0.00621, 0.356438
0.122622, 0.030998, 0.05835, 0.054006, 0.041408, 0.030198, 0.04056, 0.040184, 0.014786, 0.023232, 0.023094, 0.016764, 0.01681, 0.014686, 0.020012, 0.019758, 0.012998, 0.011228, 0.008216, 0.010824, 0.011318, 0.006682, 0.0074, 0.005196, 0.003058, 0.355612
0.091092, 0.08916, 0.065708, 0.087374, 0.06069, 0.023182, 0.010278, 0.015362, 0.012652, 0.012518, 0.012118, 0.01858, 0.019832, 0.020492, 0.0128, 0.010482, 0.011764, 0.022984, 0.009444, 0.004828, 0.007868, 0.0078, 0.008216, 0.00532, 0.003392, 0.356064
0.101824, 0.070244, 0.094768, 0.05453, 0.024992, 0.017128, 0.033024, 0.021638, 0.024018, 0.020268, 0.012114, 0.028418, 0.021848, 0.011018, 0.014792, 0.009892, 0.007894, 0.01025, 0.010016, 0.01359, 0.009324, 0.014244, 0.007576, 0.004878, 0.005828, 0.355884
0.122332, 0.103312, 0.046062, 0.051222, 0.028952, 0.03477, 0.01917, 0.031898, 0.026376, 0.016564, 0.01939, 0.019776, 0.015634, 0.014694, 0.01394, 0.01232, 0.013298, 0.009222, 0.007334, 0.00662, 0.004798, 0.005276, 0.00502, 0.009588, 0.006826, 0.355606
0.113856, 0.089342, 0.048558, 0.025286, 0.016126, 0.050676, 0.034072, 0.027706, 0.023662, 0.025024, 0.025456, 0.01617, 0.024114, 0.00726, 0.014482, 0.020284, 0.013056, 0.011102, 0.01259, 0.012892, 0.006244, 0.007956, 0.006388, 0.007634, 0.003508, 0.356556
0.07203, 0.136178, 0.050812, 0.05014, 0.040232, 0.022044, 0.024648, 0.03492, 0.023232, 0.010744, 0.010866, 0.017864, 0.01397, 0.028036, 0.01945, 0.012304, 0.019948, 0.011446, 0.010218, 0.00943, 0.006216, 0.006442, 0.005424, 0.005082, 0.002794, 0.35553
0.116418, 0.101608, 0.07759, 0.01522, 0.020592, 0.02785, 0.047432, 0.017948, 0.013898, 0.025026, 0.01335, 0.012982, 0.024338, 0.023474, 0.010708, 0.014942, 0.013384, 0.00901, 0.008026, 0.009732, 0.006436, 0.008486, 0.007042, 0.0137, 0.005186, 0.355622
0.12427, 0.103946, 0.04019, 0.037972, 0.045078, 0.017222, 0.0193, 0.031526, 0.008176, 0.013164, 0.016594, 0.025426, 0.016068, 0.02959, 0.015332, 0.013096, 0.017556, 0.011888, 0.010666, 0.015772, 0.009968, 0.007908, 0.00485, 0.006838, 0.002924, 0.35468
0.14758, 0.10753, 0.02569, 0.035044, 0.027238, 0.02525, 0.02647, 0.014842, 0.016322, 0.029698, 0.02055, 0.01238, 0.019918, 0.021338, 0.01457, 0.013566, 0.013524, 0.016638, 0.011674, 0.00661, 0.012764, 0.005484, 0.007182, 0.007674, 0.004772, 0.355692
0.0742, 0.099578, 0.106338, 0.04747, 0.037364, 0.018572, 0.027998, 0.021662, 0.020524, 0.016408, 0.019184, 0.019588, 0.019044, 0.021976, 0.012032, 0.007546, 0.013792, 0.010702, 0.008854, 0.007978, 0.007718, 0.009326, 0.005908, 0.006032, 0.004988, 0.355218
0.101022, 0.101706, 0.038042, 0.06859, 0.019066, 0.026866, 0.02738, 0.02318, 0.01788, 0.025104, 0.00624, 0.031842, 0.022156, 0.014774, 0.021388, 0.021204, 0.010282, 0.01459, 0.011542, 0.008572, 0.00609, 0.008442, 0.009098, 0.004296, 0.004606, 0.356042
0.131712, 0.079668, 0.069258, 0.030852, 0.029316, 0.01851, 0.015886, 0.019884, 0.018716, 0.025308, 0.022052, 0.020178, 0.018602, 0.024914, 0.019414, 0.015646, 0.016868, 0.017088, 0.007222, 0.008902, 0.00756, 0.006354, 0.00771, 0.007222, 0.004312, 0.356846
0.092848, 0.080516, 0.1216, 0.033368, 0.04337, 0.034226, 0.014404, 0.020736, 0.021118, 0.021802, 0.013288, 0.011964, 0.009546, 0.01362, 0.028098, 0.015672, 0.011736, 0.006886, 0.01101, 0.007576, 0.007048, 0.006372, 0.007686, 0.004944, 0.004558, 0.356008
0.178422, 0.067098, 0.043774, 0.028554, 0.030204, 0.03872, 0.032882, 0.015304, 0.018434, 0.016778, 0.027286, 0.01256, 0.01926, 0.016804, 0.007244, 0.011704, 0.013858, 0.010452, 0.012152, 0.012258, 0.00699, 0.006398, 0.007418, 0.00541, 0.004896, 0.35514
0.138978, 0.06745, 0.074944, 0.036512, 0.02673, 0.039418, 0.017026, 0.022048, 0.016212, 0.023726, 0.015044, 0.021508, 0.023618, 0.010944, 0.011584, 0.01417, 0.01389, 0.015748, 0.011346, 0.01191, 0.009076, 0.008698, 0.007526, 0.002666, 0.003242, 0.355986
0.125536, 0.085222, 0.046632, 0.058786, 0.028152, 0.025436, 0.029708, 0.02004, 0.016836, 0.016964, 0.021626, 0.012918, 0.015358, 0.026274, 0.015806, 0.008352, 0.01115, 0.022646, 0.009886, 0.007782, 0.010808, 0.006262, 0.007264, 0.008188, 0.006658, 0.35571
0.119516, 0.085434, 0.04085, 0.049846, 0.035592, 0.057574, 0.021616, 0.017794, 0.010456, 0.030252, 0.017534, 0.011944, 0.018302, 0.012958, 0.015194, 0.024196, 0.011224, 0.013056, 0.012676, 0.00657, 0.010668, 0.00397, 0.00573, 0.007552, 0.003742, 0.355754
0.122094, 0.084666, 0.048126, 0.077324, 0.020002, 0.022186, 0.041882, 0.020936, 0.012426, 0.0153, 0.014816, 0.015336, 0.024854, 0.019086, 0.017048, 0.01642, 0.0085, 0.011268, 0.013722, 0.00868, 0.007128, 0.007122, 0.006744, 0.005298, 0.004288, 0.354748
0.125244, 0.091778, 0.052384, 0.037738, 0.033174, 0.038026, 0.027678, 0.012434, 0.016008, 0.020212, 0.019126, 0.016638, 0.014784, 0.025824, 0.023114, 0.012974, 0.00643, 0.009926, 0.013746, 0.007928, 0.01282, 0.00644, 0.005936, 0.009076, 0.005018, 0.355544
0.120848, 0.108282, 0.056222, 0.027616, 0.046644, 0.024762, 0.029866, 0.023688, 0.022264, 0.020482, 0.014928, 0.02517, 0.010596, 0.01725, 0.009914, 0.018964, 0.009248, 0.012862, 0.010212, 0.0099, 0.008102, 0.002988, 0.004096, 0.006896, 0.002814, 0.355386
0.105884, 0.089386, 0.04611, 0.07332, 0.0308, 0.027336, 0.039564, 0.030972, 0.02804, 0.01196, 0.012718, 0.01157, 0.011056, 0.016172, 0.015476, 0.016864, 0.013976, 0.011656, 0.011886, 0.007014, 0.008102, 0.007048, 0.005342, 0.00825, 0.004038, 0.35546
0.116426, 0.103068, 0.062078, 0.045394, 0.019896, 0.022274, 0.028552, 0.02809, 0.0218, 0.023068, 0.016218, 0.017142, 0.01806, 0.023536, 0.01454, 0.009402, 0.01379, 0.009106, 0.009808, 0.008364, 0.010826, 0.005574, 0.007226, 0.006352, 0.004378, 0.355032
0.114844, 0.080852, 0.040676, 0.067634, 0.01679, 0.033118, 0.023894, 0.033562, 0.007394, 0.02501, 0.014346, 0.028572, 0.019256, 0.030976, 0.012422, 0.014606, 0.012522, 0.012882, 0.01181, 0.00774, 0.005078, 0.008094, 0.01027, 0.007868, 0.004478, 0.355306
0.095574, 0.071608, 0.046026, 0.049584, 0.048476, 0.038516, 0.020792, 0.028238, 0.01563, 0.025894, 0.014586, 0.017958, 0.037336, 0.028684, 0.018374, 0.012914, 0.01823, 0.008468, 0.006164, 0.007352, 0.004984, 0.007588, 0.010162, 0.007066, 0.003714, 0.356082
0.125724, 0.07882, 0.036296, 0.025304, 0.054916, 0.028156, 0.049322, 0.030134, 0.019536, 0.015194, 0.013142, 0.02303, 0.023084, 0.01057, 0.018888, 0.016518, 0.010496, 0.008316, 0.01191, 0.005184, 0.005522, 0.009138, 0.007626, 0.009656, 0.006722, 0.356796
0.088618, 0.095894, 0.084192, 0.054054, 0.023112, 0.026194, 0.026018, 0.020728, 0.023768, 0.020228, 0.020526, 0.01738, 0.018048, 0.02091, 0.015696, 0.013464, 0.009384, 0.013712, 0.008604, 0.009342, 0.009666, 0.006992, 0.00362, 0.008468, 0.005128, 0.356254
0.085004, 0.101544, 0.053186, 0.069554, 0.019802, 0.035496, 0.028502, 0.012078, 0.019094, 0.013678, 0.02961, 0.013688, 0.037426, 0.017518, 0.014984, 0.006344, 0.025456, 0.012542, 0.00732, 0.007398, 0.004186, 0.01114, 0.008196, 0.008638, 0.002714, 0.354902
0.103766, 0.092488, 0.051934, 0.038628, 0.031122, 0.025476, 0.019524, 0.02299, 0.018158, 0.021958, 0.03221, 0.017442, 0.014774, 0.02198, 0.019086, 0.018994, 0.017514, 0.020662, 0.013308, 0.00973, 0.007934, 0.008544, 0.007396, 0.004722, 0.004266, 0.355394
0.110726, 0.070718, 0.076322, 0.042066, 0.02289, 0.036692, 0.029274, 0.017832, 0.02551, 0.018124, 0.024878, 0.018026, 0.013846, 0.024438, 0.01322, 0.021424, 0.012386, 0.01204, 0.006506, 0.006896, 0.01242, 0.008432, 0.006574, 0.007244, 0.004522, 0.356994
0.093946, 0.050098, 0.076978, 0.037364, 0.035696, 0.03046, 0.021798, 0.028392, 0.022568, 0.032146, 0.025628, 0.013148, 0.022396, 0.018692, 0.021468, 0.030944, 0.015922, 0.014932, 0.007174, 0.010328, 0.00652, 0.00614, 0.008502, 0.007298, 0.006726, 0.354736
0.116162, 0.083398, 0.0727, 0.037162, 0.051224, 0.028816, 0.033508, 0.026858, 0.017418, 0.019066, 0.008662, 0.015708, 0.01217, 0.011414, 0.011712, 0.01458, 0.011354, 0.009082, 0.016146, 0.008856, 0.01134, 0.010688, 0.006486, 0.005886, 0.003586, 0.356018
0.062724, 0.1118, 0.093472, 0.039854, 0.016432, 0.04268, 0.047894, 0.031774, 0.015272, 0.02417, 0.0112, 0.01597, 0.015834, 0.020038, 0.015274, 0.015194, 0.011622, 0.014156, 0.006804, 0.005482, 0.00731, 0.004274, 0.00883, 0.004538, 0.002526, 0.354876
0.104354, 0.074932, 0.083164, 0.04199, 0.04058, 0.036632, 0.020654, 0.014428, 0.017218, 0.026844, 0.016786, 0.017526, 0.019868, 0.015646, 0.021974, 0.015464, 0.008418, 0.010316, 0.01072, 0.00685, 0.012472, 0.006426, 0.008194, 0.008168, 0.006128, 0.354248
0.09704, 0.115488, 0.078484, 0.048512, 0.023724, 0.03926, 0.034928, 0.024438, 0.01527, 0.023326, 0.010824, 0.013904, 0.010184, 0.01157, 0.011408, 0.015146, 0.010898, 0.010534, 0.012328, 0.009312, 0.005872, 0.00798, 0.008588, 0.00405, 0.001952, 0.35498
0.098074, 0.117266, 0.08589, 0.02203, 0.022744, 0.016188, 0.042444, 0.0124, 0.014716, 0.022522, 0.027968, 0.019146, 0.015744, 0.017666, 0.02655, 0.008496, 0.016386, 0.011112, 0.010774, 0.007754, 0.004654, 0.009164, 0.007928, 0.004212, 0.002912, 0.35526
0.12781, 0.053548, 0.062092, 0.026114, 0.038958, 0.025074, 0.0424, 0.029552, 0.024576, 0.018122, 0.02068, 0.02172, 0.01468, 0.019644, 0.02101, 0.011136, 0.018496, 0.01789, 0.009164, 0.00618, 0.006914, 0.008708, 0.006044, 0.007312, 0.006166, 0.35601
0.073264, 0.106784, 0.059454, 0.054566, 0.052848, 0.03502, 0.050276, 0.014572, 0.01485, 0.028382, 0.010892, 0.015616, 0.010338, 0.013708, 0.013778, 0.01539, 0.015172, 0.009108, 0.008256, 0.006566, 0.00557, 0.008182, 0.008546, 0.009276, 0.004068, 0.355518
0.103492, 0.094376, 0.08316, 0.033526, 0.030494, 0.037796, 0.033952, 0.024874, 0.017078, 0.01229, 0.018862, 0.011644, 0.009038, 0.022078, 0.00938, 0.013446, 0.019706, 0.01539, 0.011966, 0.009736, 0.01076, 0.00402, 0.00768, 0.00397, 0.004262, 0.357024
0.063676, 0.111428, 0.058376, 0.05338, 0.01314, 0.02928, 0.055704, 0.016682, 0.025762, 0.019146, 0.027268, 0.021594, 0.031116, 0.016924, 0.021364, 0.011344, 0.016246, 0.010134, 0.007808, 0.00621, 0.008356, 0.003608, 0.00369, 0.006104, 0.006104, 0.355556
0.076192, 0.123308, 0.042232, 0.026468, 0.02755, 0.03684, 0.062866, 0.035416, 0.024194, 0.018174, 0.02182, 0.021284, 0.011968, 0.015144, 0.012572, 0.01129, 0.008096, 0.008286, 0.01921, 0.009058, 0.008792, 0.008118, 0.006586, 0.00564, 0.003348, 0.355548
0.07828, 0.10702, 0.075164, 0.06232, 0.034954, 0.021136, 0.017568, 0.01773, 0.01167, 0.023354, 0.018198, 0.011388, 0.02085, 0.037876, 0.0138, 0.01768, 0.012578, 0.020616, 0.006664, 0.007112, 0.006542, 0.004538, 0.006582, 0.005336, 0.004656, 0.356388
0.091308, 0.08018, 0.101332, 0.037016, 0.039632, 0.035064, 0.028516, 0.012784, 0.025902, 0.01177, 0.020526, 0.007932, 0.033256, 0.021474, 0.015904, 0.010588, 0.014634, 0.011176, 0.007752, 0.008368, 0.007562, 0.005316, 0.006196, 0.004954, 0.005214, 0.355644
0.132518, 0.074386, 0.057594, 0.033356, 0.058338, 0.014304, 0.04559, 0.028092, 0.01999, 0.01839, 0.016596, 0.020922, 0.016216, 0.011332, 0.01003, 0.008928, 0.016948, 0.010436, 0.009748, 0.008676, 0.00785, 0.009162, 0.005902, 0.005442, 0.003418, 0.355836
0.122506, 0.107686, 0.026512, 0.04157, 0.038316, 0.058776, 0.023114, 0.02466, 0.018204, 0.012494, 0.020522, 0.010908, 0.012452, 0.013694, 0.0233, 0.013602, 0.015038, 0.010722, 0.00921, 0.009286, 0.009434, 0.008762, 0.003794, 0.005316, 0.004878, 0.355244
0.138628, 0.104594, 0.066672, 0.01723, 0.035068, 0.024662, 0.018778, 0.017136, 0.023998, 0.035838, 0.012282, 0.014362, 0.01279, 0.017928, 0.013898, 0.010848, 0.01642, 0.010216, 0.009758, 0.008214, 0.012174, 0.003924, 0.007278, 0.007816, 0.004244, 0.355244
0.095308, 0.102318, 0.038478, 0.046714, 0.041842, 0.018678, 0.062318, 0.02864, 0.017712, 0.019346, 0.014114, 0.014932, 0.023512, 0.011258, 0.018084, 0.014488, 0.01846, 0.006224, 0.00628, 0.009598, 0.009302, 0.008256, 0.006066, 0.006764, 0.004586, 0.356722
0.076108, 0.108244, 0.090364, 0.034406, 0.037752, 0.035064, 0.030408, 0.02083, 0.011212, 0.034406, 0.01612, 0.017552, 0.008508, 0.02008, 0.011096, 0.01016, 0.011808, 0.013884, 0.013106, 0.00486, 0.01106, 0.009642, 0.008594, 0.006686, 0.002332, 0.355718
0.10351, 0.08646, 0.054196, 0.038448, 0.026158, 0.040668, 0.027838, 0.04067, 0.010306, 0.016448, 0.01651, 0.01889, 0.014076, 0.0352, 0.016044, 0.014294, 0.013074, 0.011188, 0.017696, 0.006682, 0.010632, 0.005146, 0.006216, 0.00733, 0.006948, 0.355372
0.126114, 0.058592, 0.047846, 0.074162, 0.038362, 0.028978, 0.028548, 0.016518, 0.01728, 0.023978, 0.026506, 0.017846, 0.013414, 0.02311, 0.013868, 0.01242, 0.008952, 0.015482, 0.007722, 0.011692, 0.010304, 0.00924, 0.005594, 0.00533, 0.00297, 0.355172
0.142438, 0.08937, 0.048634, 0.045434, 0.045696, 0.03093, 0.019912, 0.01557, 0.01827, 0.030392, 0.01582, 0.013292, 0.013424, 0.021718, 0.008562, 0.009622, 0.007528, 0.013058, 0.007996, 0.012332, 0.011044, 0.00681, 0.007452, 0.00607, 0.003428, 0.355198
0.123818, 0.106044, 0.042182, 0.038402, 0.02582, 0.01912, 0.03223, 0.022998, 0.018292, 0.017882, 0.013124, 0.017596, 0.017466, 0.032972, 0.023914, 0.010742, 0.010524, 0.015566, 0.013098, 0.011306, 0.011002, 0.004776, 0.005736, 0.005528, 0.004456, 0.355406
0.106282, 0.107256, 0.09559, 0.03876, 0.024248, 0.03345, 0.013374, 0.041306, 0.018984, 0.021164, 0.020114, 0.009568, 0.013928, 0.013436, 0.016332, 0.014416, 0.00687, 0.00757, 0.007714, 0.007354, 0.00672, 0.004428, 0.006108, 0.005412, 0.003646, 0.35597
0.1142, 0.094558, 0.077658, 0.03093, 0.03954, 0.05418, 0.025386, 0.00683, 0.01627, 0.027412, 0.009692, 0.018026, 0.026624, 0.01728, 0.007466, 0.009706, 0.012604, 0.007508, 0.011322, 0.004964, 0.009926, 0.006048, 0.005676, 0.003126, 0.006744, 0.356324
0.112486, 0.086036, 0.055474, 0.05949, 0.03038, 0.012024, 0.041128, 0.03161, 0.027844, 0.025186, 0.009586, 0.00807, 0.014154, 0.01554, 0.019258, 0.017244, 0.012336, 0.008818, 0.014814, 0.010716, 0.005628, 0.009634, 0.005606, 0.007456, 0.003502, 0.35598
0.11485, 0.092596, 0.058132, 0.048384, 0.029774, 0.031096, 0.026488, 0.037278, 0.009108, 0.015862, 0.013794, 0.01786, 0.017386, 0.022196, 0.020356, 0.017996, 0.006646, 0.01318, 0.006006, 0.007296, 0.006738, 0.010312, 0.009678, 0.007738, 0.003514, 0.355736
0.067756, 0.065906, 0.09962, 0.038878, 0.070066, 0.045756, 0.02975, 0.023176, 0.021596, 0.028828, 0.012074, 0.012292, 0.020324, 0.022982, 0.018206, 0.005094, 0.011426, 0.007664, 0.004396, 0.006278, 0.005772, 0.00876, 0.005904, 0.007574, 0.004272, 0.35565
0.13935, 0.039876, 0.058222, 0.08896, 0.0354, 0.01956, 0.04494, 0.025718, 0.013288, 0.011776, 0.029294, 0.01655, 0.011846, 0.007838, 0.011836, 0.007988, 0.013598, 0.012254, 0.013524, 0.008234, 0.006384, 0.007858, 0.00843, 0.006282, 0.006698, 0.354296
0.10133, 0.070238, 0.081582, 0.039816, 0.04296, 0.026352, 0.036724, 0.027654, 0.014004, 0.024768, 0.01177, 0.017928, 0.018382, 0.024268, 0.010432, 0.011334, 0.010912, 0.012174, 0.011944, 0.014192, 0.00934, 0.00559, 0.006726, 0.008998, 0.00416, 0.356422
0.134936, 0.080988, 0.039614, 0.030236, 0.037182, 0.044066, 0.014358, 0.034306, 0.02873, 0.015946, 0.009498, 0.012994, 0.029116, 0.01736, 0.020512, 0.016436, 0.010254, 0.013356, 0.007528, 0.008018, 0.009906, 0.008696, 0.007128, 0.007848, 0.004414, 0.356574
0.111972, 0.10488, 0.031024, 0.065218, 0.019622, 0.0214, 0.027222, 0.021968, 0.029858, 0.018086, 0.01613, 0.02068, 0.016896, 0.016412, 0.03211, 0.00969, 0.007916, 0.013546, 0.017176, 0.006014, 0.01071, 0.00625, 0.0063, 0.008546, 0.00506, 0.355314
0.133252, 0.077986, 0.060732, 0.04084, 0.029198, 0.036596, 0.027854, 0.031972, 0.020102, 0.012388, 0.010826, 0.022652, 0.01121, 0.016766, 0.012826, 0.030106, 0.006886, 0.013894, 0.010556, 0.005218, 0.007938, 0.007918, 0.007122, 0.0058, 0.004264, 0.355098
0.112234, 0.117768, 0.07187, 0.026694, 0.06486, 0.021584, 0.017428, 0.020946, 0.019518, 0.020688, 0.00844, 0.016588, 0.021074, 0.013918, 0.0132, 0.010398, 0.014438, 0.011052, 0.004594, 0.007952, 0.007914, 0.006862, 0.006346, 0.005784, 0.001998, 0.355852
0.146662, 0.05724, 0.073766, 0.049626, 0.026652, 0.024678, 0.030982, 0.035366, 0.006736, 0.02197, 0.013626, 0.025902, 0.01305, 0.015858, 0.01087, 0.00906, 0.014386, 0.010686, 0.014556, 0.009638, 0.011208, 0.007182, 0.007578, 0.004646, 0.00253, 0.355546
0.143492, 0.068604, 0.085968, 0.021738, 0.017564, 0.029642, 0.026368, 0.03024, 0.01817, 0.015578, 0.016762, 0.019436, 0.016444, 0.018176, 0.021132, 0.009844, 0.013356, 0.01801, 0.009466, 0.00425, 0.01032, 0.00862, 0.00933, 0.007974, 0.004658, 0.354858
0.090072, 0.072112, 0.078102, 0.039638, 0.038592, 0.030654, 0.031176, 0.033978, 0.015244, 0.0188, 0.014138, 0.012466, 0.020764, 0.013776, 0.0213, 0.031482, 0.00828, 0.012988, 0.01238, 0.009214, 0.007224, 0.007682, 0.008726, 0.009758, 0.004768, 0.356686
0.09406, 0.068536, 0.067918, 0.084276, 0.021988, 0.03373, 0.03116, 0.028206, 0.02551, 0.007604, 0.015038, 0.01571, 0.017414, 0.01487, 0.020254, 0.013348, 0.013684, 0.01245, 0.010436, 0.010474, 0.011154, 0.007328, 0.008414, 0.00625, 0.004632, 0.355556
0.14136, 0.090794, 0.051966, 0.046832, 0.02131, 0.036952, 0.015894, 0.026782, 0.023988, 0.017016, 0.03042, 0.01215, 0.017342, 0.019592, 0.017376, 0.014422, 0.007628, 0.008506, 0.007048, 0.00914, 0.00771, 0.00242, 0.006154, 0.006896, 0.003248, 0.357054
0.107444, 0.092482, 0.062156, 0.05911, 0.036904, 0.029596, 0.018244, 0.037608, 0.018342, 0.018422, 0.009264, 0.01719, 0.010324, 0.017334, 0.018708, 0.00922, 0.009724, 0.022796, 0.010856, 0.006754, 0.004716, 0.006902, 0.007946, 0.00682, 0.00569, 0.355448
0.069082, 0.11111, 0.107382, 0.028886, 0.027784, 0.033072, 0.04141, 0.02036, 0.016636, 0.017708, 0.01864, 0.0185, 0.014144, 0.01345, 0.016826, 0.0084, 0.008886, 0.015068, 0.014084, 0.008968, 0.009122, 0.005, 0.008178, 0.005792, 0.0058, 0.355712
0.0868, 0.135272, 0.071622, 0.03798, 0.019182, 0.035222, 0.021558, 0.020642, 0.022168, 0.016768, 0.023636, 0.025346, 0.014378, 0.017052, 0.014042, 0.014732, 0.012682, 0.01475, 0.00538, 0.006176, 0.008474, 0.00615, 0.004288, 0.005846, 0.004062, 0.355792
0.128334, 0.078636, 0.064494, 0.06728, 0.029608, 0.0294, 0.030756, 0.01564, 0.00723, 0.017636, 0.013082, 0.016518, 0.009324, 0.020084, 0.01659, 0.0255, 0.01095, 0.011628, 0.01195, 0.01002, 0.00779, 0.00452, 0.006532, 0.009284, 0.00191, 0.355304
0.081404, 0.099734, 0.088228, 0.044922, 0.021286, 0.037216, 0.023844, 0.03061, 0.010886, 0.023414, 0.02251, 0.022262, 0.014128, 0.023306, 0.015028, 0.00865, 0.011988, 0.01654, 0.009136, 0.009934, 0.005284, 0.00656, 0.006932, 0.005194, 0.005314, 0.35569
0.122894, 0.131312, 0.043514, 0.038856, 0.019102, 0.025566, 0.027162, 0.02745, 0.024798, 0.020296, 0.020884, 0.012662, 0.013344, 0.019632, 0.009508, 0.010702, 0.012098, 0.014702, 0.010558, 0.00838, 0.006722, 0.006932, 0.004202, 0.008566, 0.00451, 0.355648
0.083478, 0.094184, 0.055838, 0.05796, 0.039742, 0.02347, 0.022318, 0.042268, 0.02489, 0.019106, 0.00932, 0.009026, 0.016418, 0.020504, 0.022942, 0.023066, 0.007568, 0.017614, 0.00899, 0.01466, 0.006354, 0.008392, 0.006502, 0.006932, 0.0036, 0.354858
0.102926, 0.097634, 0.052166, 0.073156, 0.023356, 0.023362, 0.011578, 0.03689, 0.02524, 0.025932, 0.02878, 0.0129, 0.012188, 0.01337, 0.015086, 0.017666, 0.00797, 0.007758, 0.008674, 0.013524, 0.00557, 0.00768, 0.008082, 0.00764, 0.005354, 0.355518
0.115312, 0.062876, 0.054198, 0.061472, 0.032382, 0.02016, 0.02447, 0.035194, 0.023858, 0.025376, 0.01828, 0.029646, 0.015284, 0.013866, 0.012126, 0.016076, 0.008448, 0.015458, 0.009616, 0.006572, 0.007388, 0.01252, 0.007362, 0.011516, 0.00559, 0.354954
0.106328, 0.119068, 0.068162, 0.025616, 0.018536, 0.03754, 0.015678, 0.046286, 0.016084, 0.017362, 0.017408, 0.026458, 0.013856, 0.012124, 0.014522, 0.0084, 0.020754, 0.010574, 0.008264, 0.008052, 0.00969, 0.006706, 0.00471, 0.008474, 0.00399, 0.355358
0.0853, 0.107276, 0.039044, 0.030978, 0.046956, 0.025808, 0.046558, 0.021826, 0.024806, 0.013996, 0.012272, 0.01273, 0.017798, 0.036496, 0.02584, 0.014478, 0.009612, 0.008236, 0.010838, 0.01361, 0.009968, 0.008634, 0.011036, 0.007088, 0.00388, 0.354936
0.114402, 0.084372, 0.063626, 0.046732, 0.042506, 0.038846, 0.032522, 0.023662, 0.01699, 0.013584, 0.01447, 0.016738, 0.016174, 0.014924, 0.015728, 0.01325, 0.014844, 0.01002, 0.006034, 0.008926, 0.010858, 0.007176, 0.008076, 0.006694, 0.00327, 0.355576
0.114444, 0.089682, 0.080084, 0.029568, 0.037268, 0.019784, 0.028146, 0.031226, 0.01421, 0.010688, 0.016138, 0.01957, 0.025262, 0.0244, 0.016254, 0.012866, 0.012414, 0.01603, 0.01186, 0.006608, 0.006874, 0.00576, 0.003728, 0.007402, 0.004484, 0.35525
0.127346, 0.039188, 0.07349, 0.063126, 0.04342, 0.037308, 0.024046, 0.027094, 0.014524, 0.015342, 0.024774, 0.009806, 0.017222, 0.019464, 0.017686, 0.009824, 0.01799, 0.008344, 0.008248, 0.01382, 0.009444, 0.006462, 0.004862, 0.006972, 0.00498, 0.355218
0.08635, 0.066172, 0.052194, 0.06969, 0.033356, 0.02331, 0.029276, 0.041882, 0.023558, 0.021914, 0.029828, 0.011264, 0.01849, 0.019398, 0.014884, 0.019048, 0.015824, 0.018938, 0.01034, 0.00941, 0.006482, 0.00544, 0.006598, 0.007254, 0.003568, 0.355532
0.114318, 0.148262, 0.044966, 0.01956, 0.018228, 0.020822, 0.02501, 0.026882, 0.02636, 0.037704, 0.024388, 0.00784, 0.026338, 0.009782, 0.008882, 0.0101, 0.017024, 0.007878, 0.01103, 0.006992, 0.008962, 0.00536, 0.006616, 0.00603, 0.005386, 0.35528
0.06485, 0.085782, 0.070056, 0.04367, 0.015954, 0.043154, 0.04176, 0.020306, 0.02459, 0.04082, 0.021246, 0.02135, 0.020184, 0.018484, 0.01446, 0.015064, 0.010664, 0.015144, 0.007038, 0.010354, 0.0067, 0.013852, 0.007888, 0.007324, 0.004412, 0.354894
0.161442, 0.096124, 0.03583, 0.03947, 0.032074, 0.041208, 0.033216, 0.018216, 0.01197, 0.0087, 0.025368, 0.014968, 0.01313, 0.015904, 0.009012, 0.015094, 0.010262, 0.013946, 0.01118, 0.00564, 0.007592, 0.00686, 0.007724, 0.005732, 0.004574, 0.354764
0.114976, 0.068726, 0.078716, 0.052816, 0.037224, 0.023882, 0.047134, 0.018612, 0.013698, 0.01335, 0.014452, 0.00948, 0.026676, 0.02007, 0.015332, 0.014844, 0.01122, 0.01219, 0.011538, 0.006078, 0.008318, 0.005008, 0.005732, 0.00793, 0.00629, 0.355708
0.099754, 0.081932, 0.070656, 0.041536, 0.041626, 0.034784, 0.036956, 0.017526, 0.02466, 0.02208, 0.018582, 0.023414, 0.012352, 0.012782, 0.017894, 0.014832, 0.015028, 0.011676, 0.00606, 0.003898, 0.008144, 0.008844, 0.007936, 0.00707, 0.004168, 0.35581
0.054682, 0.110048, 0.079262, 0.042152, 0.026188, 0.064104, 0.04775, 0.017736, 0.014104, 0.016934, 0.011508, 0.018832, 0.009266, 0.01946, 0.013712, 0.012798, 0.018228, 0.011412, 0.017258, 0.009086, 0.009264, 0.004428, 0.005752, 0.006222, 0.003808, 0.356006
0.142756, 0.111734, 0.02562, 0.065018, 0.026834, 0.031268, 0.026082, 0.017238, 0.022962, 0.01481, 0.014924, 0.018756, 0.019678, 0.015716, 0.008252, 0.008004, 0.01005, 0.014408, 0.00611, 0.009442, 0.008208, 0.007818, 0.007934, 0.00668, 0.005048, 0.35465
0.09866, 0.099466, 0.073074, 0.04912, 0.028754, 0.021578, 0.031878, 0.02781, 0.022504, 0.01884, 0.013468, 0.011274, 0.020916, 0.02263, 0.021522, 0.021002, 0.010188, 0.009228, 0.005336, 0.007428, 0.008898, 0.006308, 0.005628, 0.004218, 0.004266, 0.356006
0.076588, 0.083072, 0.095588, 0.031756, 0.053418, 0.025898, 0.042772, 0.03263, 0.013674, 0.017424, 0.012946, 0.026732, 0.01232, 0.021482, 0.01048, 0.012078, 0.00601, 0.010072, 0.008642, 0.009814, 0.013436, 0.008488, 0.00665, 0.00773, 0.00435, 0.35595
0.063104, 0.07918, 0.099234, 0.036104, 0.034868, 0.048242, 0.052284, 0.023058, 0.011368, 0.016506, 0.012484, 0.017156, 0.02043, 0.023844, 0.015486, 0.007698, 0.007164, 0.012422, 0.01511, 0.010366, 0.009604, 0.00842, 0.006118, 0.009168, 0.004276, 0.356306
0.12563, 0.06539, 0.04838, 0.055384, 0.027618, 0.032598, 0.021246, 0.022644, 0.023176, 0.018864, 0.02179, 0.018844, 0.027214, 0.016762, 0.010156, 0.032532, 0.011978, 0.011352, 0.00996, 0.008248, 0.008634, 0.006486, 0.009288, 0.006668, 0.004066, 0.355092
0.12964, 0.043274, 0.08744, 0.033422, 0.042774, 0.034734, 0.032194, 0.02337, 0.013388, 0.016244, 0.01867, 0.031366, 0.008618, 0.022792, 0.016376, 0.011348, 0.01631, 0.00791, 0.00985, 0.01041, 0.00842, 0.005388, 0.00685, 0.009532, 0.00472, 0.35496
0.076912, 0.117306, 0.07563, 0.023588, 0.044026, 0.029402, 0.032066, 0.028732, 0.015812, 0.017064, 0.015088, 0.025406, 0.01977, 0.02067, 0.01631, 0.01612, 0.011704, 0.007208, 0.01024, 0.00707, 0.006404, 0.006884, 0.005526, 0.009124, 0.004568, 0.35737
0.160504, 0.077234, 0.061816, 0.03478, 0.043416, 0.034256, 0.034296, 0.02398, 0.007038, 0.015664, 0.016032, 0.019178, 0.014246, 0.010732, 0.010724, 0.01288, 0.010408, 0.012388, 0.009666, 0.006126, 0.006962, 0.005038, 0.00629, 0.006784, 0.004518, 0.355044
0.121674, 0.090658, 0.124228, 0.032072, 0.024976, 0.026228, 0.014724, 0.016154, 0.013158, 0.015156, 0.010864, 0.02201, 0.01522, 0.013428, 0.015174, 0.008754, 0.01469, 0.01206, 0.01319, 0.009078, 0.0076, 0.007102, 0.007478, 0.005116, 0.004098, 0.35511
0.14738, 0.083984, 0.060288, 0.036026, 0.034568, 0.025696, 0.027488, 0.02241, 0.019656, 0.009138, 0.014836, 0.012542, 0.02018, 0.024922, 0.01957, 0.014136, 0.00781, 0.00979, 0.010456, 0.009, 0.00954, 0.006378, 0.008482, 0.005034, 0.005068, 0.355622
0.098312, 0.093292, 0.086124, 0.039206, 0.038822, 0.044128, 0.022954, 0.014316, 0.020104, 0.015158, 0.01568, 0.020552, 0.011242, 0.021012, 0.006502, 0.01402, 0.01704, 0.010076, 0.015092, 0.00769, 0.00716, 0.007728, 0.007306, 0.005192, 0.005526, 0.355766
0.13133, 0.060044, 0.048998, 0.067916, 0.042708, 0.016744, 0.03184, 0.033054, 0.013346, 0.020556, 0.01533, 0.011866, 0.014368, 0.022446, 0.011452, 0.015854, 0.014708, 0.01391, 0.012004, 0.013024, 0.007734, 0.00899, 0.00582, 0.005308, 0.005272, 0.355378
0.125654, 0.073832, 0.032398, 0.022008, 0.045534, 0.034478, 0.049134, 0.020678, 0.015124, 0.017148, 0.01358, 0.026382, 0.022078, 0.029776, 0.012584, 0.013992, 0.01151, 0.012872, 0.012694, 0.009554, 0.008714, 0.009496, 0.008954, 0.00955, 0.006824, 0.355452
